Sale_ID,Sale_Date,Customer_Name,Customer_Age_Group,Gender,City,State,Item_Name,Category,Original_Price,Discount_Percent,Discounted_Price,Quantity,Payment_Mode,Profit
BF00001,20-08-2024,Nancy Hamilton,46-60,Other,Littleberg,Georgia,How,Toys,4458,42,2585.64,4,UPI,306.35
BF00002,15-09-2024,Jason Cunningham,26-35,Male,Lovemouth,Idaho,Mean,Home Appliances,37309,78,8207.98,4,Debit Card,1605.82
BF00003,13-04-2024,Rebecca Nelson,36-45,Male,Kathrynchester,Arkansas,Also,Electronics,39985,28,28789.2,4,Credit Card,2097.83
BF00004,27-09-2024,Jessica Hull,46-60,Female,New Timothy,Arkansas,Water,Clothing,3746,68,1198.72,1,Credit Card,137.6
BF00005,24-10-2023,Daniel Barnett,60+,Male,Snyderhaven,Arizona,Training,Home Appliances,24030,53,11294.1,1,UPI,2058.74
BF00006,10-05-2024,William Meyer,26-35,Female,North Madison,Iowa,Garden,Electronics,27093,55,12191.85,2,Debit Card,3019.23
BF00007,14-03-2024,Michael Santiago,36-45,Male,Walterfurt,Arizona,Nothing,Beauty,38309,16,32179.56,3,Debit Card,2155.69
BF00008,24-08-2024,Brandi Savage,18-25,Other,Travisport,Wisconsin,Perform,Toys,10383,62,3945.54,3,Credit Card,847
BF00009,10-06-2024,Kendra Krause,46-60,Other,Silvaside,Vermont,Story,Beauty,36114,11,32141.46,2,UPI,4343.94
BF00010,22-01-2024,Travis Camacho,18-25,Female,Susanfort,Kansas,Personal,Toys,44386,32,30182.48,4,UPI,2808.9
BF00011,29-12-2023,Adrian Webb,46-60,Female,Mollystad,Wisconsin,Management,Home Appliances,3151,62,1197.38,3,Credit Card,191.94
BF00012,19-12-2023,Gary Pace,36-45,Other,North Davidside,Missouri,Yeah,Clothing,5029,19,4073.49,1,Cash,673.85
BF00013,19-06-2024,Virginia Beck,26-35,Female,New Rebecca,Colorado,Sometimes,Toys,10776,15,9159.6,4,Debit Card,2170.75
BF00014,22-10-2023,Michael Hernandez,60+,Male,Andrewmouth,South Carolina,Than,Sports,9230,20,7384,2,Credit Card,619.64
BF00015,05-09-2024,Joe Bell,46-60,Female,Scottbury,New Jersey,Catch,Beauty,5874,26,4346.76,4,Credit Card,808.73
BF00016,28-12-2023,Scott Mccarty,26-35,Female,New Bernard,California,Subject,Clothing,8614,15,7321.9,2,Cash,1001.86
BF00017,30-04-2024,Cassandra Nixon,60+,Other,South Christopherbury,Minnesota,Else,Home Appliances,17976,60,7190.4,3,Cash,1052.66
BF00018,26-10-2023,Sandra Knight,46-60,Other,Smithfurt,Minnesota,Turn,Clothing,49287,33,33022.29,2,Gift Card,2920.02
BF00019,31-08-2024,Amanda Patterson,60+,Female,Port Williamton,Arkansas,Huge,Toys,34941,63,12928.17,4,Gift Card,3207.53
BF00020,29-05-2024,Ryan Washington,18-25,Male,Michelleburgh,Florida,Major,Beauty,30866,14,26544.76,3,Cash,1374.44
BF00021,20-10-2023,Paula Miller,46-60,Other,New Gregory,Mississippi,Her,Toys,26808,78,5897.76,3,Gift Card,824.64
BF00022,20-09-2024,Matthew Moreno,46-60,Female,New Dennis,Colorado,Friend,Beauty,28110,11,25017.9,1,Gift Card,5173.71
BF00023,03-01-2024,Regina Stewart,18-25,Other,South Jameschester,Pennsylvania,Ball,Toys,19268,69,5973.08,2,Credit Card,457.91
BF00024,01-11-2023,Joseph Valentine,36-45,Female,North Patriciaburgh,Idaho,Stuff,Electronics,17906,15,15220.1,2,Gift Card,2210.99
BF00025,03-09-2024,Sean Mcdonald,46-60,Female,Simpsonfurt,Iowa,Writer,Sports,13913,43,7930.41,1,Gift Card,1828.34
BF00026,25-08-2024,Frank Swanson,26-35,Other,Port Crystal,North Dakota,Heavy,Home Appliances,46641,64,16790.76,3,Credit Card,3836.91
BF00027,17-08-2024,Michele Huerta,46-60,Female,Lake Willie,Wyoming,Congress,Sports,31570,49,16100.7,3,UPI,1881.77
BF00028,02-12-2023,Christian Stewart,36-45,Other,Andersonshire,Rhode Island,Product,Home Appliances,5000,31,3450,1,Cash,831.75
BF00029,29-01-2024,Valerie Malone,60+,Female,West Kristie,Oklahoma,Similar,Electronics,28957,23,22296.89,3,Credit Card,1266.15
BF00030,30-11-2023,Sabrina Walters,46-60,Female,Brentmouth,Oregon,Yard,Electronics,11663,30,8164.1,1,Credit Card,1276.85
BF00031,23-07-2024,Caitlin Stephens,60+,Male,Floresburgh,California,Whom,Home Appliances,28550,42,16559,4,Cash,1357.79
BF00032,13-09-2024,Jerome Pena,18-25,Female,Port Annland,South Dakota,Fear,Toys,45512,56,20025.28,3,UPI,4743.1
BF00033,18-07-2024,Paul Johnson,18-25,Male,Port Anthony,Hawaii,Along,Beauty,24834,79,5215.14,3,Gift Card,400.13
BF00034,13-09-2024,Timothy Rodriguez,46-60,Male,Port Jasonborough,Indiana,Office,Sports,21604,41,12746.36,1,Credit Card,2515.15
BF00035,08-08-2024,Joseph Stevens Jr.,36-45,Female,Williamsonmouth,West Virginia,His,Electronics,6318,58,2653.56,3,Gift Card,499.01
BF00036,23-01-2024,Lauren Peterson,36-45,Male,North Jenniferville,Wyoming,Feel,Beauty,7214,54,3318.44,3,UPI,479.28
BF00037,03-03-2024,Joseph Wood,26-35,Other,Christopherburgh,North Dakota,Bag,Beauty,31018,63,11476.66,4,UPI,1865.04
BF00038,12-06-2024,Valerie Logan,60+,Other,New Ashley,Utah,Prevent,Toys,1988,46,1073.52,4,Debit Card,123.29
BF00039,03-06-2024,Linda Lynch,36-45,Other,New Courtney,Hawaii,Near,Home Appliances,22251,72,6230.28,3,UPI,462.04
BF00040,13-08-2024,Brian Boyd,60+,Female,Pamelashire,Illinois,Every,Toys,39618,53,18620.46,4,Credit Card,4195.46
BF00041,07-04-2024,Michael Henson,18-25,Other,North Sara,Wyoming,Mr,Beauty,41765,48,21717.8,3,Debit Card,1467.31
BF00042,25-08-2024,Michael Duncan,18-25,Female,East Michael,Kentucky,Individual,Beauty,45081,51,22089.69,3,Credit Card,2121.99
BF00043,11-06-2024,Robert Kane,36-45,Other,Myersport,Minnesota,Drive,Clothing,11576,17,9608.08,1,Credit Card,2360.19
BF00044,14-12-2023,Daniel Johnson,36-45,Female,Ericbury,Tennessee,Building,Clothing,4372,23,3366.44,4,Debit Card,571.73
BF00045,23-08-2024,Troy Short,18-25,Male,Fitzgeraldchester,Delaware,Land,Home Appliances,6486,66,2205.24,3,UPI,247.89
BF00046,13-02-2024,Donna Underwood,60+,Female,Brownton,Missouri,Occur,Clothing,4912,26,3634.88,1,Cash,606.05
BF00047,13-04-2024,David Durham,60+,Male,Barryburgh,Ohio,Individual,Beauty,32588,68,10428.16,3,Cash,2151.16
BF00048,30-10-2023,Elizabeth Reyes,60+,Female,Davisville,Utah,Hold,Beauty,12044,52,5781.12,1,Credit Card,689.15
BF00049,16-01-2024,Jerome Alvarez,60+,Male,New Staceyburgh,Montana,Would,Beauty,28824,31,19888.56,2,UPI,2236.56
BF00050,30-08-2024,Katherine Reid,36-45,Other,Hicksside,Delaware,Modern,Clothing,13878,50,6939,2,Debit Card,727.99
BF00051,18-12-2023,Glenn Williams,60+,Male,Danielchester,Maryland,Reduce,Home Appliances,32055,61,12501.45,4,Gift Card,2575
BF00052,19-11-2023,Toni Evans,36-45,Female,Lake Brettborough,Missouri,Myself,Electronics,29465,41,17384.35,3,UPI,4209.45
BF00053,25-08-2024,Laura Pineda,26-35,Female,South Leslie,New Jersey,Same,Toys,43899,32,29851.32,1,UPI,2102.62
BF00054,31-07-2024,Angela Shannon,46-60,Male,West Graceland,Washington,This,Beauty,28186,15,23958.1,4,Cash,5842.08
BF00055,15-06-2024,Samuel Hernandez,60+,Other,South Jonbury,Kansas,Mention,Home Appliances,44584,25,33438,3,UPI,7219.74
BF00056,04-07-2024,Stephen King,60+,Male,Jenningsshire,Florida,Away,Beauty,14017,27,10232.41,1,Cash,1652.06
BF00057,06-09-2024,Susan Palmer MD,18-25,Female,New Jenniferborough,Colorado,Region,Sports,38915,16,32688.6,3,Cash,2054.86
BF00058,11-06-2024,Hannah Harris,18-25,Other,New Josephshire,Massachusetts,Note,Beauty,15790,14,13579.4,1,Credit Card,2891.09
BF00059,26-01-2024,Anna Vasquez,18-25,Male,New Kennethside,Oklahoma,North,Toys,47751,64,17190.36,2,Cash,3258.23
BF00060,30-01-2024,Matthew Cook,26-35,Female,West Megan,Missouri,Much,Electronics,18232,45,10027.6,2,Credit Card,742.75
BF00061,27-07-2024,Christine Holmes,60+,Other,West Gregoryshire,Georgia,Serious,Beauty,40139,42,23280.62,2,UPI,4407.74
BF00062,10-01-2024,Dorothy Hutchinson,26-35,Male,South Douglas,Wyoming,Father,Home Appliances,3609,29,2562.39,3,Cash,357.11
BF00063,11-04-2024,Joseph Smith,60+,Male,Stephanieton,Utah,Two,Toys,38516,74,10014.16,1,Gift Card,724.68
BF00064,26-02-2024,Danny Johnson,60+,Male,West Davidberg,Connecticut,Amount,Beauty,25200,40,15120,2,Credit Card,1818.9
BF00065,16-09-2024,Joseph Harvey,46-60,Female,North Mary,Idaho,Once,Home Appliances,28678,52,13765.44,3,UPI,2666.97
BF00066,29-01-2024,Dominique Kelly,36-45,Female,Nguyenmouth,California,Key,Beauty,45655,73,12326.85,1,Debit Card,1154.1
BF00067,20-05-2024,Karen Fisher,26-35,Male,West Aaron,Nevada,Especially,Beauty,8014,44,4487.84,3,Debit Card,979.63
BF00068,02-09-2024,Ms. Jennifer Gallegos,36-45,Male,Melaniebury,Alaska,Toward,Beauty,41521,51,20345.29,2,Credit Card,3276.17
BF00069,25-09-2024,Erin Williams,46-60,Female,West Jasmineburgh,Connecticut,Health,Home Appliances,5589,38,3465.18,2,Gift Card,310.73
BF00070,14-04-2024,Mary Powell,46-60,Male,East Thomasberg,North Carolina,Hot,Clothing,8274,52,3971.52,2,Cash,728.39
BF00071,10-09-2024,Melissa Chapman,36-45,Other,New Marialand,Texas,Single,Clothing,9641,11,8580.49,3,Gift Card,1906.69
BF00072,09-11-2023,Curtis Riley,26-35,Other,Ellenfurt,Illinois,Market,Toys,34482,29,24482.22,2,Debit Card,3082.09
BF00073,15-07-2024,Julian Marshall,36-45,Male,Robertsonmouth,Indiana,Push,Electronics,7584,57,3261.12,4,Credit Card,694.15
BF00074,21-04-2024,Kelly Hernandez,46-60,Other,New Luis,Vermont,Television,Toys,42752,22,33346.56,4,Cash,5513.62
BF00075,06-06-2024,Stephanie Simmons,18-25,Female,Andersonport,Oregon,Executive,Clothing,33974,55,15288.3,2,Gift Card,1930.41
BF00076,03-06-2024,Phillip Yates,46-60,Female,Port Richard,North Dakota,Phone,Sports,16035,44,8979.6,2,Credit Card,1017.08
BF00077,20-01-2024,David Davenport,26-35,Other,West Curtisview,Michigan,Whatever,Home Appliances,48720,25,36540,3,Gift Card,6687.92
BF00078,06-02-2024,Mark Leonard,36-45,Female,Jonathanstad,Alabama,Eight,Home Appliances,12462,43,7103.34,1,Debit Card,685.98
BF00079,07-10-2024,John Brown,46-60,Male,East Jamesbury,Tennessee,Relate,Beauty,19165,12,16865.2,4,Credit Card,3493.24
BF00080,08-03-2024,Ann Holmes,36-45,Other,New Stephanieview,New Hampshire,Physical,Clothing,10016,58,4206.72,2,UPI,569.64
BF00081,03-03-2024,Connie Reyes,18-25,Other,South Thomasside,Kentucky,Trouble,Toys,2311,21,1825.69,1,Debit Card,417.14
BF00082,28-05-2024,Kevin Taylor,18-25,Other,Douglasfort,Alabama,Thing,Electronics,36034,73,9729.18,1,Debit Card,2226.74
BF00083,12-06-2024,Jacob Brown,46-60,Other,Jasonstad,Arizona,Religious,Electronics,37504,25,28128,2,Debit Card,2414.75
BF00084,15-03-2024,Miranda Young DDS,60+,Other,Kevinfurt,New Hampshire,Central,Clothing,3238,12,2849.44,1,UPI,165.4
BF00085,25-11-2023,Kristy Johnson,60+,Female,East Kristen,Georgia,Item,Clothing,32400,23,24948,4,Credit Card,5901.05
BF00086,28-07-2024,Jacob Payne,26-35,Male,Villanuevaville,Maine,Do,Electronics,14509,67,4787.97,1,UPI,708.72
BF00087,28-06-2024,Kelly Kirk,26-35,Female,Powellchester,Delaware,Peace,Toys,36901,33,24723.67,1,UPI,4388.88
BF00088,07-02-2024,Melissa Jenkins,36-45,Male,Hallshire,Kentucky,Simple,Home Appliances,49966,61,19486.74,2,Credit Card,1729.08
BF00089,04-10-2024,James Harris,18-25,Female,Erikstad,New Jersey,Garden,Toys,24838,60,9935.2,4,Credit Card,2236.2
BF00090,14-04-2024,Monica Ward,60+,Other,New Daniel,Washington,Worry,Sports,26365,64,9491.4,2,Debit Card,1444.17
BF00091,29-07-2024,Elizabeth Brock,46-60,Female,North Annettemouth,New York,Offer,Beauty,18554,32,12616.72,2,Credit Card,1795.53
BF00092,22-01-2024,Jenna Roman,60+,Male,Jonathanview,Arkansas,Across,Toys,9810,34,6474.6,2,Credit Card,1060.05
BF00093,21-02-2024,Alexa Davis,46-60,Female,Port Alisonburgh,Idaho,Many,Sports,27880,32,18958.4,3,Cash,3628.26
BF00094,02-07-2024,Sandra Terry,36-45,Female,South Heather,Nebraska,Bar,Electronics,48414,24,36794.64,4,Gift Card,3969.1
BF00095,01-03-2024,April Williams,36-45,Female,North Stephanie,Oklahoma,Book,Toys,20942,55,9423.9,2,Credit Card,975.96
BF00096,27-07-2024,Stacey Woods,18-25,Female,South Sue,New Jersey,Attention,Sports,28549,18,23410.18,1,Cash,3554.44
BF00097,19-04-2024,Brian Torres,60+,Female,Hermanland,Nebraska,Movie,Home Appliances,20916,76,5019.84,2,UPI,540.46
BF00098,09-11-2023,Hannah Chavez,18-25,Male,Rojasstad,Virginia,Writer,Home Appliances,8821,70,2646.3,1,Debit Card,331.23
BF00099,14-01-2024,Darlene Taylor,46-60,Female,Jonestown,North Carolina,Interesting,Beauty,21558,76,5173.92,2,Credit Card,1084.19
BF00100,06-06-2024,Scott Roy,60+,Male,North Valerietown,Wyoming,Morning,Clothing,17926,64,6453.36,1,Cash,1398.08
BF00101,28-04-2024,Matthew Ochoa,60+,Male,Port Robertmouth,Illinois,Off,Home Appliances,1241,27,905.93,2,Debit Card,190.66
BF00102,19-01-2024,John Torres,46-60,Other,North Paul,New Mexico,Available,Electronics,39670,48,20628.4,4,Debit Card,2628.13
BF00103,06-08-2024,Jeffrey Noble,46-60,Female,Darrellmouth,Kentucky,Success,Electronics,19784,43,11276.88,4,Credit Card,1021.11
BF00104,23-07-2024,Stephen Nelson,18-25,Male,Swansonborough,New Hampshire,Wonder,Clothing,36961,40,22176.6,4,Credit Card,5132.08
BF00105,07-05-2024,Christopher Allen,46-60,Female,Lake Stacey,West Virginia,TRUE,Home Appliances,10964,63,4056.68,3,UPI,446.41
BF00106,29-05-2024,Denise Allen,46-60,Other,Lake Lukefurt,New York,Brother,Beauty,4079,38,2528.98,4,Gift Card,327.5
BF00107,12-01-2024,Jonathan Harvey,36-45,Female,West Amy,Idaho,Cut,Home Appliances,36585,31,25243.65,3,Gift Card,5302.66
BF00108,30-05-2024,Mandy Mendez,46-60,Other,Patriciahaven,Idaho,Most,Electronics,19366,28,13943.52,1,Credit Card,1366.86
BF00109,23-03-2024,Samantha Evans,60+,Male,Gibbsland,Florida,Quality,Home Appliances,48605,49,24788.55,3,Debit Card,3320.95
BF00110,18-10-2023,Thomas Moreno,36-45,Other,East Marisa,Minnesota,Animal,Sports,27639,60,11055.6,1,Cash,1486.31
BF00111,22-11-2023,Claire Trujillo,18-25,Other,North Kimberlyland,Delaware,Already,Home Appliances,17400,32,11832,1,UPI,672.94
BF00112,03-08-2024,Bradley Wang,26-35,Male,Mckenzieborough,Indiana,Not,Home Appliances,49834,28,35880.48,1,Debit Card,7636.55
BF00113,20-10-2023,Taylor Castro,26-35,Female,Kellyland,Kansas,Term,Electronics,46167,19,37395.27,4,UPI,2151.75
BF00114,04-07-2024,Christopher Holden,36-45,Female,Laurenfurt,Louisiana,Phone,Toys,8559,30,5991.3,1,Credit Card,779.55
BF00115,22-09-2024,Jon Bennett,46-60,Female,Scottport,Georgia,Government,Clothing,31047,42,18007.26,4,Cash,3951.31
BF00116,24-02-2024,Brian Turner,18-25,Male,Lifort,Louisiana,Allow,Beauty,18419,63,6815.03,1,UPI,446.93
BF00117,31-10-2023,Lauren Odonnell,18-25,Male,North Monicabury,Georgia,Former,Clothing,9784,57,4207.12,1,Debit Card,1048.27
BF00118,20-04-2024,Rebecca Calderon,60+,Other,Armstronghaven,California,Result,Toys,15658,43,8925.06,3,Credit Card,1257.21
BF00119,14-03-2024,Peggy Perry,18-25,Male,North Tyroneport,Colorado,Entire,Beauty,25960,45,14278,1,UPI,1711.72
BF00120,16-11-2023,Kenneth Wilcox,36-45,Female,Danielburgh,New Jersey,Decade,Home Appliances,1948,59,798.68,4,Cash,74.25
BF00121,16-11-2023,Patricia Trevino,36-45,Male,North Laurenshire,Arizona,Wonder,Sports,25795,15,21925.75,4,Gift Card,4010.11
BF00122,08-12-2023,Debbie Mack,36-45,Other,East Patrick,California,Write,Sports,25677,40,15406.2,3,Credit Card,1558.65
BF00123,06-12-2023,Brandy Torres,60+,Other,New Josephton,Alaska,Share,Beauty,43326,36,27728.64,4,Gift Card,2908.24
BF00124,17-07-2024,Michael Johnson,46-60,Other,Port Kathleenbury,Oregon,Executive,Sports,40847,35,26550.55,2,Debit Card,5843.76
BF00125,05-02-2024,Andrea Anderson,36-45,Other,Nicolebury,Louisiana,Fear,Sports,14315,32,9734.2,3,Credit Card,1329.81
BF00126,15-09-2024,Kaitlyn Garcia,18-25,Male,East Susan,Wyoming,Notice,Sports,19149,36,12255.36,3,Cash,1608.42
BF00127,26-03-2024,Sarah Castillo,36-45,Other,Parrishshire,Michigan,Nation,Toys,35358,58,14850.36,1,UPI,3503.51
BF00128,28-02-2024,Jenna Johnson,26-35,Other,Port Rachel,Florida,Husband,Home Appliances,41963,51,20561.87,1,Debit Card,3474.87
BF00129,27-07-2024,Alyssa Malone,36-45,Female,Gavinside,California,Law,Sports,24156,48,12561.12,2,Debit Card,1054.53
BF00130,25-05-2024,Aaron Harrell,46-60,Male,North Evanfurt,Nebraska,Look,Toys,47588,26,35215.12,4,Gift Card,3319.16
BF00131,24-06-2024,Karen Flores,36-45,Other,Hutchinsonport,South Dakota,Rich,Sports,22919,67,7563.27,3,Credit Card,1760.27
BF00132,19-09-2024,Rachel Cochran,36-45,Other,Mcbridestad,Alaska,Officer,Beauty,36136,77,8311.28,2,Cash,1981.81
BF00133,13-12-2023,Sean Hays,18-25,Other,South Randybury,Utah,Character,Home Appliances,8492,75,2123,3,Gift Card,148.2
BF00134,04-06-2024,Kevin Rivera,46-60,Other,North Wayne,Wyoming,Yes,Sports,29406,39,17937.66,4,Gift Card,2502.44
BF00135,31-12-2023,Alan Harper,18-25,Other,Port Christine,New York,Strategy,Clothing,7324,23,5639.48,1,Cash,1024.89
BF00136,18-07-2024,Andrew Mathews,18-25,Female,Mayostad,Missouri,Drive,Home Appliances,13319,57,5727.17,2,Debit Card,332.02
BF00137,17-06-2024,Jesus Cuevas,60+,Female,West Julieland,Tennessee,Issue,Electronics,49257,53,23150.79,3,Debit Card,1554.83
BF00138,10-04-2024,Jenna Davenport,46-60,Other,Darlenebury,Illinois,Assume,Electronics,41745,44,23377.2,2,Gift Card,1576.25
BF00139,31-03-2024,Michael Cook,18-25,Other,Georgeburgh,Iowa,Find,Clothing,30136,50,15068,4,Debit Card,2158.22
BF00140,04-05-2024,Justin Craig,60+,Female,Port Andrewborough,New Jersey,Research,Clothing,34781,71,10086.49,4,Cash,665.95
BF00141,10-08-2024,Russell Clark,18-25,Female,East Samuel,West Virginia,Often,Home Appliances,1109,74,288.34,4,UPI,20.84
BF00142,05-07-2024,Shelby Phillips,36-45,Male,Port Stephanie,California,Heavy,Home Appliances,47486,56,20893.84,4,Debit Card,4492.45
BF00143,30-04-2024,Jesse Hogan,60+,Male,East Jonport,Nevada,Story,Home Appliances,49405,16,41500.2,4,Debit Card,8710.18
BF00144,28-01-2024,Scott Mcguire,36-45,Female,New Joseph,California,Suddenly,Clothing,11900,66,4046,2,UPI,826.13
BF00145,04-08-2024,Matthew Mitchell,26-35,Other,Evansberg,Vermont,Identify,Electronics,37956,72,10627.68,4,Debit Card,2222.51
BF00146,30-06-2024,Jerry Gardner,36-45,Female,Schmidtmouth,Illinois,Single,Sports,33066,42,19178.28,3,UPI,1828.64
BF00147,22-01-2024,Kaitlyn Li,36-45,Male,Hestermouth,California,Writer,Clothing,28346,43,16157.22,2,Gift Card,1961.59
BF00148,19-10-2023,Crystal Rowe,36-45,Other,New Rebeccaport,Wyoming,Standard,Sports,12998,52,6239.04,1,UPI,832.35
BF00149,14-04-2024,Amy Ramos,60+,Female,New Eric,Delaware,Ok,Beauty,19620,14,16873.2,4,Debit Card,3255.29
BF00150,08-06-2024,Troy Williams,46-60,Male,East Keith,South Dakota,Position,Sports,17773,36,11374.72,3,Debit Card,1398.36
BF00151,27-12-2023,Anthony Williams,36-45,Male,Bowmanbury,Montana,Mrs,Beauty,12048,65,4216.8,3,UPI,872.53
BF00152,08-10-2024,Pamela Williams,26-35,Male,West Brendatown,Kentucky,Why,Clothing,47213,64,16996.68,4,Debit Card,3968.05
BF00153,22-06-2024,Lydia Simmons,60+,Female,Port Brianberg,North Dakota,Professor,Sports,24124,32,16404.32,2,Debit Card,1310.1
BF00154,08-03-2024,Patrick Rivera,36-45,Other,North Ronald,Arkansas,Deal,Sports,40235,14,34602.1,2,Credit Card,4696.94
BF00155,25-02-2024,Crystal Castillo,60+,Other,New Stevenview,Nebraska,Time,Clothing,3723,52,1787.04,4,Cash,216.27
BF00156,31-01-2024,Samuel Browning,26-35,Female,East Veronicaberg,Mississippi,Street,Toys,31761,40,19056.6,1,Credit Card,4029.97
BF00157,17-04-2024,Rachel Byrd,46-60,Other,Burtonview,Virginia,Friend,Clothing,41543,55,18694.35,4,Gift Card,2806.1
BF00158,07-10-2024,Laura Cain,26-35,Male,Stricklandfort,Louisiana,Performance,Toys,12193,31,8413.17,4,UPI,2069.38
BF00159,12-03-2024,Margaret Goodwin,60+,Female,Jamesmouth,Nebraska,Pull,Clothing,29544,61,11522.16,2,Cash,2012.68
BF00160,28-09-2024,Jermaine Sanders,46-60,Other,West Heatherfurt,Virginia,Personal,Beauty,15468,69,4795.08,1,Cash,920.17
BF00161,22-05-2024,Jake Preston,46-60,Male,Lake Michaeltown,Arizona,Power,Beauty,23597,41,13922.23,4,Debit Card,2361.52
BF00162,25-08-2024,Michelle Miller,18-25,Male,South Diana,Oklahoma,Congress,Sports,2519,16,2115.96,3,Credit Card,440.35
BF00163,30-03-2024,Joshua Webb,60+,Female,Cummingsstad,Arizona,Rest,Home Appliances,36322,16,30510.48,4,Debit Card,5014.62
BF00164,11-02-2024,Wesley Richards,46-60,Other,Christinabury,Oklahoma,Finish,Home Appliances,20091,60,8036.4,2,Gift Card,1240.01
BF00165,27-10-2023,Michael Melton,36-45,Other,South Timothyfurt,Michigan,Stage,Sports,41876,32,28475.68,2,Cash,3120.05
BF00166,18-04-2024,Jacob Benjamin,26-35,Female,North Michelle,Ohio,Might,Electronics,29931,17,24842.73,3,Cash,1558.14
BF00167,20-11-2023,Julia Brown,26-35,Other,Port Michelleville,New Hampshire,Office,Home Appliances,17637,71,5114.73,2,Credit Card,661.63
BF00168,01-08-2024,Michael Reilly,26-35,Other,Coxtown,Iowa,Structure,Sports,42430,76,10183.2,3,Gift Card,2198.7
BF00169,14-01-2024,Jessica Hall,18-25,Male,South Emma,Kansas,Hard,Clothing,44443,38,27554.66,2,Gift Card,3338.66
BF00170,10-12-2023,Mary Bautista,60+,Other,Millerhaven,Tennessee,Day,Beauty,21818,30,15272.6,3,Gift Card,1243.37
BF00171,01-08-2024,Michelle Dominguez,26-35,Other,Richardsville,Vermont,Attention,Beauty,38072,33,25508.24,1,Gift Card,5731.48
BF00172,16-07-2024,Michelle Raymond,36-45,Other,Theresafort,Arkansas,Arrive,Sports,45811,39,27944.71,4,Credit Card,2651.7
BF00173,02-09-2024,Anthony Jackson,26-35,Other,Eatonland,Delaware,Minute,Sports,11827,49,6031.77,3,UPI,558.98
BF00174,05-03-2024,Tyrone Nelson,18-25,Female,Carolfurt,Pennsylvania,Nature,Toys,39780,26,29437.2,4,Debit Card,1489.42
BF00175,08-05-2024,Janet Watson,36-45,Other,West Jeffreyton,Ohio,Realize,Electronics,33360,32,22684.8,3,Debit Card,2978.24
BF00176,09-08-2024,Jonathan Mosley,46-60,Female,Lake Darlene,Texas,Door,Clothing,29129,54,13399.34,2,Credit Card,1404.81
BF00177,05-06-2024,Terry Ford,18-25,Female,South Ebonyfort,California,Gas,Home Appliances,4130,48,2147.6,3,Debit Card,112.14
BF00178,06-02-2024,Kyle Lindsey,60+,Female,Samuelton,Tennessee,Far,Beauty,17389,25,13041.75,1,Credit Card,794.22
BF00179,19-11-2023,Katie Gonzalez,26-35,Female,Lake Lindsayport,Rhode Island,Action,Home Appliances,32910,67,10860.3,3,Credit Card,577.56
BF00180,08-10-2024,Xavier Perkins,46-60,Male,Patrickhaven,Arkansas,Next,Toys,41884,54,19266.64,2,Credit Card,971.54
BF00181,22-01-2024,Amy Miles,18-25,Male,Rodriguezburgh,New Hampshire,Pull,Sports,21270,40,12762,1,Debit Card,2650.6
BF00182,16-11-2023,Sarah Keller,18-25,Female,Lake Charles,Maryland,Current,Sports,46552,32,31655.36,2,UPI,4224.15
BF00183,14-03-2024,Karen Harris,60+,Other,Jeremychester,Idaho,Tough,Toys,40528,40,24316.8,2,Debit Card,2760.78
BF00184,08-02-2024,Mrs. Dawn Miller,26-35,Male,New Denisemouth,New Jersey,Act,Sports,21872,55,9842.4,1,Credit Card,1824.94
BF00185,27-07-2024,Michelle Rivera,46-60,Other,North Michael,Kansas,Prevent,Home Appliances,9380,25,7035,4,Cash,606.79
BF00186,04-10-2024,James Rice,18-25,Male,Harringtonstad,Virginia,Standard,Clothing,16416,42,9521.28,1,Credit Card,1402.84
BF00187,12-05-2024,Evan Romero,60+,Female,Stephentown,Connecticut,Voice,Electronics,36133,75,9033.25,4,Cash,2028.49
BF00188,06-02-2024,Joshua Joseph,60+,Male,Port Joelshire,South Dakota,Movie,Electronics,39466,15,33546.1,4,UPI,7188.84
BF00189,17-12-2023,Juan Hernandez DDS,46-60,Other,Johnsonmouth,Oklahoma,Power,Electronics,38490,23,29637.3,2,Debit Card,3562.56
BF00190,22-07-2024,Sharon Huynh,18-25,Male,Lopezmouth,Utah,Paper,Clothing,27571,46,14888.34,4,Gift Card,3273.25
BF00191,02-12-2023,Patrick Pearson,60+,Female,Michaelborough,Oregon,Use,Sports,43855,57,18857.65,1,UPI,1386.8
BF00192,02-05-2024,Rachel Campbell,26-35,Female,Whitetown,Maryland,Explain,Electronics,40812,21,32241.48,4,Cash,3569.85
BF00193,01-02-2024,Eric Barry PhD,60+,Other,Victorview,Utah,Most,Toys,22786,52,10937.28,3,Cash,1897.62
BF00194,11-05-2024,Anne Howard,26-35,Female,West Harold,Rhode Island,Section,Clothing,34134,19,27648.54,1,Cash,1583.28
BF00195,21-01-2024,Wendy Ayers,26-35,Male,Robertsberg,Montana,People,Toys,18018,59,7387.38,3,UPI,1777.52
BF00196,01-10-2024,Victoria Williams,46-60,Male,New Stephanie,Connecticut,Where,Clothing,47041,26,34810.34,4,Gift Card,2271.74
BF00197,16-01-2024,Tyler Mooney,18-25,Other,East Jesusville,Utah,Computer,Beauty,33870,62,12870.6,2,Debit Card,1164.2
BF00198,25-07-2024,Alisha Williams,26-35,Other,Lake Misty,Arkansas,Central,Electronics,7618,68,2437.76,1,Debit Card,343.71
BF00199,04-03-2024,Christopher Davis,18-25,Male,Port Scottland,South Carolina,Lay,Clothing,43175,39,26336.75,4,Gift Card,5937.89
BF00200,04-08-2024,Adrian Solomon,18-25,Female,Garciaville,Georgia,However,Electronics,38906,27,28401.38,1,Cash,5058.49
BF00201,20-07-2024,Scott Hart,36-45,Other,South Julie,Alabama,Key,Electronics,17487,11,15563.43,1,Debit Card,2519.05
BF00202,14-08-2024,Tonya Mendoza,18-25,Other,Johnfort,Missouri,Heavy,Electronics,19076,46,10301.04,2,Gift Card,1679.38
BF00203,15-09-2024,Judith Jones,18-25,Male,Donnabury,New Hampshire,Use,Clothing,20308,18,16652.56,4,Cash,1887.55
BF00204,23-04-2024,Mary Ellis,60+,Other,Dustinfurt,Georgia,Appear,Beauty,8553,48,4447.56,3,Credit Card,757.8
BF00205,21-01-2024,Latoya Johnson,36-45,Female,East Tom,Iowa,Sing,Toys,18610,41,10979.9,2,Debit Card,1733.47
BF00206,29-10-2023,Dylan House,46-60,Female,Jessicabury,Connecticut,Others,Beauty,17660,41,10419.4,2,Gift Card,1296.83
BF00207,20-08-2024,Brian Mcdowell,18-25,Other,Matthewchester,Missouri,Visit,Electronics,29983,22,23386.74,2,Debit Card,3797.35
BF00208,15-06-2024,Julie Roy,26-35,Other,West Adambury,Wisconsin,Left,Electronics,31609,20,25287.2,4,Cash,3094.18
BF00209,29-08-2024,Brandy Ramos,60+,Female,Port Dianefort,Michigan,Let,Home Appliances,47849,70,14354.7,3,Cash,1043.14
BF00210,28-03-2024,Erin Williams,26-35,Female,West David,Delaware,Performance,Home Appliances,10857,41,6405.63,3,Cash,368.31
BF00211,10-04-2024,Tonya Bowman,46-60,Male,Herringview,Wisconsin,Western,Electronics,39126,27,28561.98,3,UPI,5165.78
BF00212,26-06-2024,Patricia Wiley,36-45,Male,New Elizabethton,Hawaii,Ahead,Toys,30686,44,17184.16,3,Debit Card,1753.71
BF00213,08-04-2024,Amanda Frazier,18-25,Male,North Stephenshire,New Mexico,Eat,Sports,46089,19,37332.09,1,Gift Card,8388.87
BF00214,26-06-2024,Sherri Hester,46-60,Other,South Brittanyborough,Rhode Island,State,Clothing,23996,37,15117.48,1,Cash,2958.14
BF00215,10-09-2024,Stephanie Stewart,36-45,Female,Raymondshire,Minnesota,Always,Home Appliances,1211,49,617.61,1,Cash,45.82
BF00216,28-01-2024,Samuel Taylor,60+,Other,Hollowayville,Mississippi,Past,Clothing,681,64,245.16,4,Credit Card,24.73
BF00217,26-09-2024,Angela Medina,26-35,Male,Lake Josephville,Arkansas,Stay,Home Appliances,31015,64,11165.4,3,Cash,757.57
BF00218,29-09-2024,Anita Bennett,26-35,Male,Marystad,Alabama,Live,Sports,37962,35,24675.3,1,Credit Card,4824.29
BF00219,19-07-2024,Phillip Gates Jr.,60+,Female,New Bradleyport,Maryland,Book,Clothing,12376,29,8786.96,4,Cash,2079.62
BF00220,10-06-2024,Nathan Chandler,18-25,Female,West Lisamouth,Georgia,Could,Toys,3848,13,3347.76,3,Credit Card,197.62
BF00221,16-03-2024,Fernando Cook,18-25,Other,Freychester,Indiana,Decision,Home Appliances,18653,58,7834.26,2,Cash,1352.83
BF00222,28-02-2024,Eric Hull,46-60,Male,West Dylan,New York,Resource,Home Appliances,19910,48,10353.2,3,Debit Card,1125.85
BF00223,19-01-2024,Kimberly Vasquez,46-60,Female,West Robert,North Carolina,Issue,Clothing,41535,37,26167.05,2,UPI,1713.63
BF00224,12-09-2024,Kyle Cox,46-60,Other,Kylemouth,New Mexico,Unit,Beauty,4400,70,1320,3,Cash,260.66
BF00225,15-05-2024,Claudia Parker,18-25,Female,Carrieland,Florida,You,Sports,49687,11,44221.43,2,Debit Card,3340.49
BF00226,29-03-2024,Jon Garcia,46-60,Female,Garciaburgh,Kentucky,Million,Sports,16742,47,8873.26,4,Cash,2171.58
BF00227,12-02-2024,Leslie Frazier,18-25,Other,West Mark,Texas,Modern,Toys,37910,71,10993.9,3,Debit Card,688.08
BF00228,18-04-2024,Robert Hobbs,60+,Male,South Rebecca,Georgia,Drop,Sports,45594,25,34195.5,1,Gift Card,6335.47
BF00229,10-06-2024,Catherine Baker,36-45,Male,North Robert,South Carolina,Spend,Toys,43874,42,25446.92,4,Debit Card,2891.65
BF00230,16-03-2024,Tyler Ho,46-60,Male,Jeffreyville,Hawaii,During,Beauty,10342,15,8790.7,4,Credit Card,538.8
BF00231,04-04-2024,Matthew Sanchez,18-25,Male,Port Brianburgh,Missouri,Central,Clothing,42799,72,11983.72,3,Credit Card,2699.57
BF00232,09-12-2023,Billy Villarreal,18-25,Female,Thomasmouth,South Dakota,Kid,Beauty,29674,79,6231.54,1,Cash,531.4
BF00233,19-04-2024,Gregory Jones,46-60,Male,Montgomeryside,Virginia,Firm,Sports,48107,74,12507.82,2,Cash,1238.28
BF00234,04-02-2024,Bryan West,46-60,Male,East Matthewstad,Texas,Kid,Clothing,5651,27,4125.23,1,Cash,357.58
BF00235,26-10-2023,John Moran,46-60,Female,Catherineview,Alabama,Around,Clothing,42715,53,20076.05,3,Debit Card,2886.44
BF00236,04-03-2024,Elizabeth Young,26-35,Other,Danielview,Wyoming,Operation,Home Appliances,9803,20,7842.4,2,Credit Card,637.44
BF00237,05-04-2024,Mr. Richard Davis MD,26-35,Other,East Jacob,Maine,Better,Beauty,36078,59,14791.98,4,UPI,3554.44
BF00238,18-08-2024,Alison Taylor,36-45,Male,Lake Austin,Kentucky,Care,Electronics,41620,78,9156.4,1,Cash,1007.24
BF00239,23-12-2023,Rebecca Brown,60+,Female,Johnsonmouth,West Virginia,Heart,Home Appliances,22458,56,9881.52,1,UPI,659.99
BF00240,10-10-2024,Jennifer Henderson,18-25,Female,North Jasonfurt,Rhode Island,Affect,Beauty,12320,17,10225.6,1,UPI,1884.28
BF00241,30-09-2024,Jason Perez,26-35,Female,North Michaelfort,Hawaii,Happen,Home Appliances,7301,31,5037.69,4,Debit Card,708.02
BF00242,26-12-2023,Amy Lopez,18-25,Male,South Caitlin,Delaware,Speak,Home Appliances,18800,50,9400,4,Credit Card,1799.23
BF00243,04-01-2024,Matthew Butler,26-35,Male,Thomasberg,Illinois,Sign,Sports,1828,18,1498.96,1,UPI,349.93
BF00244,22-09-2024,Caleb Williams,46-60,Male,Webstermouth,North Dakota,Remember,Electronics,36980,26,27365.2,1,Credit Card,3994.04
BF00245,07-12-2023,Rebecca Moore,36-45,Female,Brittanybury,West Virginia,Media,Clothing,24647,49,12569.97,2,Credit Card,2551.81
BF00246,22-09-2024,Danielle Anderson,18-25,Other,Mariachester,West Virginia,Cover,Sports,29459,52,14140.32,3,Credit Card,752.94
BF00247,31-12-2023,Michael Chan,46-60,Male,Mooremouth,Mississippi,Exactly,Electronics,11778,19,9540.18,1,Cash,1696.33
BF00248,20-06-2024,Phillip Jones,18-25,Male,East Brian,Ohio,Meet,Home Appliances,26778,50,13389,1,UPI,1289.66
BF00249,01-11-2023,Jeffrey Brady,18-25,Other,Paynehaven,Kentucky,By,Toys,25506,66,8672.04,1,Credit Card,1794.01
BF00250,17-11-2023,David Mccarthy,26-35,Female,Christinaton,Colorado,Animal,Electronics,19229,73,5191.83,4,Gift Card,1137.09
BF00251,08-05-2024,Jeffrey Harper,46-60,Other,Andreaside,Ohio,Especially,Clothing,8699,74,2261.74,3,Credit Card,467.5
BF00252,04-08-2024,Heather Flynn,46-60,Female,Porterton,Montana,Forward,Clothing,20385,20,16308,1,Gift Card,2010.45
BF00253,20-03-2024,Edward Parker,18-25,Female,Sullivantown,Nebraska,Guy,Clothing,33670,20,26936,2,UPI,5422.7
BF00254,19-12-2023,John Smith,26-35,Female,Johnfurt,Ohio,Red,Electronics,24691,44,13826.96,1,UPI,1848.16
BF00255,25-12-2023,Beth West,36-45,Female,Carlmouth,Alabama,Daughter,Beauty,17328,58,7277.76,2,Gift Card,1735.48
BF00256,11-02-2024,Regina Murray,46-60,Female,Lorettastad,Massachusetts,Outside,Beauty,45695,53,21476.65,4,UPI,5039.61
BF00257,27-05-2024,Kathy Smith,18-25,Other,Christineborough,Montana,Seat,Electronics,19566,74,5087.16,3,Gift Card,1246.81
BF00258,10-11-2023,Andrea Santana,26-35,Male,Cookside,Hawaii,Less,Clothing,8925,13,7764.75,3,Gift Card,1845.27
BF00259,17-07-2024,Jared Ryan,36-45,Female,New Kristaburgh,Vermont,On,Home Appliances,47400,24,36024,2,Gift Card,3164.09
BF00260,10-08-2024,Jonathan Day,26-35,Other,West Davidfurt,New Jersey,Worry,Beauty,45620,30,31934,2,Debit Card,4798.72
BF00261,09-04-2024,Susan Collins,36-45,Male,Tiffanyfort,Massachusetts,Herself,Clothing,8978,77,2064.94,1,Gift Card,369.98
BF00262,24-01-2024,Stephanie Brown,60+,Male,Davisshire,North Carolina,Old,Electronics,15442,69,4787.02,1,Cash,326.3
BF00263,16-09-2024,Marissa Goodman,26-35,Other,Brownburgh,Hawaii,Mind,Sports,6811,19,5516.91,3,Credit Card,1202.81
BF00264,18-11-2023,Howard Patel,26-35,Female,Kristinastad,Indiana,Sign,Electronics,38684,73,10444.68,2,Gift Card,2602.47
BF00265,18-06-2024,Rachel Flores,26-35,Male,Lake Danielleland,Louisiana,Expert,Clothing,24280,21,19181.2,3,Gift Card,2515.03
BF00266,04-01-2024,Lisa Taylor,26-35,Other,Gregoryville,Alaska,Itself,Clothing,16990,22,13252.2,3,Cash,2376.82
BF00267,15-01-2024,Megan Warren,36-45,Male,South Rebecca,California,Minute,Beauty,12068,62,4585.84,1,Gift Card,797.81
BF00268,17-04-2024,Edward Gonzalez,46-60,Male,Port Sherrystad,Georgia,Challenge,Beauty,18196,45,10007.8,3,Cash,1100.29
BF00269,03-09-2024,Vincent Boone,26-35,Male,North Monicastad,Indiana,Strong,Electronics,26416,11,23510.24,4,Debit Card,3875.57
BF00270,25-05-2024,Billy Ross,18-25,Male,Allisonbury,Rhode Island,Simply,Sports,3328,64,1198.08,2,Debit Card,144.02
BF00271,27-10-2023,Kyle Cooper,36-45,Other,Lake Samuelmouth,Arizona,Dinner,Electronics,42549,34,28082.34,3,Cash,5303.83
BF00272,15-09-2024,Joshua Hall,26-35,Female,Moseschester,Alabama,Mrs,Beauty,44871,23,34550.67,1,Credit Card,3409
BF00273,14-10-2023,Kerry Jimenez,46-60,Female,East Kevin,North Dakota,Decision,Sports,17802,42,10325.16,2,UPI,2054.67
BF00274,02-08-2024,Norma Wagner,36-45,Male,Lake Suzanneshire,Oregon,Seek,Sports,48535,58,20384.7,2,Gift Card,1319.99
BF00275,01-12-2023,Alexandria Holt,26-35,Male,West Brianburgh,Georgia,Upon,Beauty,48005,61,18721.95,3,Gift Card,2044.33
BF00276,05-07-2024,Tonya Shea,18-25,Male,West Scottborough,Virginia,Three,Beauty,5847,64,2104.92,1,Debit Card,408.19
BF00277,28-02-2024,Marie Wilson,36-45,Other,New Michaelberg,New York,Investment,Beauty,9208,66,3130.72,4,Debit Card,600.15
BF00278,06-09-2024,Drew Bridges,46-60,Other,Geraldbury,Nebraska,Center,Sports,27634,70,8290.2,2,Debit Card,1426.79
BF00279,07-03-2024,Ronnie Pitts,26-35,Female,Brendachester,New Hampshire,Form,Toys,1478,26,1093.72,1,UPI,64.2
BF00280,03-03-2024,Katrina Greer,36-45,Other,East Willie,Nebraska,Much,Home Appliances,1150,45,632.5,4,Credit Card,80.89
BF00281,12-10-2023,David Walker,26-35,Male,West Phillipburgh,Missouri,No,Sports,24545,51,12027.05,4,UPI,2565.44
BF00282,16-06-2024,Thomas Jones,26-35,Male,New Jessicastad,Arkansas,Draw,Home Appliances,5462,30,3823.4,2,Debit Card,922.21
BF00283,07-07-2024,William Butler,46-60,Other,Maxwellside,Michigan,Investment,Clothing,19518,23,15028.86,1,UPI,3513.56
BF00284,15-05-2024,Andrew Castillo,18-25,Male,New Shellymouth,Tennessee,So,Beauty,2811,17,2333.13,2,Debit Card,396.22
BF00285,14-06-2024,Jessica Pratt,60+,Other,Leefurt,Virginia,Information,Sports,39742,43,22652.94,3,Credit Card,3681.02
BF00286,24-10-2023,Cynthia Coleman,36-45,Female,Perkinsshire,South Carolina,Trial,Clothing,47095,70,14128.5,4,UPI,904.18
BF00287,16-01-2024,Melissa Jordan,26-35,Female,Hayesborough,Colorado,Hand,Beauty,40832,11,36340.48,3,Gift Card,4116.88
BF00288,06-03-2024,Emily Poole,46-60,Female,East Nicoleburgh,Tennessee,Class,Electronics,13397,62,5090.86,2,Debit Card,553.91
BF00289,20-11-2023,Mary Hunter,26-35,Female,Audreyland,North Carolina,Player,Home Appliances,1368,31,943.92,1,Debit Card,209.38
BF00290,27-02-2024,Mallory Reese,26-35,Male,Danielview,Mississippi,Design,Clothing,28432,41,16774.88,2,Gift Card,3593.85
BF00291,05-01-2024,Ashley Scott,36-45,Other,Blackburgh,Arizona,Reason,Electronics,44240,13,38488.8,1,Credit Card,8233.09
BF00292,22-06-2024,Gwendolyn Lee,26-35,Male,North Josephburgh,Connecticut,Common,Beauty,39206,68,12545.92,1,Debit Card,2164.34
BF00293,12-12-2023,Charlene Sanford,46-60,Other,Port James,Kentucky,Perhaps,Clothing,30473,68,9751.36,4,UPI,1447.43
BF00294,07-11-2023,John Mills,36-45,Other,Brittneyberg,West Virginia,Ten,Sports,39754,13,34585.98,4,Gift Card,6464.93
BF00295,01-04-2024,Samuel Fernandez,36-45,Other,Kristiemouth,South Carolina,I,Electronics,28627,32,19466.36,2,Cash,1805.08
BF00296,25-10-2023,Justin Cox,46-60,Female,East Melissaborough,Rhode Island,She,Sports,44340,50,22170,1,Cash,2240.18
BF00297,01-07-2024,Andrew Allen,60+,Male,Stephenburgh,Montana,Control,Beauty,9064,33,6072.88,2,Credit Card,1451.24
BF00298,03-02-2024,Vanessa Lane,36-45,Other,New Mark,Minnesota,Prevent,Clothing,37390,20,29912,2,Gift Card,4118.88
BF00299,22-09-2024,Ms. Stacy Booth,46-60,Female,Lake Tiffany,Utah,News,Toys,8433,20,6746.4,4,Cash,718.67
BF00300,08-11-2023,Ashley Fry,36-45,Other,Port Dustinville,Connecticut,Focus,Sports,17809,31,12288.21,1,UPI,3005.73
BF00301,18-10-2023,Vanessa Willis,60+,Female,Scottborough,Kansas,Leg,Electronics,42906,17,35611.98,1,Debit Card,3516.06
BF00302,26-07-2024,Jill Smith,26-35,Male,Chadtown,Nebraska,Leg,Electronics,29944,66,10180.96,2,Cash,1655.49
BF00303,06-01-2024,Stephanie Perry,46-60,Female,South Greggton,Virginia,Reason,Home Appliances,9392,50,4696,3,Debit Card,747.37
BF00304,03-07-2024,Margaret Martinez,18-25,Male,Martinburgh,Virginia,Several,Electronics,25823,38,16010.26,3,UPI,3448.39
BF00305,09-09-2024,Christopher Merritt,26-35,Other,Joyport,Utah,School,Home Appliances,19039,30,13327.3,3,Cash,1058.71
BF00306,28-11-2023,Angel Jackson,18-25,Female,Jessicamouth,North Carolina,Pattern,Electronics,9136,52,4385.28,4,Gift Card,514.46
BF00307,12-04-2024,Allison Casey,26-35,Female,Ayalaville,Nebraska,Court,Electronics,28613,52,13734.24,1,Debit Card,2728.46
BF00308,01-10-2024,Thomas Cisneros,18-25,Female,Williamsstad,Arizona,From,Toys,5010,65,1753.5,4,Debit Card,155.17
BF00309,21-02-2024,Travis Mckinney,60+,Female,North Pamela,Washington,Rise,Home Appliances,6745,79,1416.45,1,Debit Card,236.47
BF00310,19-02-2024,James Moore,18-25,Female,Lake Eriktown,Arizona,Top,Electronics,9427,48,4902.04,3,Gift Card,631.23
BF00311,30-12-2023,Kristen Anthony,26-35,Male,New Andrewside,Ohio,Security,Home Appliances,32989,32,22432.52,1,Gift Card,4919.92
BF00312,11-01-2024,Laura Roman,60+,Male,Timothyfort,Georgia,Because,Clothing,7232,74,1880.32,2,Cash,268.06
BF00313,17-06-2024,Katelyn Lynch,26-35,Female,Jacobfort,Idaho,Chair,Beauty,5223,61,2036.97,3,Gift Card,203.99
BF00314,15-11-2023,Jeremy Trujillo,60+,Female,Lake Sheryl,Delaware,Rather,Beauty,28674,41,16917.66,3,Credit Card,2381.89
BF00315,29-03-2024,David Osborn,26-35,Male,Port Christopher,Delaware,Argue,Sports,21608,20,17286.4,3,Cash,3853.42
BF00316,14-11-2023,Robert Evans,46-60,Male,Lake Kennethborough,Minnesota,Help,Beauty,46482,64,16733.52,3,Gift Card,1198.03
BF00317,18-04-2024,Kevin Carter,60+,Female,North Shawnshire,Hawaii,Sometimes,Toys,19121,73,5162.67,4,Gift Card,564.1
BF00318,25-07-2024,Megan Rodriguez,36-45,Male,North Amanda,Michigan,Various,Beauty,24939,15,21198.15,2,Cash,3921.05
BF00319,28-01-2024,Kevin Hamilton,18-25,Female,East Sean,Tennessee,Big,Beauty,15899,63,5882.63,2,Debit Card,1026.33
BF00320,26-11-2023,Justin Morales,46-60,Female,West Bryan,Connecticut,Case,Clothing,4348,40,2608.8,4,Cash,189.98
BF00321,09-08-2024,Travis Kline,18-25,Male,Smithberg,Wyoming,Child,Beauty,48383,72,13547.24,1,Cash,3082.86
BF00322,28-07-2024,William Smith,36-45,Female,Heatherberg,Mississippi,Research,Toys,18372,22,14330.16,3,Gift Card,1305.32
BF00323,24-05-2024,Rebekah Thompson,36-45,Other,East Michael,Arkansas,Each,Home Appliances,9911,39,6045.71,2,Credit Card,1046.75
BF00324,29-04-2024,Shannon Nichols,18-25,Female,Thomasfort,Kansas,Student,Clothing,14791,19,11980.71,3,Debit Card,1850.23
BF00325,27-10-2023,Patrick Smith,46-60,Other,Lake Danieltown,Missouri,Beautiful,Toys,31282,47,16579.46,4,Gift Card,1633.5
BF00326,01-12-2023,Alyssa Parks,60+,Other,Howeburgh,Tennessee,Develop,Electronics,8299,37,5228.37,3,Cash,620.61
BF00327,23-12-2023,Lisa Mcgrath,26-35,Female,Lake Alexis,North Dakota,Provide,Toys,4837,38,2998.94,1,UPI,247.84
BF00328,30-11-2023,Phillip Aguirre,18-25,Other,Johnview,Nebraska,Candidate,Toys,36203,71,10498.87,2,Debit Card,1800.06
BF00329,06-02-2024,Nicholas Brown,46-60,Other,North Joshua,Mississippi,Weight,Clothing,2760,19,2235.6,2,UPI,542.33
BF00330,27-02-2024,Robert Nicholson,18-25,Male,West Brettville,Idaho,Must,Sports,37583,11,33448.87,3,UPI,4349.44
BF00331,15-07-2024,Cynthia Harris,60+,Other,Port Alicia,Montana,Ten,Home Appliances,26163,62,9941.94,2,UPI,1933.52
BF00332,28-10-2023,Lisa Chaney,26-35,Female,Howardchester,Alabama,Begin,Toys,14742,23,11351.34,1,Cash,2231.52
BF00333,08-11-2023,Kelly Pugh,46-60,Other,South Arthurborough,Tennessee,Imagine,Toys,9586,39,5847.46,2,Credit Card,565.95
BF00334,24-06-2024,Nina Harvey,18-25,Male,East Cassandra,North Dakota,National,Home Appliances,21882,36,14004.48,2,UPI,2115.02
BF00335,27-01-2024,Christopher Rogers,46-60,Male,Hernandezshire,Pennsylvania,Prove,Clothing,18552,66,6307.68,1,Cash,921.68
BF00336,11-03-2024,Steven Franklin,26-35,Female,North Danielburgh,New York,Scene,Clothing,10381,18,8512.42,4,UPI,1808.6
BF00337,26-10-2023,Matthew Nelson,36-45,Female,Port Lonnie,West Virginia,Expert,Clothing,22973,10,20675.7,2,UPI,5164.99
BF00338,14-04-2024,Tracy Abbott,36-45,Other,West Eduardo,New Jersey,Stuff,Home Appliances,46087,17,38252.21,1,Debit Card,4371.25
BF00339,16-01-2024,Paul Welch,18-25,Female,Millerport,New Jersey,Trade,Toys,36932,36,23636.48,1,Cash,3628.48
BF00340,30-04-2024,Bryan Cameron,60+,Other,Kimberlyland,Nevada,Business,Electronics,30794,45,16936.7,2,Cash,1252.56
BF00341,05-09-2024,Cody Newman,46-60,Female,Lake James,Arizona,Change,Sports,44009,64,15843.24,3,Gift Card,2441.96
BF00342,28-04-2024,Patricia Wilson,26-35,Other,Zavalafurt,Alaska,Cover,Sports,18843,56,8290.92,3,Debit Card,2015.59
BF00343,06-04-2024,Kristin Hall,60+,Female,Martinezside,Washington,Guess,Beauty,32596,39,19883.56,1,Gift Card,3317.47
BF00344,31-10-2023,Jennifer Novak,36-45,Other,West Monicaborough,Massachusetts,Bad,Electronics,23888,24,18154.88,4,Cash,3658.46
BF00345,02-05-2024,Debra Medina,36-45,Female,Lake Alisonburgh,Tennessee,Condition,Beauty,9220,68,2950.4,2,Credit Card,331.98
BF00346,03-12-2023,Katherine Becker,60+,Female,Delacruzport,Arizona,Around,Sports,26733,65,9356.55,3,Credit Card,1595.19
BF00347,18-02-2024,Ashley Castaneda,18-25,Female,Port Marctown,Texas,Point,Beauty,2169,29,1539.99,2,UPI,91.92
BF00348,14-08-2024,Calvin Cannon,36-45,Female,Hoffmanside,Wyoming,Clearly,Electronics,47968,25,35976,2,Cash,4102.62
BF00349,03-10-2024,Walter York,18-25,Other,Garrettberg,Delaware,Popular,Toys,3364,74,874.64,1,Debit Card,87.02
BF00350,09-09-2024,Joseph Jenkins,36-45,Female,Leblanchaven,Idaho,Bill,Electronics,19159,48,9962.68,2,Gift Card,1256.58
BF00351,02-09-2024,Cheryl Morgan,36-45,Female,Edwardhaven,Alabama,Until,Beauty,14615,48,7599.8,3,Gift Card,1293.1
BF00352,14-02-2024,Heather Winters,36-45,Male,Gomezview,Hawaii,Interview,Home Appliances,518,62,196.84,3,UPI,31.25
BF00353,20-05-2024,Troy Wilson,26-35,Other,Ramirezfort,Wisconsin,Final,Home Appliances,32109,48,16696.68,2,Debit Card,2886.48
BF00354,20-04-2024,Marissa Sims,18-25,Female,Robinburgh,Nebraska,Mind,Beauty,35826,37,22570.38,4,Gift Card,3971.96
BF00355,04-08-2024,Joseph Wilson,36-45,Male,Lake Jennifer,Rhode Island,Successful,Home Appliances,4702,58,1974.84,2,UPI,184.15
BF00356,29-09-2024,Paula Ray,60+,Male,Murrayport,Kansas,Home,Sports,44096,58,18520.32,2,UPI,2413.55
BF00357,12-04-2024,Kathleen Powell,36-45,Other,West Aaronmouth,Louisiana,Food,Sports,25511,70,7653.3,3,Cash,1608.44
BF00358,12-09-2024,Elizabeth Martinez,60+,Other,South Chadfort,Hawaii,Discuss,Toys,47180,69,14625.8,4,UPI,2925.69
BF00359,05-06-2024,Victoria Carpenter,18-25,Female,Michaelton,Alaska,Senior,Beauty,12137,59,4976.17,3,Cash,1230.83
BF00360,23-03-2024,Stephen Hall,60+,Female,East Kristen,Hawaii,Degree,Electronics,4040,24,3070.4,1,UPI,221.56
BF00361,22-09-2024,Donna Hicks,46-60,Male,Jasonburgh,Alaska,Worker,Clothing,17713,33,11867.71,4,Debit Card,2108.33
BF00362,28-01-2024,Jennifer Robinson,36-45,Other,Brettville,Mississippi,Politics,Electronics,21656,60,8662.4,4,Gift Card,1605.5
BF00363,04-11-2023,Pamela Alvarez,60+,Male,Victorview,Delaware,Focus,Home Appliances,40844,76,9802.56,4,Cash,1308.62
BF00364,17-12-2023,Brandy Casey,36-45,Other,Rachelville,Maine,Hold,Sports,13983,63,5173.71,3,UPI,685.89
BF00365,12-06-2024,Laura Archer,36-45,Female,North Christina,Idaho,Benefit,Home Appliances,38241,45,21032.55,3,Debit Card,3143.09
BF00366,16-05-2024,Sandra Ramirez,60+,Male,West Kevin,North Dakota,Stand,Electronics,26769,78,5889.18,1,Credit Card,1462.64
BF00367,29-09-2024,Tony Hayden,18-25,Female,Ryanstad,Nevada,Both,Clothing,44233,35,28751.45,4,Cash,6882.21
BF00368,03-03-2024,Alan Wilson,26-35,Male,South Renee,Utah,Dark,Beauty,28974,60,11589.6,3,Gift Card,2455.55
BF00369,23-06-2024,Charles Harris,46-60,Female,Hallside,Illinois,Budget,Electronics,23783,37,14983.29,2,Cash,3257.57
BF00370,28-04-2024,Brooke Myers,26-35,Other,Morganchester,Oregon,Me,Home Appliances,27594,60,11037.6,2,Debit Card,1922.76
BF00371,06-10-2024,Matthew Tanner MD,26-35,Male,Trevinoland,South Carolina,Money,Home Appliances,48189,27,35177.97,4,Cash,2597.74
BF00372,03-03-2024,Kathryn Holder,36-45,Male,Stevenfurt,New Jersey,Quality,Home Appliances,29810,53,14010.7,2,UPI,2822.01
BF00373,27-09-2024,Eric Kaiser,26-35,Other,East Briannaview,Indiana,Brother,Electronics,46206,66,15710.04,4,Credit Card,1971.67
BF00374,17-10-2023,Christine Miller,60+,Other,Douglasmouth,Wyoming,Significant,Beauty,33639,15,28593.15,4,Gift Card,3921.3
BF00375,16-08-2024,Laura Watts,36-45,Other,Denisestad,Minnesota,Nature,Clothing,19807,59,8120.87,4,Cash,1715.09
BF00376,16-04-2024,Brandon Hardy,60+,Female,New Sarahchester,Utah,Plant,Electronics,2644,32,1797.92,4,Cash,300.19
BF00377,09-10-2024,Ashley Lang,36-45,Other,Michaelberg,Minnesota,Miss,Clothing,15119,66,5140.46,4,Credit Card,1245.92
BF00378,30-10-2023,Aaron Carey,26-35,Female,Parksfort,Maryland,Particular,Home Appliances,49452,28,35605.44,1,Cash,7426.57
BF00379,15-07-2024,Jason Serrano,60+,Other,Crawfordland,Mississippi,Wind,Beauty,34271,35,22276.15,1,Debit Card,4109.78
BF00380,20-08-2024,Crystal Evans,18-25,Male,Shannonton,Illinois,Weight,Clothing,39274,34,25920.84,4,Cash,2985.32
BF00381,27-09-2024,Michael Harvey,60+,Female,New Coreymouth,Maine,Defense,Toys,22234,61,8671.26,1,UPI,1312.32
BF00382,20-08-2024,Caroline Schultz,36-45,Male,West Justinside,Florida,Customer,Electronics,45356,62,17235.28,3,Gift Card,3941.1
BF00383,12-11-2023,Matthew Rodriguez,60+,Male,New Denise,Montana,Part,Home Appliances,6242,68,1997.44,3,Cash,211.22
BF00384,04-05-2024,Christopher Jackson,26-35,Female,Valdezville,Rhode Island,Close,Electronics,20170,60,8068,4,Gift Card,1207.83
BF00385,05-03-2024,David Adams,18-25,Female,North Jasmine,South Carolina,Well,Sports,1443,67,476.19,3,Credit Card,66.74
BF00386,31-01-2024,Sandra Robinson,46-60,Male,Kellerbury,Alabama,They,Electronics,40240,39,24546.4,2,Cash,2611.07
BF00387,19-03-2024,Joseph Andersen,36-45,Male,Sarashire,Nevada,Stand,Electronics,24292,59,9959.72,2,Credit Card,741
BF00388,30-12-2023,Kayla Clark,46-60,Male,North Stefanie,Pennsylvania,Accept,Toys,16662,49,8497.62,3,Gift Card,996.04
BF00389,16-09-2024,Jennifer Anderson,46-60,Male,Nelsontown,Washington,Major,Home Appliances,23066,22,17991.48,1,Gift Card,2773.84
BF00390,08-03-2024,Melissa Zuniga,46-60,Other,Port Rodney,Arkansas,Pick,Beauty,28863,52,13854.24,3,Gift Card,3439.1
BF00391,17-02-2024,Regina Collins,18-25,Other,New Craigside,Wisconsin,Amount,Clothing,25879,68,8281.28,1,Cash,1170.45
BF00392,29-09-2024,Jacob Carter,18-25,Male,Edwardhaven,Arizona,Own,Sports,5667,58,2380.14,2,UPI,396.64
BF00393,10-04-2024,Joseph Hall,60+,Female,Port Chaseville,North Carolina,Rich,Beauty,17724,30,12406.8,1,UPI,1086.14
BF00394,12-08-2024,Brent Paul,18-25,Female,Hillfort,Idaho,Account,Electronics,32744,49,16699.44,2,UPI,3892.19
BF00395,25-05-2024,Andrea Richardson,46-60,Other,South Tyler,Alabama,It,Sports,49891,68,15965.12,2,Gift Card,1181.28
BF00396,04-09-2024,Jenna Gardner,26-35,Female,North Royport,Delaware,Example,Beauty,31495,28,22676.4,4,Gift Card,3126.49
BF00397,09-06-2024,Erica Brennan,26-35,Female,Odonnelltown,Oregon,Good,Clothing,45870,17,38072.1,4,Gift Card,5115.6
BF00398,09-10-2024,Anne Barrett,60+,Male,Abigailbury,Alaska,Practice,Electronics,1875,59,768.75,4,Gift Card,169.22
BF00399,19-07-2024,Jacob Lawson,46-60,Female,Kimbury,Michigan,Body,Beauty,2443,13,2125.41,4,UPI,495.32
BF00400,24-05-2024,Joseph Vega,60+,Other,Sarahberg,Tennessee,Else,Electronics,2658,43,1515.06,1,Cash,120.68
BF00401,03-03-2024,Alexis Mcintyre,46-60,Female,South Mariachester,West Virginia,Picture,Beauty,19361,63,7163.57,1,Cash,1652.42
BF00402,17-08-2024,Jacqueline Morales,26-35,Male,East Erinmouth,Oklahoma,Present,Clothing,37807,55,17013.15,1,Gift Card,3206.68
BF00403,24-11-2023,Jacob Robinson,46-60,Female,West Andrefurt,Pennsylvania,Over,Electronics,26598,72,7447.44,4,UPI,1461.55
BF00404,27-03-2024,Ryan Baker,46-60,Other,New Joshua,Tennessee,Decade,Home Appliances,37287,44,20880.72,2,UPI,1708.86
BF00405,09-03-2024,Brian King,36-45,Male,Ericahaven,Kentucky,Window,Clothing,34062,55,15327.9,3,UPI,1155.45
BF00406,20-08-2024,Jeremy Fischer PhD,26-35,Male,South Sandra,Rhode Island,Draw,Sports,12851,55,5782.95,4,Cash,529.79
BF00407,21-01-2024,Caitlin Robinson,46-60,Male,South Fred,Nevada,Matter,Beauty,6403,55,2881.35,4,Gift Card,246.96
BF00408,23-02-2024,Kelly Thompson,46-60,Female,Reevesstad,Massachusetts,Suddenly,Clothing,16525,38,10245.5,4,Gift Card,671.57
BF00409,10-06-2024,Bradley Lawrence,36-45,Other,Brooksport,New Hampshire,Spend,Toys,31797,24,24165.72,4,Gift Card,3095.64
BF00410,31-08-2024,David Stevenson,18-25,Male,Lake Richardburgh,Rhode Island,A,Beauty,10529,35,6843.85,1,Cash,1638.95
BF00411,07-08-2024,Zachary Baldwin,26-35,Other,West Joelburgh,New Mexico,Party,Clothing,37625,12,33110,4,Credit Card,6156.35
BF00412,16-10-2023,Timothy Ward,26-35,Female,New Andrea,Minnesota,Ten,Beauty,39287,47,20822.11,3,Cash,1045.9
BF00413,01-08-2024,Lisa Morse,46-60,Female,Oneillview,New Mexico,Arm,Beauty,545,61,212.55,3,Credit Card,23.62
BF00414,22-11-2023,Bradley Beck,60+,Female,West Kyle,Montana,Billion,Beauty,10025,52,4812,4,UPI,1008.13
BF00415,07-07-2024,Morgan White,60+,Male,Rebeccaview,Texas,Activity,Home Appliances,23592,23,18165.84,2,Credit Card,3211.39
BF00416,25-11-2023,Christopher West,26-35,Female,Martinmouth,North Carolina,When,Toys,35599,58,14951.58,4,UPI,1284.09
BF00417,01-04-2024,Adam Morrison,26-35,Other,Jackshire,New Hampshire,Material,Clothing,22752,10,20476.8,4,Debit Card,4136.37
BF00418,24-05-2024,Christopher Graves,18-25,Other,Lynchchester,South Carolina,More,Sports,32019,20,25615.2,1,Credit Card,5633.17
BF00419,06-02-2024,Melanie Shaffer,36-45,Other,Lake Chad,Michigan,Recent,Home Appliances,24578,32,16713.04,1,UPI,2308.31
BF00420,04-11-2023,Jasmin Brown,60+,Other,North John,New Mexico,Boy,Toys,46873,54,21561.58,2,Cash,4734.33
BF00421,02-10-2024,Daniel Erickson,18-25,Male,West Jon,Pennsylvania,Sister,Electronics,18868,71,5471.72,1,Cash,280.83
BF00422,06-11-2023,Sheila Yu,18-25,Other,Port Timothy,Louisiana,Process,Clothing,36466,13,31725.42,4,Debit Card,5119.8
BF00423,04-02-2024,Steven Moreno,18-25,Other,Alexanderhaven,Vermont,Act,Sports,22041,62,8375.58,4,Gift Card,1176.94
BF00424,30-11-2023,Jessica Escobar,46-60,Female,Port Justinton,Pennsylvania,Cut,Toys,11615,39,7085.15,4,Credit Card,943.15
BF00425,14-04-2024,Karen Dixon,36-45,Male,Nielsenbury,Virginia,Line,Beauty,1785,46,963.9,1,Debit Card,192
BF00426,18-08-2024,Candice West,60+,Other,North James,Nevada,Project,Clothing,37944,63,14039.28,4,Cash,2091.38
BF00427,31-01-2024,April Perez,36-45,Other,East Brianmouth,Montana,Require,Toys,31724,62,12055.12,1,Credit Card,2935.62
BF00428,28-03-2024,Christopher Estrada,26-35,Female,Port Michelle,Georgia,Option,Beauty,44887,35,29176.55,1,UPI,4625.81
BF00429,30-01-2024,Michael Humphrey,36-45,Male,West Danielberg,New Jersey,Enter,Electronics,14172,59,5810.52,4,Cash,1209.81
BF00430,06-11-2023,Tiffany Williams,26-35,Male,Coffeyside,Arizona,Talk,Clothing,41782,15,35514.7,1,Debit Card,7432.42
BF00431,06-07-2024,Catherine Rodriguez,26-35,Female,Jeffreyville,Kentucky,Long,Home Appliances,23096,46,12471.84,4,Cash,1387.97
BF00432,12-08-2024,Steven Hall,36-45,Female,North Marcusburgh,Kentucky,Father,Sports,47413,68,15172.16,1,Credit Card,3701.5
BF00433,14-12-2023,Amber Rose,36-45,Male,Janetport,Nebraska,Door,Sports,20368,57,8758.24,1,Gift Card,860.47
BF00434,12-09-2024,Tammy Harris,60+,Other,Lindafort,New Mexico,Rich,Clothing,24329,45,13380.95,4,Debit Card,858.61
BF00435,20-08-2024,Jeff Ramirez,60+,Female,New Heather,Iowa,You,Toys,22680,38,14061.6,4,Cash,2895.43
BF00436,13-09-2024,Steven Bradley,36-45,Male,North Meredithburgh,Nevada,Positive,Home Appliances,19566,48,10174.32,1,Credit Card,901.22
BF00437,01-12-2023,Douglas Rogers,18-25,Male,East James,Idaho,Marriage,Electronics,36282,52,17415.36,4,Credit Card,2436.05
BF00438,07-12-2023,Karen Love,60+,Other,Amandaview,Pennsylvania,Collection,Toys,31947,48,16612.44,4,UPI,1155.51
BF00439,09-12-2023,Jennifer Yates,26-35,Male,Amandaland,Tennessee,Name,Sports,35113,13,30548.31,3,UPI,4101.78
BF00440,23-11-2023,Sherry Ramirez,18-25,Other,Stevensfort,Oklahoma,Threat,Electronics,34430,31,23756.7,2,Gift Card,1687.65
BF00441,04-01-2024,Julie Sellers,18-25,Male,North Tiffany,Pennsylvania,Up,Beauty,19475,75,4868.75,3,Debit Card,1137.86
BF00442,22-11-2023,Terrence Hardy,46-60,Male,Mcintyrehaven,Alabama,Baby,Home Appliances,8886,26,6575.64,4,UPI,1015.31
BF00443,19-03-2024,Brooke Edwards,46-60,Other,Danielshire,Arkansas,Day,Beauty,20782,30,14547.4,4,Debit Card,2591.88
BF00444,04-09-2024,Derek English,36-45,Female,Donaldside,Wisconsin,Other,Clothing,37104,56,16325.76,2,UPI,2037.44
BF00445,29-06-2024,Melanie Jacobson,60+,Other,North Jo,Wyoming,Their,Home Appliances,35130,71,10187.7,1,Credit Card,2112.73
BF00446,27-06-2024,Edward Smith,18-25,Female,North Caitlyn,Wisconsin,Material,Beauty,33871,78,7451.62,2,Debit Card,1844.92
BF00447,07-04-2024,Matthew Saunders,26-35,Male,Morganhaven,Ohio,Buy,Electronics,43663,54,20084.98,3,UPI,2714.75
BF00448,07-08-2024,Michelle Vega,36-45,Other,Stevenmouth,Vermont,Ability,Electronics,21714,51,10639.86,3,Debit Card,1009.11
BF00449,23-12-2023,Michael Ayers,36-45,Female,East Robert,South Carolina,Ok,Electronics,6391,77,1469.93,3,UPI,152.25
BF00450,06-10-2024,Joshua Yates,18-25,Female,Butlerhaven,Alaska,Pay,Beauty,6807,67,2246.31,4,Credit Card,164.31
BF00451,03-10-2024,Raymond Mcmillan,26-35,Other,South Christinafurt,Mississippi,Require,Clothing,7333,19,5939.73,3,UPI,1164.65
BF00452,02-06-2024,Jeffrey Scott,46-60,Male,South Jessicashire,Utah,Training,Sports,16820,52,8073.6,2,Gift Card,820.63
BF00453,25-07-2024,Carrie Mcdonald,46-60,Other,West Josephport,Arizona,Mr,Toys,29324,61,11436.36,3,Gift Card,2776.87
BF00454,12-02-2024,Michael Branch,36-45,Female,Dominguezfort,South Dakota,Local,Toys,31068,30,21747.6,1,Debit Card,1998.61
BF00455,06-07-2024,Victoria Mcfarland,60+,Male,Davishaven,Wyoming,Natural,Clothing,43868,23,33778.36,4,Gift Card,5955.74
BF00456,09-12-2023,Shannon Burns DVM,18-25,Female,Ryanfort,Florida,Edge,Home Appliances,15052,64,5418.72,4,Credit Card,1310.96
BF00457,10-07-2024,Amanda Collins,46-60,Male,Watsonbury,Nevada,Bar,Electronics,48381,74,12579.06,4,UPI,2498.7
BF00458,24-06-2024,Theresa Hamilton,18-25,Female,West David,West Virginia,Here,Electronics,3761,20,3008.8,1,Cash,437.13
BF00459,10-08-2024,Angela Sutton,18-25,Other,Lake Stevenfort,Colorado,Than,Clothing,16376,66,5567.84,4,Cash,1152.33
BF00460,25-11-2023,Joseph Mcgrath,60+,Other,Jeremytown,Hawaii,Success,Beauty,47772,60,19108.8,1,UPI,3659.81
BF00461,08-02-2024,Cody Campos,60+,Male,Port Lisa,Louisiana,Money,Beauty,29775,28,21438,2,Gift Card,3563.11
BF00462,09-08-2024,Cynthia Thompson,26-35,Male,Amandahaven,Louisiana,Special,Electronics,33961,79,7131.81,1,Debit Card,560.41
BF00463,19-05-2024,Jennifer Schmidt,36-45,Other,Dakotashire,Ohio,Simple,Toys,8725,16,7329,2,Credit Card,370.7
BF00464,10-07-2024,Charles Burns,18-25,Male,Vickieview,North Dakota,Television,Electronics,15501,24,11780.76,2,Debit Card,1112.8
BF00465,28-04-2024,Jason Benson,60+,Male,Garrettshire,Nebraska,Yes,Electronics,14586,35,9480.9,1,Credit Card,1615.81
BF00466,06-11-2023,Jonathan Johnson,18-25,Male,Thompsontown,Arizona,Program,Sports,26112,74,6789.12,4,Credit Card,467.33
BF00467,14-06-2024,Julia Taylor,60+,Other,Dawnbury,Tennessee,Leader,Toys,38712,49,19743.12,3,Debit Card,1343.24
BF00468,27-03-2024,Michelle Little,46-60,Male,North Mark,Texas,Employee,Clothing,31660,55,14247,2,Cash,2467.05
BF00469,19-11-2023,Brian Clark,36-45,Female,West Ryan,North Dakota,Nothing,Electronics,14166,26,10482.84,2,Debit Card,786.13
BF00470,08-03-2024,Jonathan Garcia,26-35,Female,West Nancy,Kansas,Concern,Sports,33656,48,17501.12,4,Debit Card,1504.18
BF00471,15-03-2024,David Conner,60+,Female,South Erikton,Florida,Machine,Electronics,13932,11,12399.48,4,Gift Card,2510.95
BF00472,05-12-2023,Steven Thompson,26-35,Female,Lake Micheleton,Idaho,Where,Beauty,18123,70,5436.9,2,Gift Card,1343.6
BF00473,14-08-2024,Ralph Schwartz,36-45,Female,Isaacfurt,West Virginia,Movie,Clothing,32072,55,14432.4,2,Cash,1535.08
BF00474,22-02-2024,Thomas Ingram,36-45,Other,New George,Alaska,Movie,Home Appliances,25000,68,8000,1,Credit Card,1796.04
BF00475,04-09-2024,Jesse Day,46-60,Male,Marymouth,Rhode Island,Either,Home Appliances,36835,36,23574.4,2,Gift Card,1648.63
BF00476,26-08-2024,Jason Tanner,36-45,Other,South Scottstad,Colorado,Yourself,Electronics,4380,64,1576.8,3,Gift Card,202.85
BF00477,20-12-2023,Vanessa Duncan,60+,Other,Kennethburgh,Arizona,Finish,Clothing,30039,18,24631.98,3,Cash,4862.4
BF00478,12-10-2023,Amber Silva,26-35,Female,Vargasport,Montana,Congress,Clothing,540,51,264.6,2,Credit Card,24.81
BF00479,06-10-2024,Danny Hart,46-60,Male,Port Sarah,Texas,Major,Home Appliances,46616,73,12586.32,4,UPI,946.84
BF00480,20-12-2023,Madison Webb,36-45,Male,Emilyhaven,Maine,Only,Home Appliances,36685,74,9538.1,2,UPI,1157.55
BF00481,10-03-2024,William Brennan,18-25,Female,New Jacobchester,Arkansas,Marriage,Electronics,38620,65,13517,4,Gift Card,1429.49
BF00482,06-11-2023,Carl Gutierrez,46-60,Other,West Kimberly,Montana,It,Toys,27682,32,18823.76,3,Debit Card,1352.14
BF00483,17-12-2023,Dawn Myers,26-35,Male,South Donna,Indiana,Month,Home Appliances,32286,73,8717.22,4,Gift Card,2174.51
BF00484,03-05-2024,Kenneth Chavez,18-25,Male,Kristatown,North Carolina,What,Clothing,31036,36,19863.04,1,Cash,2473.76
BF00485,22-01-2024,Kimberly Stevenson,26-35,Male,Lake Darryl,Ohio,Expert,Toys,7956,75,1989,1,Cash,260.47
BF00486,20-10-2023,Maria Bell,60+,Male,Marshallfurt,Rhode Island,Issue,Electronics,40489,24,30771.64,3,Debit Card,3758.17
BF00487,11-01-2024,Sheila Higgins,46-60,Other,New Davidfort,Oregon,Purpose,Sports,47741,63,17664.17,1,Cash,4200.53
BF00488,01-01-2024,Loretta Pruitt,18-25,Male,Kathleentown,New Hampshire,Position,Clothing,25408,64,9146.88,3,UPI,640.15
BF00489,27-02-2024,Tiffany Smith,60+,Male,Jennifertown,Washington,Hold,Toys,37308,30,26115.6,1,Cash,4160.67
BF00490,26-07-2024,Adam Graves,36-45,Female,Rodriguezfurt,Arkansas,Budget,Sports,19155,31,13216.95,1,Debit Card,2739.25
BF00491,21-07-2024,Todd Mcdonald,60+,Female,Lake John,Rhode Island,Hope,Clothing,12110,10,10899,1,Debit Card,1751.26
BF00492,13-09-2024,Jeremy Smith,26-35,Female,South Elizabeth,Florida,Detail,Home Appliances,15417,25,11562.75,1,Gift Card,2364.81
BF00493,25-08-2024,Natasha Taylor,60+,Female,Lake Cindy,Kentucky,Population,Beauty,47216,32,32106.88,2,Gift Card,3698.67
BF00494,08-10-2024,Michelle Mitchell,46-60,Male,East Fernandoville,Ohio,Better,Clothing,38694,39,23603.34,1,Debit Card,2678.59
BF00495,13-10-2023,Justin Mathis,36-45,Other,Riverabury,Florida,Huge,Sports,30437,16,25567.08,2,Cash,2629.26
BF00496,24-05-2024,Michelle Ramos,46-60,Male,Mannland,West Virginia,Suffer,Electronics,49718,64,17898.48,2,Gift Card,2866.46
BF00497,21-02-2024,Brian Wall,36-45,Male,Copelandshire,Florida,Range,Beauty,46868,27,34213.64,4,Credit Card,6411.23
BF00498,28-06-2024,Kerri Lucas,60+,Other,Matthewville,Tennessee,Help,Electronics,19417,33,13009.39,1,Cash,2463.82
BF00499,25-04-2024,James Garcia,36-45,Male,Mitchellside,New Mexico,Election,Clothing,40772,12,35879.36,4,Cash,2073.42
BF00500,01-11-2023,Eric Wright,46-60,Male,Port Paula,South Carolina,Line,Home Appliances,23694,57,10188.42,2,Credit Card,1421.62
BF00501,09-08-2024,Sabrina Medina,18-25,Female,Lake Andreview,Ohio,Choose,Clothing,36689,69,11373.59,4,Debit Card,1008.52
BF00502,09-11-2023,Melinda Zavala,26-35,Male,Daniellefurt,Illinois,Give,Sports,25986,74,6756.36,2,Cash,1664.73
BF00503,09-02-2024,Heather Camacho,26-35,Female,South Mario,North Dakota,Thing,Home Appliances,25215,51,12355.35,4,UPI,2910.03
BF00504,22-07-2024,Monica Todd,18-25,Male,Turnerhaven,Maryland,Society,Beauty,17851,49,9104.01,3,Gift Card,1541.91
BF00505,30-07-2024,Linda Rodriguez,26-35,Female,Mendozafort,Louisiana,As,Clothing,37319,15,31721.15,3,Credit Card,5253.3
BF00506,17-08-2024,Nicholas Gonzales MD,36-45,Male,East Kayla,Arizona,Accept,Electronics,27548,35,17906.2,2,Cash,3769.93
BF00507,22-03-2024,Caleb Crawford,36-45,Female,Port Kimberlyfurt,Alaska,Bring,Electronics,23134,41,13649.06,4,UPI,2243.47
BF00508,29-02-2024,Abigail Carlson,36-45,Male,Lake Timothy,South Dakota,End,Electronics,16025,26,11858.5,3,Gift Card,2752.97
BF00509,24-02-2024,Patrick Jackson,18-25,Male,Lake Jeffreystad,South Carolina,Occur,Toys,44420,21,35091.8,2,Cash,5880.85
BF00510,25-01-2024,Michael Anderson,26-35,Male,Scottmouth,Oklahoma,Student,Toys,17010,58,7144.2,2,Debit Card,1415.41
BF00511,20-12-2023,Linda Johnson,18-25,Other,Willieshire,Georgia,Live,Sports,26726,54,12293.96,2,Credit Card,1384.8
BF00512,20-10-2023,Stephanie Little,26-35,Male,New Jasonhaven,Nevada,Rich,Beauty,9410,40,5646,3,Debit Card,419.81
BF00513,10-04-2024,Rachel Graham,46-60,Male,Masonstad,Missouri,Expect,Toys,27227,13,23687.49,4,Debit Card,3404.06
BF00514,13-06-2024,Joshua Graves,26-35,Female,Christopherberg,Delaware,Party,Beauty,37084,49,18912.84,1,Credit Card,4364.21
BF00515,07-06-2024,Nicole Chen,46-60,Male,Lake Melody,West Virginia,Establish,Sports,29782,41,17571.38,2,Gift Card,4136.49
BF00516,24-03-2024,Corey Salazar,36-45,Female,Romerotown,Maryland,Wrong,Beauty,36605,76,8785.2,3,Gift Card,1174.43
BF00517,20-06-2024,Sarah Waters,60+,Male,Alvaradoberg,Maine,Life,Sports,21636,20,17308.8,3,Credit Card,2667.5
BF00518,15-05-2024,Dwayne Sanchez,26-35,Other,New Kristine,Utah,Situation,Electronics,4071,46,2198.34,3,Debit Card,459.02
BF00519,04-06-2024,Dr. Aaron Yang Jr.,26-35,Other,Parkerbury,Illinois,Site,Sports,27465,30,19225.5,1,Credit Card,3194.29
BF00520,22-06-2024,Jamie Guzman,26-35,Other,Maryshire,Minnesota,Hundred,Sports,12686,37,7992.18,4,Credit Card,1199.36
BF00521,21-05-2024,Catherine Wagner,60+,Female,Port Patricia,Nebraska,Reveal,Sports,3100,68,992,3,Debit Card,123.22
BF00522,20-07-2024,Brandon King,36-45,Male,Sandraport,Kansas,Stage,Electronics,42653,34,28150.98,2,UPI,6898.89
BF00523,30-06-2024,Megan Rodriguez,60+,Female,Lake Christineburgh,Hawaii,Every,Beauty,4658,13,4052.46,3,Debit Card,802.51
BF00524,07-07-2024,Nicholas Allen,36-45,Male,Lake Anthony,Nebraska,Necessary,Sports,42976,56,18909.44,1,Debit Card,4295.13
BF00525,25-04-2024,Kelly Roy,36-45,Other,Castrofurt,Texas,Song,Sports,19023,68,6087.36,2,Debit Card,792.03
BF00526,02-07-2024,Maria Rose,26-35,Other,Johnnytown,New York,These,Sports,29431,30,20601.7,4,Cash,2461.57
BF00527,05-05-2024,Hannah Williams,26-35,Male,West Jessicachester,Kentucky,Spend,Sports,32922,57,14156.46,2,Cash,2541.59
BF00528,22-12-2023,Sydney Daniels,46-60,Other,Port Cindy,New Hampshire,During,Toys,47585,76,11420.4,1,Credit Card,1775.49
BF00529,20-11-2023,Patricia Hansen,26-35,Male,Port Alison,Mississippi,Stock,Electronics,22592,63,8359.04,3,Gift Card,1138.83
BF00530,06-05-2024,George Collins,18-25,Female,Sandersfort,Alaska,Issue,Clothing,43865,54,20177.9,4,UPI,2521.88
BF00531,26-04-2024,Kimberly Marks,18-25,Other,Jasontown,Hawaii,Stop,Home Appliances,48035,75,12008.75,1,Debit Card,2872.99
BF00532,26-03-2024,Charles Smith,26-35,Male,West Sheila,Alabama,Book,Beauty,16096,31,11106.24,3,Credit Card,2664.02
BF00533,27-04-2024,Richard Ellis,26-35,Female,Lake Natashaton,Connecticut,Month,Toys,24158,58,10146.36,2,Gift Card,1050.6
BF00534,06-01-2024,Daniel Moore,18-25,Male,Littleberg,Massachusetts,May,Electronics,23208,71,6730.32,1,Debit Card,1373.44
BF00535,16-03-2024,Eric King,36-45,Other,West Maria,Wyoming,Pass,Clothing,6045,42,3506.1,3,Debit Card,421.41
BF00536,27-10-2023,Anna Wilcox PhD,36-45,Other,Martinezport,Missouri,Whose,Electronics,18048,29,12814.08,3,Debit Card,3197.51
BF00537,06-11-2023,Daniel Martin,36-45,Female,Port Andrea,New Mexico,Without,Clothing,33523,65,11733.05,2,Debit Card,1591.33
BF00538,07-11-2023,Brandon Martinez,36-45,Male,Raymondview,Arizona,Easy,Clothing,7613,32,5176.84,4,Debit Card,768.63
BF00539,05-12-2023,Anna Taylor,36-45,Other,Emilyburgh,Tennessee,Training,Electronics,7178,34,4737.48,4,Cash,447.64
BF00540,18-03-2024,Harold Brown,46-60,Other,Jacksonmouth,Vermont,Industry,Sports,32580,58,13683.6,3,Gift Card,2802.26
BF00541,01-11-2023,Stephanie Perez,36-45,Other,Fergusonchester,Alabama,Necessary,Toys,38833,28,27959.76,2,Gift Card,2220.78
BF00542,16-01-2024,Tracy Mckinney,36-45,Male,Walterfort,Tennessee,Case,Electronics,44299,34,29237.34,3,UPI,4667.14
BF00543,22-08-2024,Mitchell Herman,46-60,Other,Shannonville,Alaska,Mr,Clothing,28886,10,25997.4,3,Debit Card,5778.33
BF00544,18-12-2023,Mary Lewis,46-60,Female,Stephaniefort,Delaware,Doctor,Home Appliances,4629,43,2638.53,4,Credit Card,348.55
BF00545,10-07-2024,Megan Jones,26-35,Female,Anitaview,Massachusetts,Fall,Sports,45327,10,40794.3,3,Cash,8065.95
BF00546,13-08-2024,Kathy Moore,60+,Other,Port Amyburgh,Connecticut,Pressure,Home Appliances,44126,57,18974.18,3,Debit Card,2533.15
BF00547,02-06-2024,Lauren Lee,46-60,Female,East Kathryn,Florida,Find,Toys,15150,15,12877.5,2,UPI,2280.89
BF00548,19-09-2024,Benjamin Burke,26-35,Female,South Stephaniemouth,Texas,Himself,Toys,32486,39,19816.46,2,Gift Card,3492.3
BF00549,03-07-2024,Sarah Walton,46-60,Male,Butlerhaven,Utah,Weight,Beauty,24370,10,21933,2,Gift Card,4912.42
BF00550,17-04-2024,Mr. John Paul,46-60,Female,Port Kellyville,Virginia,Right,Clothing,23629,26,17485.46,4,Credit Card,3278.81
BF00551,19-08-2024,Lisa Bryan,36-45,Other,Lisaton,Missouri,Tough,Clothing,5084,44,2847.04,4,Debit Card,248.85
BF00552,18-03-2024,John Sparks,36-45,Male,Jacksonview,New Jersey,Protect,Clothing,16270,11,14480.3,1,Gift Card,1196.63
BF00553,24-10-2023,Ms. Lisa Rogers,18-25,Female,New Nicolemouth,Alaska,Let,Sports,3216,20,2572.8,3,Credit Card,443.63
BF00554,29-08-2024,Deanna Smith,60+,Male,Lake David,Idaho,Front,Beauty,41876,77,9631.48,2,UPI,1856.07
BF00555,19-02-2024,Noah Hansen,46-60,Female,Cynthiabury,Ohio,Run,Clothing,24700,54,11362,3,Debit Card,698.46
BF00556,20-09-2024,Christine Moody,18-25,Male,Castilloland,Tennessee,Those,Sports,7530,13,6551.1,2,Cash,1013.72
BF00557,27-12-2023,Joanna Jones,18-25,Other,New Crystalburgh,Louisiana,Once,Beauty,23114,53,10863.58,2,Gift Card,2516.79
BF00558,26-02-2024,Christina Robinson,36-45,Male,Jeffreyberg,North Dakota,Into,Toys,36553,43,20835.21,1,Gift Card,4411.37
BF00559,06-03-2024,Leah Bates,36-45,Male,Kyleview,Iowa,Very,Sports,32318,55,14543.1,1,UPI,2565.59
BF00560,24-12-2023,Randy Rogers,60+,Male,New Chrisfurt,Tennessee,East,Sports,13046,31,9001.74,4,Gift Card,1504.41
BF00561,25-01-2024,Tracy Wiggins,60+,Male,Port Marissaside,Georgia,Cultural,Toys,24062,32,16362.16,2,Debit Card,2862.15
BF00562,09-06-2024,Erica Peterson,18-25,Female,East Kennethside,South Carolina,Born,Electronics,39067,77,8985.41,4,Gift Card,1525.51
BF00563,28-06-2024,Bradley Miller,36-45,Male,South Paul,Delaware,Lot,Beauty,39336,22,30682.08,4,Cash,6215.81
BF00564,14-03-2024,Scott Wilson,46-60,Male,New Jimmyport,Ohio,Figure,Beauty,25023,36,16014.72,4,Debit Card,2504.01
BF00565,09-08-2024,William Stevens,46-60,Male,Jonathanchester,Idaho,Sure,Toys,47923,49,24440.73,2,Cash,5759.28
BF00566,26-01-2024,Jennifer Gonzalez,26-35,Male,Amandabury,New Jersey,Third,Sports,44111,45,24261.05,3,Credit Card,3081.6
BF00567,30-01-2024,Patricia Dillon,18-25,Other,East Jody,Washington,Individual,Home Appliances,27477,56,12089.88,3,Credit Card,1601.56
BF00568,17-02-2024,Anthony Pierce,60+,Female,Melodybury,Maine,Lawyer,Electronics,21976,68,7032.32,3,Gift Card,394.02
BF00569,22-04-2024,Stephanie Ramirez,18-25,Male,Port Samuel,Washington,Community,Sports,20732,24,15756.32,3,Gift Card,2138.64
BF00570,27-11-2023,Susan Wang,46-60,Female,North Ashleyside,West Virginia,Yet,Beauty,19739,41,11646.01,4,UPI,2164.06
BF00571,04-09-2024,Elizabeth Peterson,36-45,Other,Shannonland,South Carolina,Space,Beauty,5095,27,3719.35,2,UPI,277.52
BF00572,27-04-2024,Jeffrey Warren,60+,Other,Elliottberg,Maine,Form,Beauty,855,39,521.55,3,Cash,33.44
BF00573,27-12-2023,Sue Gray,26-35,Female,Michaelshire,Rhode Island,Suddenly,Electronics,29340,72,8215.2,4,Debit Card,1180.36
BF00574,30-12-2023,Carolyn Diaz,36-45,Other,Jacquelineland,Arizona,Despite,Toys,19486,55,8768.7,4,Credit Card,2028.22
BF00575,20-08-2024,David Martin,46-60,Other,Ericstad,Iowa,Become,Electronics,20055,39,12233.55,1,Cash,1617.24
BF00576,08-02-2024,Linda Bonilla,36-45,Other,Ashleyfurt,Wyoming,Through,Electronics,4546,61,1772.94,2,Debit Card,210.06
BF00577,04-11-2023,Rebekah Thompson,36-45,Male,New Jamesmouth,Iowa,Decide,Beauty,37047,52,17782.56,3,Debit Card,1426.75
BF00578,06-05-2024,Nancy Powell,36-45,Female,Elizabethchester,South Dakota,Image,Home Appliances,39549,26,29266.26,3,UPI,6002.03
BF00579,16-12-2023,Carla Leonard,46-60,Male,New Amandatown,Montana,Clearly,Sports,39276,70,11782.8,3,UPI,2296.67
BF00580,30-07-2024,Jay Bruce,46-60,Female,South Tylerport,Texas,Leg,Sports,43771,65,15319.85,3,Gift Card,2704.76
BF00581,28-08-2024,Alexander Norman,26-35,Male,West Jade,Louisiana,Sure,Home Appliances,38495,50,19247.5,3,Cash,2185.16
BF00582,10-10-2024,Alexandria Harvey,36-45,Female,Jessicaton,Michigan,Wish,Sports,41011,45,22556.05,4,UPI,3298.73
BF00583,07-08-2024,Nicholas Stephens,60+,Other,Heathermouth,Louisiana,Change,Clothing,18678,68,5976.96,4,Credit Card,477.98
BF00584,21-12-2023,Ashley Salinas,18-25,Male,Port Elizabeth,Massachusetts,Affect,Clothing,37894,38,23494.28,4,Debit Card,5612.57
BF00585,29-03-2024,Dr. Joshua Moore,46-60,Female,Hessmouth,New Jersey,May,Clothing,26677,49,13605.27,1,Cash,2339.57
BF00586,02-10-2024,Jared Daniel,36-45,Male,West Elizabethtown,Arizona,Region,Clothing,32716,52,15703.68,3,UPI,3693.23
BF00587,26-03-2024,Louis Tucker,18-25,Male,Oconnorbury,Maryland,Keep,Sports,32351,57,13910.93,1,Credit Card,2974.07
BF00588,03-06-2024,Jacob Ryan,36-45,Other,North Willie,California,Account,Clothing,25343,50,12671.5,2,Credit Card,1824.77
BF00589,24-12-2023,Heather Lawson PhD,18-25,Female,Lake Samantha,Kentucky,Suggest,Clothing,19224,59,7881.84,4,Credit Card,1326.59
BF00590,10-09-2024,Sarah Flores,36-45,Female,Stephenton,New Hampshire,Look,Home Appliances,39782,24,30234.32,2,Debit Card,3991.05
BF00591,22-10-2023,Kimberly Reed,60+,Male,Hartmanberg,North Carolina,Whom,Toys,14539,44,8141.84,1,Debit Card,577.69
BF00592,08-07-2024,Thomas Olson,46-60,Other,Kellyshire,Connecticut,Also,Clothing,24792,34,16362.72,1,UPI,1051.8
BF00593,30-08-2024,Dr. Casey Tucker,46-60,Male,East Laurenland,New Jersey,Produce,Sports,24482,70,7344.6,3,Gift Card,1102.59
BF00594,07-03-2024,Mary Martinez,36-45,Other,New Christinefort,Pennsylvania,Behavior,Electronics,40806,74,10609.56,4,Cash,2247.35
BF00595,16-04-2024,Tracy Lopez,46-60,Male,South Williammouth,Arizona,According,Clothing,48568,52,23312.64,4,Cash,4636.52
BF00596,02-11-2023,Kerry Cannon,26-35,Other,Stewartbury,New Mexico,Party,Toys,44779,10,40301.1,3,Debit Card,8716.14
BF00597,13-02-2024,Kaitlyn Lewis,46-60,Male,Jerryland,Arizona,Commercial,Beauty,36453,56,16039.32,4,Credit Card,2132.17
BF00598,11-01-2024,Julie Lee,46-60,Other,Port Jamesstad,New Mexico,Sea,Sports,36654,76,8796.96,3,Debit Card,1064.04
BF00599,14-05-2024,Kenneth Love,60+,Male,Youngland,Missouri,Senior,Home Appliances,37216,66,12653.44,2,Credit Card,1576.71
BF00600,13-06-2024,Trevor Davis Jr.,36-45,Female,Port Dana,Minnesota,Trip,Electronics,34401,73,9288.27,3,Debit Card,1852.42
BF00601,16-06-2024,Amy Bennett,26-35,Other,Port Lindsaymouth,Illinois,Raise,Home Appliances,28066,13,24417.42,3,Credit Card,2065.87
BF00602,24-06-2024,Holly Smith,46-60,Other,Brandonborough,Nevada,Sort,Clothing,45385,39,27684.85,4,Credit Card,4738.83
BF00603,11-02-2024,Tammy Riley,60+,Female,Port Susan,Rhode Island,Claim,Toys,8561,52,4109.28,3,Debit Card,790.38
BF00604,31-08-2024,Todd Johnson,46-60,Female,Tracyland,New York,Seat,Home Appliances,47502,30,33251.4,2,Gift Card,7501.66
BF00605,21-09-2024,Tracy Sloan,36-45,Other,Paulbury,Georgia,Listen,Beauty,8687,21,6862.73,2,UPI,723.82
BF00606,30-07-2024,Matthew Cox,18-25,Other,Amandaton,Minnesota,Action,Clothing,38108,53,17910.76,2,Gift Card,2415.87
BF00607,17-05-2024,Dylan Escobar,36-45,Female,East Roger,Connecticut,Dinner,Beauty,26417,43,15057.69,2,Gift Card,1630.51
BF00608,27-08-2024,Andrea Walter,26-35,Male,Pinedaside,Florida,Able,Clothing,9532,25,7149,1,Debit Card,405.73
BF00609,03-12-2023,Jeffrey Vincent,26-35,Other,Derekfurt,Illinois,Group,Clothing,45637,19,36965.97,4,Gift Card,4057.49
BF00610,01-04-2024,Eileen Walker,36-45,Male,Vangchester,Iowa,Edge,Electronics,15382,53,7229.54,4,Gift Card,535.33
BF00611,14-08-2024,Craig Brown,18-25,Female,Robbinston,Virginia,Small,Toys,43001,60,17200.4,4,Debit Card,1369.86
BF00612,01-01-2024,Dennis Tran,46-60,Other,Foleyside,Oklahoma,Hair,Home Appliances,31017,36,19850.88,3,Gift Card,2362.88
BF00613,18-03-2024,Allison Phillips,60+,Female,Port Nathaniel,Hawaii,Low,Home Appliances,15888,21,12551.52,3,Cash,1258.04
BF00614,04-12-2023,Adam Pham,46-60,Female,Molinamouth,Michigan,Win,Clothing,46776,31,32275.44,2,Credit Card,2721.01
BF00615,03-11-2023,Meredith Perry,46-60,Other,Kennedyville,Indiana,General,Clothing,45642,14,39252.12,2,UPI,7983.27
BF00616,12-08-2024,Holly Perkins,18-25,Other,New Madison,North Dakota,Develop,Electronics,28658,18,23499.56,4,Debit Card,5271
BF00617,03-11-2023,Charles Andrews,26-35,Female,Katiestad,Rhode Island,Growth,Sports,30518,35,19836.7,1,Gift Card,1904.57
BF00618,05-07-2024,Kathy Harper,60+,Male,Torresfurt,Pennsylvania,Data,Clothing,40298,37,25387.74,2,Gift Card,2584.03
BF00619,01-10-2024,Michael Merritt,36-45,Male,Smithmouth,Michigan,Ago,Toys,1654,41,975.86,4,Cash,158.22
BF00620,10-06-2024,Jacob Lambert,60+,Other,Jessicaport,West Virginia,Hope,Sports,23214,48,12071.28,3,Credit Card,640.97
BF00621,29-03-2024,Melinda Bell,46-60,Female,Lake Karen,Iowa,Allow,Beauty,37249,25,27936.75,1,Cash,1567.17
BF00622,08-11-2023,Amanda Petersen,46-60,Female,Karafort,Maryland,Billion,Clothing,14109,56,6207.96,1,Gift Card,1100.85
BF00623,05-05-2024,Eric Brooks,60+,Other,East Joelbury,South Carolina,Term,Electronics,11435,35,7432.75,1,Gift Card,588.14
BF00624,03-03-2024,Jordan Robbins,26-35,Female,New Connorfurt,Iowa,Fire,Electronics,38369,45,21102.95,2,UPI,2264.97
BF00625,19-06-2024,Michael Maldonado,60+,Other,North Christopherstad,Kentucky,Wide,Home Appliances,42764,48,22237.28,2,Gift Card,5415.16
BF00626,13-06-2024,Jared Brown,36-45,Male,Kaylafort,Ohio,Table,Toys,21169,61,8255.91,1,Cash,2052.48
BF00627,07-02-2024,Stacey Mcbride,60+,Female,Jenniferfurt,New Mexico,Finish,Beauty,10049,78,2210.78,4,Debit Card,151.33
BF00628,09-12-2023,Leslie Velez,60+,Male,West Ryanchester,Texas,North,Clothing,29012,49,14796.12,4,UPI,1688.29
BF00629,29-08-2024,Andrew Lawrence,26-35,Female,East Ginaport,New Hampshire,Success,Toys,21916,67,7232.28,4,Gift Card,1050.42
BF00630,21-04-2024,Dawn Mccarthy,60+,Male,Tannerland,Ohio,Today,Beauty,4999,29,3549.29,4,Credit Card,515.55
BF00631,08-08-2024,Michelle Sweeney,26-35,Male,South Jennifermouth,Kentucky,Song,Toys,32861,10,29574.9,1,Debit Card,4261.68
BF00632,19-07-2024,Dr. Jason Horn MD,46-60,Other,Jillport,Florida,But,Clothing,38231,62,14527.78,1,Cash,2775.39
BF00633,27-10-2023,Nicole Garcia,46-60,Female,Petertown,New Hampshire,Play,Clothing,45459,62,17274.42,3,Credit Card,2735.72
BF00634,09-07-2024,Philip Mathews,18-25,Other,South Christopher,Alaska,Set,Electronics,43755,66,14876.7,1,Cash,3162.35
BF00635,10-05-2024,Frank Thomas,26-35,Female,New Ashleychester,Massachusetts,Law,Sports,22281,34,14705.46,4,UPI,2642.03
BF00636,05-01-2024,Nathaniel Lopez,46-60,Female,New Michael,North Carolina,Argue,Sports,2686,40,1611.6,4,Credit Card,146.14
BF00637,09-08-2024,Brady Simon,26-35,Other,Lake Debbie,West Virginia,Property,Toys,33586,44,18808.16,4,UPI,3133.52
BF00638,27-07-2024,Laura Reynolds,46-60,Female,Julieberg,Massachusetts,Significant,Electronics,28228,53,13267.16,3,Debit Card,3308.6
BF00639,07-12-2023,Denise Clark,60+,Female,Crystalton,South Carolina,Hot,Home Appliances,45548,65,15941.8,2,Cash,917.44
BF00640,08-12-2023,Bruce Porter,46-60,Other,Crystalshire,Virginia,Cultural,Home Appliances,19861,63,7348.57,3,Credit Card,626.87
BF00641,15-04-2024,Sarah Hawkins,46-60,Male,Hernandezberg,Connecticut,Sell,Sports,26093,53,12263.71,2,Debit Card,1164.76
BF00642,31-10-2023,Alicia Rogers,26-35,Other,Port Michelle,Illinois,Face,Clothing,13307,22,10379.46,3,Debit Card,2164.52
BF00643,22-12-2023,Ann Banks,46-60,Female,Taylorchester,Virginia,Practice,Home Appliances,19440,15,16524,3,Gift Card,2877.57
BF00644,29-08-2024,Natasha Rhodes,60+,Other,Cynthiabury,Indiana,Before,Sports,15510,76,3722.4,1,UPI,824.61
BF00645,26-11-2023,Aaron Leon,26-35,Male,Blankenshiphaven,Michigan,Gas,Clothing,20122,68,6439.04,2,UPI,409
BF00646,16-07-2024,Marvin Cherry,36-45,Other,Jenniferland,Minnesota,Health,Toys,549,79,115.29,4,Credit Card,10.77
BF00647,14-08-2024,Christopher Cardenas,46-60,Male,West Gina,Ohio,Among,Home Appliances,13923,26,10303.02,2,Credit Card,604.66
BF00648,15-06-2024,Stephen Woods,36-45,Male,Derrickfurt,Wyoming,Represent,Sports,14771,73,3988.17,1,UPI,375.18
BF00649,23-05-2024,Zachary Reyes,26-35,Male,Port Bryan,Illinois,Likely,Clothing,40491,52,19435.68,3,UPI,2009.1
BF00650,12-08-2024,Jacqueline Bradley,60+,Female,North Robert,Arkansas,Price,Clothing,3608,38,2236.96,1,Gift Card,484.23
BF00651,31-01-2024,Steve Rivera,26-35,Male,Michaelfort,Arizona,Hour,Beauty,19346,12,17024.48,4,Credit Card,1511.49
BF00652,06-05-2024,David Robbins,36-45,Other,New Ashleymouth,Delaware,Police,Clothing,4558,21,3600.82,1,Debit Card,677.37
BF00653,16-03-2024,Gregg Walker,36-45,Female,Karenfurt,Utah,Health,Toys,44784,30,31348.8,4,UPI,4877.75
BF00654,27-08-2024,Mrs. Alexandria Golden,46-60,Female,South Susan,Idaho,Her,Sports,21586,55,9713.7,4,Gift Card,678.83
BF00655,07-07-2024,Cynthia Briggs,18-25,Female,Stevensmouth,Washington,Eight,Toys,25180,12,22158.4,4,Cash,2451.77
BF00656,29-06-2024,Shannon Burke,26-35,Female,Ashleyborough,Virginia,No,Clothing,31746,58,13333.32,3,UPI,1014.23
BF00657,25-12-2023,Vincent Jordan,60+,Male,New Brenda,Iowa,Bad,Home Appliances,23901,43,13623.57,3,Credit Card,2572.89
BF00658,14-11-2023,Brittany Warren,60+,Male,East Jacquelineland,Iowa,Civil,Home Appliances,47897,14,41191.42,1,Credit Card,4708.69
BF00659,18-03-2024,Johnny Walker,26-35,Female,Lake Darrylview,Kansas,Human,Beauty,41870,12,36845.6,2,Cash,7475.03
BF00660,30-01-2024,Steven Hansen,60+,Female,Rodgersmouth,New Jersey,Nor,Home Appliances,24658,19,19972.98,4,UPI,1947.1
BF00661,02-05-2024,Bradley Aguilar,46-60,Male,Bartonfurt,South Dakota,Like,Electronics,24745,41,14599.55,2,Gift Card,3039.08
BF00662,21-09-2024,Michele Walls,46-60,Other,Kellytown,New Mexico,Morning,Electronics,16636,71,4824.44,2,Credit Card,474.24
BF00663,17-09-2024,Mark Clark,18-25,Other,Gabrielmouth,North Dakota,Hard,Sports,48038,35,31224.7,2,Debit Card,3031.92
BF00664,19-04-2024,Maria Howard,26-35,Female,Port Leonard,New Mexico,City,Home Appliances,31291,57,13455.13,4,Credit Card,1395.07
BF00665,02-03-2024,Wesley Williams,46-60,Other,Valerieton,New York,Rate,Clothing,7573,48,3937.96,3,Credit Card,457.07
BF00666,21-07-2024,Helen Jones,46-60,Female,Vasquezview,Indiana,Ever,Electronics,12072,15,10261.2,3,Cash,1452.89
BF00667,29-04-2024,Jonathan Johnson,18-25,Other,Jonathanview,Nevada,Mention,Clothing,15855,61,6183.45,3,Cash,808.5
BF00668,02-02-2024,Mark Brown,36-45,Male,Limouth,Wisconsin,Citizen,Home Appliances,22233,39,13562.13,2,Gift Card,1743.43
BF00669,07-10-2024,Mr. Brian Duncan,18-25,Male,Andreaville,New York,Knowledge,Home Appliances,12494,10,11244.6,2,UPI,2447.32
BF00670,06-01-2024,David Burke,18-25,Male,Russellbury,Arizona,Set,Home Appliances,28840,75,7210,4,Credit Card,889.74
BF00671,11-01-2024,Vanessa Garcia,18-25,Other,Port Heather,North Carolina,Society,Toys,4975,78,1094.5,4,Debit Card,247.2
BF00672,19-10-2023,Thomas Gardner,36-45,Female,Joseport,Indiana,Much,Sports,25685,45,14126.75,4,Credit Card,3209.35
BF00673,07-08-2024,Charles Garner,60+,Female,Zacharybury,Florida,Hot,Beauty,48286,73,13037.22,1,UPI,1207.6
BF00674,18-12-2023,Francis Ortega,26-35,Male,Jenniferview,Indiana,Lawyer,Beauty,24772,51,12138.28,3,Cash,1284.4
BF00675,09-07-2024,Sharon Bell,26-35,Female,East Joshuaport,Massachusetts,Sister,Toys,41562,36,26599.68,4,Cash,3380.01
BF00676,31-05-2024,Jennifer Lynch,46-60,Other,Kristenburgh,Arizona,Music,Home Appliances,4969,18,4074.58,4,Credit Card,457.69
BF00677,13-08-2024,Troy Zamora,60+,Male,Medinaview,Indiana,Family,Toys,30193,19,24456.33,3,Credit Card,3259.55
BF00678,29-11-2023,Ryan Middleton,26-35,Other,South Lindachester,Mississippi,Same,Toys,15081,18,12366.42,3,UPI,2587.4
BF00679,29-09-2024,Samantha Deleon,18-25,Male,Martinezstad,California,Might,Clothing,48331,75,12082.75,1,UPI,2493.24
BF00680,02-11-2023,Marc Williams,26-35,Female,Stephaniebury,Alabama,Stop,Toys,24241,34,15999.06,2,Credit Card,2416.15
BF00681,17-06-2024,Olivia Bennett,36-45,Female,South Jordanton,South Carolina,Again,Home Appliances,32148,21,25396.92,1,Gift Card,3249.25
BF00682,11-12-2023,Eric Evans,36-45,Female,Cynthiaview,New Hampshire,Close,Clothing,18165,28,13078.8,2,Debit Card,1931.53
BF00683,17-05-2024,Mariah Vargas,18-25,Other,Sanchezfort,Mississippi,One,Clothing,48149,74,12518.74,3,Debit Card,682.45
BF00684,03-08-2024,Troy Peterson,60+,Male,South Ricardoton,Georgia,College,Beauty,6976,74,1813.76,4,Debit Card,401.36
BF00685,05-11-2023,Michael Phillips,36-45,Other,Port Karlmouth,Indiana,Ten,Home Appliances,46982,78,10336.04,3,Gift Card,2062.68
BF00686,08-02-2024,Michael Hayes,60+,Female,North Rogermouth,Idaho,Physical,Sports,6311,56,2776.84,1,Credit Card,528.34
BF00687,08-06-2024,Christina Henderson,46-60,Other,Elizabethmouth,Nevada,Player,Clothing,7822,74,2033.72,1,Gift Card,180.28
BF00688,28-08-2024,Stephen Aguirre,60+,Female,Matthewburgh,West Virginia,Ready,Home Appliances,43506,37,27408.78,3,UPI,4559.64
BF00689,14-06-2024,Virginia Morgan,60+,Female,Codytown,Maine,Improve,Sports,16865,68,5396.8,2,Debit Card,851.69
BF00690,03-01-2024,Donna Parker,18-25,Male,Martinezfort,Colorado,Community,Beauty,17013,70,5103.9,3,Debit Card,1033.73
BF00691,17-04-2024,Shawn Richardson,26-35,Male,Jonathonchester,North Dakota,Shoulder,Clothing,17660,43,10066.2,3,Gift Card,1888.28
BF00692,11-01-2024,Katelyn Oliver,36-45,Male,Bauerburgh,New Mexico,Future,Sports,24832,78,5463.04,2,Credit Card,864
BF00693,01-10-2024,Susan Bailey,36-45,Female,Port Jacquelinehaven,Pennsylvania,War,Beauty,31790,77,7311.7,2,Debit Card,1246.78
BF00694,13-04-2024,Michael Petty,26-35,Female,Bowenland,South Dakota,Up,Beauty,29167,36,18666.88,1,UPI,3806.44
BF00695,07-08-2024,Amber Brewer,26-35,Female,Heatherstad,Vermont,Town,Home Appliances,25880,72,7246.4,2,UPI,743.25
BF00696,08-04-2024,Christopher Mueller,18-25,Male,Veronicaberg,Rhode Island,Adult,Toys,46523,60,18609.2,4,Credit Card,4527.94
BF00697,20-11-2023,Kenneth Hunter,26-35,Other,Susanmouth,Ohio,Leave,Electronics,36907,46,19929.78,2,UPI,4086.72
BF00698,25-02-2024,Sylvia Thompson,26-35,Female,East Christianshire,Alabama,Student,Beauty,18034,37,11361.42,3,UPI,2199.12
BF00699,19-02-2024,April Davis,26-35,Other,New Laurashire,Michigan,Safe,Electronics,10363,21,8186.77,3,Gift Card,567.02
BF00700,30-01-2024,Nicholas Lee,60+,Female,North James,Kansas,Star,Clothing,26573,53,12489.31,1,Credit Card,2031.54
BF00701,30-11-2023,Anthony Parker,26-35,Male,Hendersontown,Idaho,Local,Sports,13663,45,7514.65,4,Credit Card,478.38
BF00702,17-10-2023,Anthony Lopez,26-35,Male,Lake Taylorfort,Maryland,Leader,Electronics,4826,30,3378.2,4,UPI,806.43
BF00703,02-03-2024,Bailey Webb,60+,Female,North Danielle,Alaska,No,Toys,30009,35,19505.85,4,Debit Card,2111.21
BF00704,01-06-2024,Laurie Williams,36-45,Other,South Crystalshire,Washington,Require,Electronics,41148,77,9464.04,3,Gift Card,1832.95
BF00705,20-08-2024,April Rogers,36-45,Male,Guzmanside,Illinois,Dog,Electronics,16976,46,9167.04,1,Credit Card,831.64
BF00706,29-06-2024,Karen Harris,18-25,Other,New Philipmouth,Minnesota,But,Home Appliances,27215,65,9525.25,2,Gift Card,584.1
BF00707,18-10-2023,Erin Williams,46-60,Other,New Sharonfort,South Dakota,Whose,Electronics,11309,23,8707.93,1,UPI,1962.66
BF00708,18-11-2023,Daniel Hill,18-25,Male,Lake Scott,Georgia,Growth,Sports,10942,64,3939.12,2,Credit Card,800.24
BF00709,27-04-2024,Amy Thomas,60+,Male,Michelleside,Georgia,Game,Beauty,16889,75,4222.25,3,Gift Card,216.21
BF00710,11-07-2024,Willie Hurley,46-60,Female,West Shannon,Virginia,Author,Toys,24386,19,19752.66,2,Cash,3619.59
BF00711,14-03-2024,Maria Cruz,60+,Other,Port Briana,Massachusetts,Agree,Sports,35757,25,26817.75,4,Credit Card,2008.86
BF00712,05-06-2024,Kimberly Ramos,60+,Other,North Hannahville,Minnesota,Speech,Beauty,28024,39,17094.64,3,UPI,2284
BF00713,22-11-2023,Bobby Watkins,60+,Other,Jenniferview,Oregon,Job,Toys,33934,30,23753.8,2,Cash,2495.19
BF00714,26-07-2024,John Delacruz,18-25,Male,North Aliciafurt,Vermont,Security,Electronics,41176,56,18117.44,4,Credit Card,2669.34
BF00715,21-02-2024,Dawn Hill,46-60,Female,Nicholsside,Vermont,Direction,Sports,4610,12,4056.8,3,Gift Card,856.73
BF00716,16-09-2024,Francis Fischer,46-60,Other,East Kyle,New York,Hit,Sports,26650,79,5596.5,3,Cash,1007.1
BF00717,07-12-2023,Gwendolyn Miles,26-35,Female,Kevinchester,Alabama,Civil,Toys,24433,12,21501.04,3,Cash,4963
BF00718,18-11-2023,Michael Mendoza,46-60,Female,Lake Vickie,Montana,Mother,Clothing,7230,32,4916.4,4,UPI,804.18
BF00719,13-05-2024,Tricia Lopez,46-60,Other,South Crystalberg,Georgia,Produce,Home Appliances,29800,61,11622,1,Debit Card,2639.73
BF00720,16-01-2024,Andrew Tran,18-25,Other,South Gary,Idaho,Thing,Electronics,13541,34,8937.06,2,Debit Card,1098.84
BF00721,24-05-2024,Linda Calhoun,60+,Female,Benderport,Virginia,Result,Home Appliances,5251,78,1155.22,3,Debit Card,140.5
BF00722,02-08-2024,Danielle Mckinney,60+,Male,Chungmouth,South Carolina,Into,Electronics,23717,21,18736.43,2,Gift Card,4101.68
BF00723,16-11-2023,Douglas Kim,46-60,Male,Brandontown,New York,Of,Toys,31333,76,7519.92,2,Gift Card,1217.58
BF00724,27-04-2024,Melinda Barker,46-60,Female,Lisaberg,South Dakota,Full,Clothing,7932,13,6900.84,3,Debit Card,482.06
BF00725,31-10-2023,Sarah Hansen,60+,Female,North Tammyburgh,Oregon,Individual,Home Appliances,19399,39,11833.39,1,UPI,624.39
BF00726,06-05-2024,Carla Moon,26-35,Male,South Timothy,Illinois,Space,Beauty,8846,51,4334.54,4,UPI,990.76
BF00727,28-06-2024,Amy Hunter,46-60,Male,Lawrenceburgh,Rhode Island,Listen,Clothing,31190,47,16530.7,4,Debit Card,1177.54
BF00728,28-12-2023,Matthew Cook DVM,18-25,Female,New Anthony,Iowa,Figure,Electronics,26809,50,13404.5,1,Credit Card,671.94
BF00729,18-09-2024,Donald Carter,46-60,Other,Lindaview,Colorado,Give,Toys,5873,27,4287.29,1,Gift Card,981.78
BF00730,25-11-2023,Kelly Carney,60+,Other,Stevenville,Colorado,Too,Electronics,3719,67,1227.27,4,Debit Card,208.52
BF00731,12-04-2024,Andrew Christian,60+,Other,Craigbury,New Jersey,What,Sports,6868,21,5425.72,4,Credit Card,674.61
BF00732,15-01-2024,Jennifer Beck,18-25,Other,Keithtown,Montana,Decision,Sports,41588,76,9981.12,4,UPI,1098.99
BF00733,30-04-2024,Jeffery Monroe,26-35,Other,North Kenneth,West Virginia,Those,Clothing,15013,68,4804.16,4,Credit Card,593.4
BF00734,10-10-2024,Wendy Mitchell,26-35,Female,Stephanieborough,Michigan,Herself,Toys,21536,77,4953.28,2,Credit Card,762.64
BF00735,22-01-2024,Christina Thompson,60+,Other,Fieldsville,California,Magazine,Home Appliances,5859,38,3632.58,3,UPI,872.8
BF00736,02-03-2024,Daniel Johnson,46-60,Male,East Kaylaland,Oregon,Floor,Toys,4019,57,1728.17,1,Gift Card,268.67
BF00737,28-12-2023,Brian Mcmahon,18-25,Female,Lake Anthonyberg,Arkansas,Later,Toys,14755,75,3688.75,3,UPI,877.19
BF00738,17-06-2024,Jennifer Beck,46-60,Male,Sheltonhaven,Oklahoma,Star,Clothing,6024,76,1445.76,2,UPI,333.53
BF00739,09-01-2024,Eric Crawford,26-35,Male,Franklinburgh,Kentucky,Television,Beauty,21201,78,4664.22,1,Debit Card,878.34
BF00740,25-06-2024,Mrs. Audrey Garrison MD,18-25,Female,Port Ericabury,Vermont,Can,Clothing,43897,62,16680.86,1,Gift Card,2178.58
BF00741,28-11-2023,Susan Burke,46-60,Male,Matthewborough,Wyoming,However,Home Appliances,37326,35,24261.9,3,Credit Card,4214.09
BF00742,19-03-2024,Samantha Wilson,18-25,Female,Lisaburgh,Iowa,Edge,Electronics,45589,74,11853.14,1,UPI,604.19
BF00743,07-09-2024,Alexander Collins,46-60,Male,Joshuaberg,Utah,Do,Beauty,28196,39,17199.56,3,Credit Card,1745.34
BF00744,28-06-2024,Stephanie Smith,46-60,Male,Ericside,Idaho,Seem,Clothing,4198,43,2392.86,3,UPI,178.51
BF00745,11-06-2024,Casey Barrera,60+,Male,New Jeffreyhaven,Kentucky,Unit,Beauty,28677,64,10323.72,1,Debit Card,2172.97
BF00746,22-04-2024,Catherine Miller,36-45,Male,Juliemouth,Rhode Island,Second,Electronics,27126,15,23057.1,2,Debit Card,4289.2
BF00747,24-07-2024,Margaret Villanueva,60+,Other,Justinburgh,Missouri,Current,Beauty,11005,60,4402,2,Gift Card,415.86
BF00748,27-06-2024,Bianca Anderson,60+,Female,West Lisa,Washington,Number,Home Appliances,41495,21,32781.05,2,UPI,3553.12
BF00749,10-03-2024,Alexis Pierce,26-35,Other,Figueroamouth,New York,Study,Beauty,1037,27,757.01,4,Gift Card,120.02
BF00750,27-04-2024,Amanda Flores,46-60,Other,Port John,Missouri,Hit,Sports,47974,69,14871.94,3,Cash,2745.19
BF00751,26-12-2023,David Bryant,60+,Other,Port Randyhaven,Massachusetts,Significant,Electronics,27592,35,17934.8,3,UPI,3382.64
BF00752,16-08-2024,Mrs. Theresa Mata,26-35,Female,Wilsonberg,Missouri,White,Toys,31196,26,23085.04,2,Gift Card,4189.87
BF00753,28-10-2023,April Thomas,18-25,Other,Port Raymondstad,Louisiana,Take,Beauty,29636,23,22819.72,1,Credit Card,1860.83
BF00754,21-10-2023,Donald Wells,36-45,Other,Jordanhaven,Missouri,Put,Sports,20199,31,13937.31,2,Credit Card,861.47
BF00755,04-03-2024,Larry Moore,36-45,Female,New Anthony,South Carolina,Allow,Toys,16380,22,12776.4,4,Gift Card,2702.32
BF00756,05-05-2024,Lydia Gonzalez,60+,Other,Harrisonfurt,Texas,Mission,Home Appliances,7967,78,1752.74,4,Cash,203.84
BF00757,17-05-2024,Carolyn Curtis,60+,Other,West Patricia,Massachusetts,Watch,Home Appliances,16098,62,6117.24,3,Cash,845.58
BF00758,16-09-2024,Kayla Kennedy,46-60,Female,Port Paul,North Carolina,Effect,Home Appliances,38902,65,13615.7,2,Gift Card,1998.99
BF00759,17-07-2024,Christine Clark,46-60,Other,Sullivanton,Ohio,Natural,Electronics,48469,35,31504.85,4,UPI,4887.84
BF00760,27-05-2024,Donald Townsend,60+,Other,Donnashire,Oregon,Strategy,Beauty,18226,69,5650.06,2,Credit Card,1231.21
BF00761,05-09-2024,Sonya Anderson,26-35,Male,Port Dennis,Alabama,Wall,Beauty,36363,64,13090.68,2,Gift Card,1737.92
BF00762,25-06-2024,Alexis Palmer,46-60,Other,New Latoyafurt,Texas,Day,Clothing,14285,10,12856.5,2,Debit Card,1137.93
BF00763,14-08-2024,Nicholas Davidson,60+,Other,New Sarah,California,Two,Home Appliances,14358,30,10050.6,2,Gift Card,543.66
BF00764,24-08-2024,Madeline Flores,18-25,Other,Justinburgh,West Virginia,Institution,Clothing,34627,55,15582.15,1,Debit Card,3296.94
BF00765,10-08-2024,Darren Williamson,36-45,Other,Patriciaton,Georgia,Now,Beauty,11899,23,9162.23,4,Gift Card,1077.06
BF00766,06-03-2024,Douglas Armstrong,26-35,Female,Rodrigueztown,Massachusetts,Among,Beauty,28434,29,20188.14,4,Gift Card,1796.02
BF00767,23-09-2024,Chelsea Cooper,36-45,Male,New Janicetown,North Carolina,Find,Home Appliances,18604,36,11906.56,4,Cash,1007.86
BF00768,19-10-2023,Megan Kirk,36-45,Other,Mcdonaldstad,Missouri,Inside,Clothing,38220,12,33633.6,4,Gift Card,6197.17
BF00769,14-10-2023,Andrew Lucas,18-25,Female,North Ashley,Georgia,Grow,Toys,44515,19,36057.15,4,Cash,6487.44
BF00770,11-02-2024,Keith Wilson,36-45,Male,Shawnport,Texas,Avoid,Electronics,30335,45,16684.25,1,Gift Card,2864.08
BF00771,02-02-2024,John Vaughn,46-60,Other,North Sandra,Vermont,Sense,Home Appliances,9500,33,6365,3,UPI,713.84
BF00772,05-06-2024,Mary Davidson,36-45,Male,East Sarah,Georgia,Skin,Home Appliances,36583,40,21949.8,2,Cash,3168.32
BF00773,18-03-2024,Carlos Ryan,36-45,Female,Wilsonland,South Dakota,Individual,Beauty,11093,20,8874.4,2,Credit Card,982.24
BF00774,26-02-2024,Mr. Erik Diaz,60+,Other,Ericfort,Wyoming,Hear,Beauty,36914,15,31376.9,1,UPI,5788.86
BF00775,19-07-2024,Richard Butler,26-35,Male,West Michaelhaven,New Jersey,End,Home Appliances,8509,23,6551.93,4,Debit Card,384.94
BF00776,28-08-2024,Kevin Reed,26-35,Female,Port Brian,Kentucky,Happen,Home Appliances,22000,29,15620,1,Debit Card,3766.34
BF00777,07-01-2024,Denise Sanchez,36-45,Female,Grantport,North Dakota,Deal,Sports,18570,29,13184.7,3,Debit Card,769.09
BF00778,21-10-2023,Erica Smith,18-25,Female,Rodneyshire,Idaho,Budget,Sports,18689,46,10092.06,3,Credit Card,1313.87
BF00779,13-04-2024,Annette Nunez,46-60,Female,West Anthonyhaven,Ohio,Sister,Clothing,6258,43,3567.06,3,Gift Card,357.07
BF00780,14-09-2024,Sean Johnson,26-35,Other,Jeffreytown,Kansas,Impact,Sports,47220,21,37303.8,4,Cash,2350.45
BF00781,29-05-2024,Jonathon Wong,36-45,Other,Lake Marcustown,North Carolina,Near,Toys,39644,68,12686.08,4,Debit Card,2759.65
BF00782,25-04-2024,Michael Hester,18-25,Female,Archershire,South Dakota,Six,Clothing,4159,56,1829.96,3,Cash,456.4
BF00783,06-09-2024,Rachel Howell,60+,Female,East Jacquelinebury,Nevada,Exist,Electronics,11357,46,6132.78,2,Gift Card,424.25
BF00784,06-12-2023,Brittany Kennedy,60+,Other,South Kimberly,Rhode Island,Information,Beauty,14404,43,8210.28,4,Cash,1990.56
BF00785,13-06-2024,Daniel Adams Jr.,18-25,Male,Erinshire,Oregon,Ability,Sports,44627,20,35701.6,4,Credit Card,6296.29
BF00786,19-06-2024,Michael Jones,26-35,Male,Mendezmouth,Montana,Human,Home Appliances,39700,64,14292,2,Debit Card,1113.9
BF00787,31-07-2024,Jeremy Cox,36-45,Male,Andreland,Delaware,Later,Clothing,24734,13,21518.58,3,Cash,3668.64
BF00788,14-01-2024,Renee Johnson,60+,Male,Davisland,Nebraska,Its,Electronics,30751,11,27368.39,1,Debit Card,5114.75
BF00789,19-08-2024,Frank Shea,36-45,Female,Melindatown,Mississippi,Sense,Clothing,20226,38,12540.12,1,Cash,1020.99
BF00790,19-12-2023,Frank Potter,18-25,Female,Cruzview,Missouri,Water,Beauty,22190,62,8432.2,1,Gift Card,1192.75
BF00791,06-06-2024,Theresa Reynolds,46-60,Other,Walterhaven,California,Most,Toys,47841,27,34923.93,1,Debit Card,2787.53
BF00792,13-12-2023,Stephanie Watkins,26-35,Female,Danielhaven,New Hampshire,Subject,Electronics,19503,58,8191.26,1,UPI,1688.3
BF00793,27-07-2024,Aaron Davis,46-60,Female,North William,North Carolina,Increase,Home Appliances,10255,28,7383.6,1,Cash,1782.16
BF00794,26-04-2024,Joyce Clark,26-35,Male,Carpenterhaven,Hawaii,Wall,Clothing,4235,14,3642.1,3,Credit Card,422.05
BF00795,23-01-2024,Erin Dennis,18-25,Other,Elizabethton,Illinois,Human,Electronics,38991,71,11307.39,4,UPI,1427.05
BF00796,19-03-2024,Stefanie Lee,36-45,Other,East Alan,Oregon,Thus,Toys,36502,49,18616.02,4,Gift Card,3181.61
BF00797,12-10-2023,Donna Lee,60+,Male,Jessicahaven,Georgia,Feeling,Beauty,47328,60,18931.2,3,Debit Card,3794.4
BF00798,27-10-2023,Emily Gross,46-60,Female,South Maryshire,North Dakota,Time,Electronics,1939,73,523.53,2,Credit Card,48.47
BF00799,21-05-2024,Roy Gilbert,46-60,Male,Elizabethstad,New York,Administration,Electronics,25187,27,18386.51,2,Gift Card,4179.17
BF00800,19-07-2024,Kristen Crawford,36-45,Other,Shawbury,Alabama,What,Sports,20665,12,18185.2,3,Cash,2954.75
BF00801,22-08-2024,Elizabeth Martinez,60+,Female,Russellbury,Mississippi,Parent,Electronics,2500,47,1325,2,Debit Card,230.37
BF00802,05-12-2023,Cynthia Harris,46-60,Female,Justinmouth,California,Over,Beauty,12555,51,6151.95,3,Cash,708.55
BF00803,11-01-2024,Mitchell Camacho,46-60,Female,West Charlesland,Texas,Then,Clothing,26052,10,23446.8,3,Gift Card,5082.83
BF00804,01-08-2024,Jennifer Jackson,46-60,Other,Port Karen,North Dakota,Far,Home Appliances,16268,68,5205.76,4,Debit Card,380.22
BF00805,16-03-2024,Deborah Davis,26-35,Female,Port Melissahaven,Texas,Toward,Toys,19699,35,12804.35,3,Debit Card,1693.3
BF00806,28-12-2023,Robert Wells,36-45,Other,Port Aarontown,Georgia,Occur,Beauty,46271,43,26374.47,2,Debit Card,1724.6
BF00807,26-05-2024,Robert Gonzales,60+,Other,East Joseside,Hawaii,Member,Toys,26390,24,20056.4,4,Credit Card,1105.33
BF00808,26-07-2024,Kelly Jensen,46-60,Male,Matthewchester,Alaska,Especially,Electronics,11551,52,5544.48,1,UPI,779.73
BF00809,21-09-2024,James Dunn,18-25,Other,Hawkinstown,Michigan,Moment,Home Appliances,609,10,548.1,2,Cash,65.36
BF00810,10-02-2024,David Burke,18-25,Other,Frazierview,Ohio,Especially,Clothing,35119,76,8428.56,3,Debit Card,1551.68
BF00811,04-06-2024,Lori Rodriguez,60+,Other,South Cynthiashire,Hawaii,Oil,Beauty,35300,46,19062,3,Debit Card,3082.05
BF00812,25-12-2023,Shannon Hall,26-35,Female,Frederickberg,New Hampshire,Occur,Toys,19885,29,14118.35,2,Credit Card,712.48
BF00813,20-10-2023,Kimberly Butler,26-35,Female,Port Davidfort,Virginia,Real,Toys,39135,27,28568.55,3,Cash,5436.36
BF00814,18-03-2024,Michael Banks,36-45,Other,West Tiffany,South Dakota,Challenge,Sports,26959,36,17253.76,1,Cash,2270.38
BF00815,25-04-2024,Gail Cunningham,36-45,Male,Houstontown,California,Order,Clothing,45203,25,33902.25,2,Gift Card,2869.57
BF00816,14-01-2024,John Espinoza,18-25,Male,South Luisbury,North Carolina,Responsibility,Clothing,17706,73,4780.62,3,Debit Card,1047.06
BF00817,07-05-2024,Gabrielle Moore,46-60,Other,East Derrick,Wyoming,Skill,Electronics,45173,63,16714.01,4,Debit Card,1169.03
BF00818,02-04-2024,Sara David,36-45,Other,Pottertown,Kansas,Imagine,Home Appliances,35632,45,19597.6,2,Cash,1226.78
BF00819,17-02-2024,Terry Johnson,36-45,Female,North Andrew,Alabama,Best,Beauty,46019,60,18407.6,2,Cash,1764.88
BF00820,15-06-2024,Roger Snyder,46-60,Male,Savageton,Iowa,Sea,Clothing,1389,73,375.03,4,UPI,32.49
BF00821,07-06-2024,Frank Martinez,46-60,Other,Tommyhaven,Idaho,Maintain,Electronics,41184,34,27181.44,3,UPI,4923.99
BF00822,03-10-2024,Morgan Williams,36-45,Female,East Karenton,Michigan,Sense,Sports,42521,48,22110.92,4,Debit Card,3437.43
BF00823,24-10-2023,Amanda Sullivan,18-25,Other,North Ashley,Connecticut,Stand,Toys,47324,71,13723.96,3,Credit Card,2120.01
BF00824,27-01-2024,Christian Sanchez,36-45,Other,Lake Hannah,Montana,Similar,Beauty,29332,32,19945.76,3,UPI,4091.75
BF00825,30-11-2023,Eileen Alvarez,36-45,Female,Colemanland,Nebraska,Leg,Sports,42599,77,9797.77,1,Cash,2403.53
BF00826,27-09-2024,Brandon Johnson,46-60,Female,East Melissa,Virginia,Arrive,Toys,42096,73,11365.92,3,Cash,2521.3
BF00827,04-03-2024,Katherine West,36-45,Other,Port Victoriaport,Hawaii,War,Home Appliances,45068,11,40110.52,3,Cash,2067.25
BF00828,30-10-2023,Brandon Santiago,46-60,Male,Sierraton,Missouri,Matter,Electronics,20629,34,13615.14,1,UPI,2605.1
BF00829,02-04-2024,Barbara Hodge,36-45,Female,North Michaelberg,Mississippi,Truth,Sports,4895,39,2985.95,4,Gift Card,597.95
BF00830,09-05-2024,Kyle Hurst,26-35,Female,Sarahfurt,South Dakota,Close,Toys,2426,42,1407.08,1,Gift Card,233.09
BF00831,11-05-2024,Dr. Kristen Morgan,26-35,Other,Lindashire,Texas,Perform,Beauty,25621,52,12298.08,4,Debit Card,2107.33
BF00832,30-06-2024,Tammy Love,36-45,Male,Anthonychester,Alabama,Network,Home Appliances,19858,44,11120.48,3,Credit Card,1969.83
BF00833,13-04-2024,Kenneth Garcia,26-35,Other,East Erinland,Maine,Should,Toys,14540,43,8287.8,2,Debit Card,779.78
BF00834,26-12-2023,Kendra Lamb,46-60,Other,Baldwinborough,Wisconsin,Major,Home Appliances,49155,72,13763.4,3,Gift Card,1156.14
BF00835,30-12-2023,Amber Wilson,26-35,Female,Williambury,Georgia,Buy,Toys,13771,55,6196.95,4,Debit Card,1196.4
BF00836,01-11-2023,Tammy Walter DDS,60+,Other,Darrenberg,Colorado,However,Sports,47546,34,31380.36,2,Cash,7361.39
BF00837,25-12-2023,Roy Schroeder,60+,Female,North Matthew,South Dakota,Reduce,Sports,7259,34,4790.94,3,Cash,850.16
BF00838,27-05-2024,Joshua Jordan,18-25,Female,North Amandabury,Alaska,Stock,Clothing,47620,50,23810,2,UPI,3032.26
BF00839,12-06-2024,Paula Walker,60+,Male,South Sarahberg,North Carolina,More,Toys,12848,12,11306.24,3,Cash,1365.35
BF00840,22-11-2023,Beth Hahn,26-35,Other,East Kelly,Colorado,Friend,Toys,49397,60,19758.8,4,Cash,4164.74
BF00841,25-03-2024,Edward Sullivan,36-45,Female,South Ericbury,New Hampshire,Behavior,Sports,31286,31,21587.34,1,Debit Card,4279.9
BF00842,16-09-2024,Adam Harrison,26-35,Other,Port Samanthaton,Missouri,East,Home Appliances,1310,12,1152.8,2,Gift Card,263.51
BF00843,23-04-2024,Jessica Jackson,18-25,Female,West Debbieland,South Dakota,Cold,Home Appliances,23758,55,10691.1,4,Debit Card,1827.75
BF00844,10-07-2024,Cathy Clark,26-35,Female,Gregoryberg,Nevada,Within,Beauty,42819,59,17555.79,2,UPI,2698.77
BF00845,09-08-2024,Beverly Giles,18-25,Other,Lancetown,North Carolina,Democrat,Clothing,46291,32,31477.88,3,Gift Card,2560.01
BF00846,03-07-2024,Cindy Bruce,36-45,Female,Brownside,Mississippi,Away,Clothing,43714,12,38468.32,4,UPI,5368.55
BF00847,21-12-2023,James Moody,26-35,Other,Curtischester,Idaho,Hear,Toys,30725,31,21200.25,4,Gift Card,4957.04
BF00848,26-05-2024,Stephanie Hancock,60+,Male,Garytown,Arizona,Specific,Sports,12284,54,5650.64,1,Debit Card,1148.61
BF00849,09-08-2024,Lauren Blevins,18-25,Other,South Priscilla,North Dakota,Picture,Sports,18372,75,4593,1,Debit Card,840.57
BF00850,12-02-2024,Nicole Bruce,26-35,Male,Ellismouth,Utah,Rate,Toys,5053,15,4295.05,4,Gift Card,371.18
BF00851,27-09-2024,Robert Cross,60+,Other,Mcdonaldfurt,New Jersey,Moment,Toys,2679,59,1098.39,4,Credit Card,192.27
BF00852,21-10-2023,Melissa Wu,60+,Other,New Rick,Montana,Question,Beauty,46300,49,23613,3,Credit Card,4498.27
BF00853,24-03-2024,Kelly Carter,36-45,Other,South Jessica,Michigan,Officer,Beauty,12650,53,5945.5,3,Credit Card,535.32
BF00854,08-07-2024,Leah Burton,46-60,Female,Lake Michael,Hawaii,Institution,Beauty,4999,55,2249.55,2,Gift Card,399.76
BF00855,01-08-2024,Michael Chen,18-25,Male,New Juliamouth,Rhode Island,Remain,Clothing,36131,37,22762.53,1,Debit Card,1942.78
BF00856,28-02-2024,Laura Anderson,46-60,Female,West Beverly,North Dakota,Teacher,Clothing,38468,30,26927.6,1,UPI,4846.56
BF00857,25-08-2024,Ann Cohen,26-35,Male,Reidburgh,Wyoming,Candidate,Beauty,31414,49,16021.14,1,Debit Card,2736.83
BF00858,26-12-2023,John Nielsen,26-35,Other,Williamton,Massachusetts,Open,Electronics,15405,71,4467.45,2,Debit Card,519.98
BF00859,20-03-2024,William Newman,26-35,Other,East Melissaview,Wyoming,Will,Sports,4876,64,1755.36,3,Gift Card,348.36
BF00860,06-12-2023,Zachary Boone,18-25,Female,Hendersonmouth,Arkansas,Including,Toys,46677,23,35941.29,3,Credit Card,1917
BF00861,31-07-2024,Gabrielle Crawford,36-45,Male,Woodardmouth,New York,Value,Toys,44570,51,21839.3,4,Cash,3298.58
BF00862,16-10-2023,John Torres,46-60,Female,Saraview,Nebraska,Join,Home Appliances,21383,70,6414.9,2,UPI,577.53
BF00863,18-04-2024,Jeremy Kelley,36-45,Other,Liview,Pennsylvania,Leg,Clothing,7147,26,5288.78,3,Cash,899.15
BF00864,12-06-2024,Nathan Garcia,36-45,Female,Latoyamouth,Rhode Island,Seem,Beauty,6377,59,2614.57,1,Cash,428.4
BF00865,27-02-2024,Robin Trujillo,46-60,Female,Swansontown,Georgia,Certain,Electronics,17265,37,10876.95,3,Cash,562.64
BF00866,08-10-2024,Kristi Jackson,18-25,Male,New Brittany,Connecticut,Teacher,Beauty,46397,47,24590.41,1,Cash,2658.97
BF00867,08-04-2024,Crystal Harris,46-60,Male,Nicoleshire,Wisconsin,Able,Beauty,13499,31,9314.31,4,Gift Card,2066.18
BF00868,16-08-2024,Erin Lewis,36-45,Other,Boothburgh,Illinois,Sort,Sports,43579,47,23096.87,3,UPI,5441.94
BF00869,31-01-2024,Kelly Gomez,46-60,Male,Barronmouth,Oklahoma,Capital,Beauty,29516,51,14462.84,2,Credit Card,3121.8
BF00870,28-04-2024,Erica Neal,46-60,Male,North Deanna,Florida,Save,Clothing,21480,58,9021.6,3,Debit Card,1490.04
BF00871,10-03-2024,Sandra Sandoval,18-25,Female,Amymouth,Massachusetts,South,Sports,35132,79,7377.72,2,Cash,425.97
BF00872,17-12-2023,Sandra Jensen,26-35,Female,Port Michael,Massachusetts,Beautiful,Beauty,46234,12,40685.92,1,Gift Card,2433.86
BF00873,21-07-2024,Paul Davis,26-35,Other,Patricialand,Hawaii,Character,Sports,2522,55,1134.9,1,UPI,225.05
BF00874,22-10-2023,Matthew Cummings,26-35,Female,Angiefurt,Kansas,Price,Home Appliances,3780,62,1436.4,2,UPI,224.07
BF00875,17-10-2023,Sarah Hartman,46-60,Female,New Sarah,Wyoming,Store,Beauty,33191,45,18255.05,1,Gift Card,3523.93
BF00876,18-11-2023,Robert Gonzalez,18-25,Other,Kaitlyntown,Alaska,Language,Toys,48290,28,34768.8,1,UPI,7941.33
BF00877,30-08-2024,Kyle Griffin Jr.,46-60,Male,Jessicaburgh,Washington,Trial,Sports,31924,65,11173.4,1,UPI,2255.98
BF00878,01-03-2024,Sara Blanchard,60+,Female,West Kristenshire,Rhode Island,Wrong,Beauty,35801,71,10382.29,4,Cash,1552.4
BF00879,11-09-2024,Bonnie Shelton,36-45,Male,Port Breannaborough,Illinois,Onto,Beauty,28882,21,22816.78,3,Gift Card,1689.29
BF00880,04-01-2024,Jessica Vazquez,26-35,Male,West Amy,Arizona,Special,Toys,45867,14,39445.62,2,Credit Card,9596.27
BF00881,31-03-2024,Scott Lynn,36-45,Female,Robertberg,Wyoming,Better,Home Appliances,3862,71,1119.98,1,Credit Card,64.28
BF00882,08-02-2024,Daniel Smith,26-35,Female,New Anafort,Alaska,East,Electronics,14311,56,6296.84,2,UPI,1495.33
BF00883,21-12-2023,Samantha Smith,46-60,Other,New Alyssafort,Louisiana,Director,Electronics,40013,18,32810.66,3,Credit Card,3576.09
BF00884,18-02-2024,Debra Krause,18-25,Other,Andrewfort,Texas,Young,Clothing,13662,57,5874.66,3,Cash,1316.16
BF00885,28-08-2024,Danny Carr,46-60,Female,Crawfordburgh,Nevada,Show,Beauty,35353,23,27221.81,1,Credit Card,4349.05
BF00886,25-04-2024,Christopher Robinson,36-45,Female,East Michael,Arizona,Mission,Sports,2126,44,1190.56,2,Credit Card,117.7
BF00887,06-09-2024,Dean Clark,36-45,Other,Patriciaton,Wyoming,Travel,Beauty,19479,46,10518.66,1,UPI,2062.58
BF00888,10-05-2024,Amanda Farrell,46-60,Other,Lake Timothymouth,Maryland,Grow,Clothing,31871,21,25178.09,3,UPI,1931.88
BF00889,10-11-2023,Steve Acosta,26-35,Female,Erikafurt,Kansas,Camera,Sports,2145,61,836.55,1,Credit Card,72.26
BF00890,06-04-2024,Brandon Maddox,26-35,Female,West Richardton,Illinois,Discuss,Clothing,7071,40,4242.6,1,Credit Card,921.34
BF00891,16-08-2024,William Sullivan,36-45,Female,Garrettborough,New Hampshire,Best,Beauty,12048,69,3734.88,1,Debit Card,861.4
BF00892,12-05-2024,Jasmine Bridges,46-60,Other,Barberville,Wyoming,Where,Clothing,17621,20,14096.8,2,Debit Card,2553.05
BF00893,17-02-2024,Maria Allen,18-25,Female,South Samuel,Illinois,Enough,Toys,2290,14,1969.4,2,Cash,441.62
BF00894,21-05-2024,Tammy Yates,46-60,Male,South Elizabethview,Louisiana,Prevent,Beauty,12048,69,3734.88,2,Cash,771.17
BF00895,03-08-2024,Kenneth Serrano PhD,36-45,Female,Jessemouth,Alaska,Bed,Clothing,37432,66,12726.88,3,UPI,3103.09
BF00896,25-11-2023,Dr. Sarah Michael DVM,46-60,Male,Debraberg,Texas,Challenge,Sports,39219,70,11765.7,3,Gift Card,1077.07
BF00897,21-12-2023,Victor Lane,18-25,Male,Port Alyssafurt,West Virginia,National,Clothing,41128,71,11927.12,2,Debit Card,2415.93
BF00898,23-07-2024,Mary Romero,18-25,Other,East Alexander,Kentucky,As,Electronics,43067,22,33592.26,3,Debit Card,1845.5
BF00899,12-12-2023,Ann Martin,60+,Male,West Patricia,Rhode Island,Explain,Electronics,23214,76,5571.36,3,Credit Card,935.13
BF00900,16-07-2024,John Stewart,46-60,Male,North Steven,Alaska,Personal,Sports,6986,31,4820.34,2,Debit Card,843.62
BF00901,16-11-2023,Stacy Page,26-35,Male,North Jessicaborough,Kansas,Marriage,Toys,39877,66,13558.18,1,Cash,2291.53
BF00902,17-11-2023,Madison Brown,46-60,Male,Caseystad,Arizona,Nature,Sports,17350,36,11104,2,UPI,1832.76
BF00903,22-11-2023,Michael Lambert,18-25,Female,Lake Mark,Wyoming,Kid,Sports,673,12,592.24,1,Debit Card,35.91
BF00904,18-02-2024,Scott Strong,36-45,Female,West Janicechester,Michigan,Must,Home Appliances,30767,64,11076.12,2,UPI,2003.18
BF00905,22-05-2024,Derrick Mason,60+,Other,Port Jason,Alabama,Someone,Sports,11116,51,5446.84,1,Gift Card,1012.66
BF00906,05-09-2024,Kristine Wong,18-25,Male,Tiffanyborough,Florida,Those,Electronics,8719,30,6103.3,2,UPI,1343.91
BF00907,03-06-2024,Stephanie Holland,36-45,Female,Jeffreyshire,West Virginia,Reach,Home Appliances,25424,71,7372.96,1,Cash,1255.81
BF00908,13-02-2024,Donna Tucker,46-60,Other,Kathrynfurt,Colorado,Animal,Clothing,15286,45,8407.3,2,Debit Card,448.51
BF00909,21-11-2023,Ashley Nielsen,18-25,Male,New Jasmin,Nebraska,Article,Beauty,15207,42,8820.06,3,Cash,601.49
BF00910,16-02-2024,Jane Hess,46-60,Male,Aliceshire,Ohio,Theory,Toys,38203,31,26360.07,1,UPI,5286.72
BF00911,28-06-2024,Tiffany Mcdonald,18-25,Female,Johnmouth,Arizona,Environmental,Clothing,8311,59,3407.51,3,UPI,200.15
BF00912,07-02-2024,Edward Brown MD,60+,Female,Humphreyview,Arkansas,On,Clothing,35109,76,8426.16,4,Cash,1796.17
BF00913,02-05-2024,Jermaine Green,36-45,Female,New Jacobfurt,Wisconsin,Professor,Beauty,7019,40,4211.4,4,Debit Card,881.05
BF00914,10-12-2023,Ryan Sexton,26-35,Female,Shepherdton,New Jersey,West,Toys,6474,51,3172.26,2,UPI,342.75
BF00915,03-10-2024,Shaun Wise,18-25,Male,Port Ericside,Virginia,Score,Clothing,8591,65,3006.85,1,Gift Card,469.04
BF00916,10-05-2024,Mr. Paul Collins,18-25,Female,Brandonburgh,Iowa,Five,Clothing,25113,35,16323.45,2,Debit Card,2731.24
BF00917,04-04-2024,Mindy Fitzgerald,60+,Other,North Christopherfort,New York,Think,Clothing,35041,50,17520.5,4,Cash,2341.94
BF00918,31-10-2023,Stephen Harrington,18-25,Other,Dillonstad,Florida,Throw,Electronics,9712,35,6312.8,1,Debit Card,370.12
BF00919,22-06-2024,Douglas Fuller Jr.,36-45,Female,Deniseport,Utah,Well,Electronics,16674,50,8337,2,Credit Card,1178.82
BF00920,19-10-2023,Barbara Barrett,18-25,Other,Wagnerfurt,North Dakota,Color,Home Appliances,19223,30,13456.1,3,Cash,1085.56
BF00921,22-08-2024,Tracey Valencia,18-25,Other,Taraview,North Carolina,Range,Toys,6194,22,4831.32,3,Credit Card,333.03
BF00922,19-05-2024,Anthony Rodriguez,36-45,Other,South Amandaport,Idaho,Deep,Clothing,2706,55,1217.7,3,Gift Card,147.1
BF00923,14-12-2023,Shannon Lee,60+,Male,Leonview,West Virginia,Success,Beauty,35698,72,9995.44,1,Credit Card,1983.96
BF00924,16-10-2023,Kaitlyn Johnson,18-25,Other,Terrytown,South Carolina,Reason,Home Appliances,21668,77,4983.64,3,Debit Card,802.72
BF00925,19-12-2023,Jessica Nichols,26-35,Female,Jerrytown,South Carolina,Soon,Electronics,24728,41,14589.52,1,Cash,3045.69
BF00926,04-12-2023,Nathaniel Lowery,46-60,Male,Saraborough,Nevada,Thing,Clothing,43757,70,13127.1,2,UPI,2803.55
BF00927,04-04-2024,Michelle Savage,60+,Female,South James,Georgia,At,Beauty,34725,59,14237.25,4,Credit Card,2506
BF00928,05-01-2024,Caitlin Lewis,36-45,Other,Martinezchester,Georgia,Serve,Toys,17640,79,3704.4,4,Cash,879.92
BF00929,09-07-2024,Renee Schroeder,26-35,Female,South Jenniferville,Wyoming,Then,Sports,49433,22,38557.74,4,Debit Card,4003.6
BF00930,08-02-2024,Sara Cooper DVM,18-25,Other,Moodyfort,Minnesota,Serious,Electronics,17806,43,10149.42,1,Cash,1008.24
BF00931,14-08-2024,Ronnie Newman,36-45,Male,West Matthew,Maryland,Station,Clothing,13462,45,7404.1,1,Cash,521.94
BF00932,08-07-2024,Jesse Valencia,26-35,Other,East Henryview,Utah,Technology,Clothing,11744,38,7281.28,2,UPI,1592.65
BF00933,04-11-2023,Billy Gay,46-60,Female,South Robert,Iowa,Lose,Clothing,3809,58,1599.78,1,Credit Card,177.13
BF00934,30-05-2024,Tina Taylor MD,46-60,Other,Davidland,Rhode Island,Role,Sports,28350,43,16159.5,2,UPI,2501.63
BF00935,07-03-2024,Brian Cowan,26-35,Female,Port Carlshire,Arkansas,Share,Sports,6278,73,1695.06,2,Cash,407.19
BF00936,22-05-2024,Matthew Munoz,36-45,Other,South James,South Carolina,Morning,Electronics,36169,52,17361.12,4,Debit Card,1247.97
BF00937,23-01-2024,Louis Gibbs,60+,Other,Woodschester,Kansas,Matter,Home Appliances,29714,73,8022.78,4,Debit Card,1674.25
BF00938,14-07-2024,Daniel Russell II,60+,Other,Markberg,Ohio,Green,Clothing,14059,35,9138.35,1,UPI,821.89
BF00939,13-10-2023,Antonio Austin,18-25,Male,Ryanfurt,South Carolina,Ahead,Home Appliances,2816,24,2140.16,1,Credit Card,190.74
BF00940,02-01-2024,Lisa Garcia,26-35,Male,Christopherburgh,Mississippi,Left,Home Appliances,7899,40,4739.4,2,Gift Card,699.44
BF00941,17-03-2024,Brittany Garcia,26-35,Other,South Nicoleport,Wyoming,Protect,Toys,45210,70,13563,1,Credit Card,1784.76
BF00942,28-06-2024,James Huerta,46-60,Other,East Russellport,Tennessee,Past,Electronics,48171,12,42390.48,2,Credit Card,7806.11
BF00943,10-09-2024,Lauren Rosales DVM,26-35,Female,Reginaldmouth,Montana,Marriage,Sports,16578,40,9946.8,2,Cash,1481.81
BF00944,30-05-2024,Frank Rodriguez,46-60,Female,South Laurenhaven,Wyoming,Central,Sports,40761,56,17934.84,4,Debit Card,2522.46
BF00945,17-11-2023,Collin Figueroa,36-45,Male,Adamview,Missouri,Summer,Beauty,34789,61,13567.71,4,Credit Card,3142.23
BF00946,23-03-2024,Bryan Peterson,60+,Female,East Annachester,New York,Debate,Home Appliances,38091,46,20569.14,3,Credit Card,2314.31
BF00947,01-01-2024,John Esparza,46-60,Male,West Elaineville,Kansas,Class,Toys,46339,30,32437.3,1,UPI,6936.29
BF00948,16-07-2024,Valerie Williams,26-35,Male,Phelpsview,Pennsylvania,Himself,Clothing,42890,58,18013.8,4,Debit Card,3479.66
BF00949,10-12-2023,Ashley Henderson,36-45,Female,South Deborah,Georgia,Thank,Sports,8319,61,3244.41,4,Cash,689.82
BF00950,05-07-2024,Jessica Reynolds,46-60,Male,Youngside,Pennsylvania,Method,Electronics,44544,17,36971.52,3,Credit Card,3054.52
BF00951,27-09-2024,Tanya Carr,18-25,Female,South Nathan,New Hampshire,Memory,Toys,8404,37,5294.52,1,Cash,984.6
BF00952,22-04-2024,Frederick Zimmerman,60+,Other,New Kimberly,Pennsylvania,Them,Clothing,26425,64,9513,3,Cash,1994.6
BF00953,27-04-2024,Patricia Mclaughlin,60+,Female,Port Marystad,Tennessee,Sort,Home Appliances,27705,71,8034.45,1,Debit Card,1427.28
BF00954,27-05-2024,Amber Gardner,60+,Male,East Robertbury,Wisconsin,Officer,Electronics,19275,28,13878,2,Cash,1913.96
BF00955,01-06-2024,Robert George,26-35,Other,Wallaceside,Utah,Easy,Beauty,12314,62,4679.32,3,UPI,388.9
BF00956,16-02-2024,Brian Acosta,60+,Male,Jacobsstad,Illinois,Point,Beauty,48332,66,16432.88,4,UPI,3217.07
BF00957,04-10-2024,Alexander Mullins,36-45,Other,West Lauren,Idaho,Official,Electronics,25105,19,20335.05,3,Credit Card,4475.37
BF00958,04-06-2024,George Martinez,60+,Female,New Jeremyburgh,Kansas,Drug,Electronics,46290,28,33328.8,2,Debit Card,6818.02
BF00959,10-05-2024,Brian Thompson,60+,Other,Josephhaven,North Carolina,Challenge,Clothing,43963,36,28136.32,1,UPI,5026.63
BF00960,02-02-2024,Elizabeth Hansen,60+,Female,Kimtown,Arizona,Behind,Home Appliances,41480,30,29036,3,Gift Card,6940.95
BF00961,29-06-2024,Mrs. Angela Smith,18-25,Female,Anthonybury,Louisiana,Career,Beauty,16069,23,12373.13,3,Debit Card,1282.25
BF00962,27-06-2024,Morgan Duran,46-60,Female,New Tamara,Alabama,Traditional,Home Appliances,25769,19,20872.89,3,Credit Card,3259.3
BF00963,28-11-2023,Stephen Burke,18-25,Female,Scottmouth,North Dakota,Wide,Toys,2275,36,1456,2,Debit Card,203.05
BF00964,31-01-2024,Amanda Griffin,46-60,Female,Lake Wayneside,Pennsylvania,Against,Toys,16614,15,14121.9,3,Cash,706.35
BF00965,02-03-2024,Kenneth Parker,46-60,Male,South Regina,Tennessee,Dinner,Clothing,19938,27,14554.74,2,UPI,2343.83
BF00966,29-12-2023,Robert Martinez,36-45,Other,West Christinahaven,Maryland,Ok,Toys,22671,55,10201.95,2,Gift Card,1678.49
BF00967,17-05-2024,Cynthia Christian,60+,Other,Colemanville,Georgia,Court,Sports,19674,57,8459.82,1,Gift Card,1069.27
BF00968,01-06-2024,Lynn Johnson,36-45,Female,Heathermouth,Ohio,Mind,Electronics,41283,71,11972.07,2,Cash,1764.26
BF00969,09-10-2024,Stephanie Bell,36-45,Male,Kimberlyfort,South Carolina,Scene,Sports,49853,60,19941.2,1,Credit Card,3705.87
BF00970,01-07-2024,Eric Webb DVM,18-25,Female,South Kendra,Arkansas,Study,Electronics,3769,11,3354.41,3,Debit Card,644.57
BF00971,24-01-2024,Natalie Harris,36-45,Other,Alyssamouth,Utah,Case,Sports,9385,49,4786.35,2,Credit Card,938.46
BF00972,29-04-2024,Kimberly Ramsey,26-35,Male,Belltown,Montana,These,Electronics,37617,76,9028.08,3,Debit Card,1920.92
BF00973,01-07-2024,Jamie Morrow,60+,Male,South Christy,Oregon,Of,Beauty,30602,42,17749.16,4,Debit Card,1758.68
BF00974,07-09-2024,Evelyn Short,36-45,Male,Sanchezton,Oklahoma,Voice,Sports,47740,31,32940.6,2,Debit Card,7387.18
BF00975,02-08-2024,Jennifer Williams,60+,Male,East Carlstad,Idaho,Suffer,Beauty,32657,15,27758.45,3,Credit Card,2723.08
BF00976,23-10-2023,Brad Rivera,18-25,Other,Port Michelle,New Mexico,Respond,Sports,28066,35,18242.9,1,Gift Card,997.84
BF00977,28-03-2024,Daniel Rivera,26-35,Female,Walterburgh,California,Production,Home Appliances,24410,72,6834.8,3,UPI,1055.58
BF00978,29-12-2023,Kirk Alexander,60+,Male,Reneestad,North Dakota,Should,Electronics,38484,68,12314.88,1,Gift Card,2851.91
BF00979,04-09-2024,Jesus Davis DDS,26-35,Male,New Amyborough,Pennsylvania,Pretty,Beauty,21126,54,9717.96,2,Debit Card,1939.08
BF00980,24-04-2024,Jason Lambert,36-45,Other,Smithbury,New Jersey,Also,Home Appliances,11493,24,8734.68,4,Credit Card,1641.04
BF00981,23-05-2024,Richard Grant,18-25,Male,Mcleanshire,South Carolina,Fear,Beauty,9856,67,3252.48,3,Gift Card,724.46
BF00982,21-03-2024,Mary Smith,60+,Female,Monicaland,Indiana,Cold,Electronics,30414,57,13078.02,3,Credit Card,2483.72
BF00983,01-09-2024,Jason Buck,18-25,Female,Johnville,Oklahoma,Hit,Sports,41697,18,34191.54,3,Gift Card,2850.43
BF00984,15-06-2024,Christopher Stevens,46-60,Female,East Lacey,Hawaii,Field,Clothing,15153,14,13031.58,1,Credit Card,2804.87
BF00985,16-12-2023,Damon Taylor,18-25,Male,Stevensberg,Maryland,Dog,Clothing,6564,56,2888.16,3,Credit Card,279.79
BF00986,14-03-2024,Jeanette Cunningham,36-45,Other,East Tracy,Connecticut,Employee,Electronics,33202,16,27889.68,4,Debit Card,1670.65
BF00987,15-02-2024,Kimberly Johnson,18-25,Other,East Andreafort,Colorado,Drug,Toys,11639,60,4655.6,3,Gift Card,1145.51
BF00988,22-07-2024,Anna Thornton,18-25,Female,Yangstad,New Jersey,Natural,Electronics,35077,60,14030.8,2,Debit Card,2834.09
BF00989,03-12-2023,John Phillips,18-25,Other,Payneland,South Carolina,Protect,Electronics,30195,46,16305.3,1,UPI,2140.47
BF00990,26-11-2023,Katie Schultz,60+,Female,Caseton,Nebraska,Smile,Electronics,26155,72,7323.4,4,Cash,1696.47
BF00991,07-05-2024,Shelly Petersen,46-60,Other,Boydfort,South Dakota,Difference,Electronics,37410,12,32920.8,4,Debit Card,5780.22
BF00992,05-11-2023,Michael Lee,60+,Male,Gibbsborough,Tennessee,Without,Electronics,7242,58,3041.64,4,Credit Card,660.14
BF00993,12-04-2024,Tiffany Valdez,46-60,Other,East Brian,Arkansas,Message,Electronics,43552,66,14807.68,3,Credit Card,2951.86
BF00994,18-09-2024,Nicholas English,26-35,Male,Stephaniemouth,Connecticut,With,Beauty,34291,60,13716.4,4,Credit Card,3331.53
BF00995,08-11-2023,Erin Robinson,46-60,Male,West Andrewburgh,Iowa,Why,Toys,42522,79,8929.62,3,Cash,1392.67
BF00996,17-01-2024,Kenneth Clark,18-25,Female,Abigailview,Utah,Decide,Beauty,28682,38,17782.84,2,Credit Card,2667.19
BF00997,20-12-2023,Angela Hernandez,26-35,Male,Port Hannah,Connecticut,Painting,Electronics,2379,69,737.49,4,UPI,170.04
BF00998,08-01-2024,William West,36-45,Female,North Annamouth,Alabama,Expect,Beauty,8278,72,2317.84,3,UPI,218.79
BF00999,17-10-2023,Melissa Swanson,26-35,Male,North Alexanderhaven,Oregon,Drug,Sports,5674,23,4368.98,4,Gift Card,542.66
BF01000,03-05-2024,Emily Carter,60+,Male,East Samuel,Alaska,Thousand,Home Appliances,14180,77,3261.4,2,Debit Card,644.38
BF01001,03-10-2024,Sean Patterson,46-60,Other,Juanland,New York,Speech,Toys,2339,49,1192.89,1,UPI,238.18
BF01002,26-10-2023,Jaime Shaw,46-60,Female,Turnerfurt,Idaho,Glass,Clothing,38932,73,10511.64,4,Debit Card,822.26
BF01003,06-12-2023,John Huber,60+,Other,South Donna,Utah,Nearly,Home Appliances,25728,41,15179.52,2,UPI,3498.91
BF01004,15-01-2024,Jay Villanueva,36-45,Male,North Daleborough,Arizona,Owner,Beauty,30185,53,14186.95,1,Gift Card,3079.43
BF01005,23-05-2024,Carolyn White,36-45,Female,Williamport,West Virginia,Laugh,Clothing,18182,23,14000.14,1,Debit Card,2739.79
BF01006,02-07-2024,Cristian Morgan,60+,Other,Brettport,Arkansas,Drug,Electronics,43361,59,17778.01,2,Gift Card,1327.51
BF01007,22-02-2024,Jacob Avila,46-60,Female,Davidberg,Vermont,Rock,Beauty,46528,64,16750.08,2,Debit Card,1201.24
BF01008,03-12-2023,Joseph Valenzuela,26-35,Female,New Jaredview,Illinois,Same,Home Appliances,6382,35,4148.3,1,Credit Card,445.92
BF01009,27-02-2024,Julia Hall,26-35,Other,Herrerahaven,Maine,Responsibility,Sports,19691,30,13783.7,3,Gift Card,3054.91
BF01010,21-06-2024,Natalie Parker,26-35,Male,Matthewfort,Mississippi,Before,Electronics,37085,36,23734.4,1,Cash,1844.32
BF01011,07-12-2023,Jennifer Morgan,26-35,Male,Port Christy,Kansas,Arrive,Beauty,15802,48,8217.04,2,Cash,2015.15
BF01012,23-04-2024,Jon Romero,60+,Male,Jamesburgh,Tennessee,Imagine,Home Appliances,7965,67,2628.45,1,Debit Card,341.38
BF01013,20-06-2024,David Morales,36-45,Male,Amytown,Michigan,Continue,Beauty,41342,32,28112.56,3,UPI,2094.34
BF01014,14-04-2024,Brenda Mcintosh,60+,Other,Parkerhaven,New Mexico,Political,Clothing,38022,59,15589.02,1,Debit Card,1452.27
BF01015,19-05-2024,Kelly Buckley,26-35,Male,Lake Tracyburgh,Alaska,Hundred,Beauty,9524,77,2190.52,3,Cash,519.15
BF01016,14-03-2024,Brenda Bautista,60+,Female,Smithland,Missouri,Decision,Sports,16136,10,14522.4,4,Cash,3466.71
BF01017,01-05-2024,Randy Mccarthy,18-25,Other,Rangelport,Connecticut,Administration,Beauty,29571,17,24543.93,2,Credit Card,3737.87
BF01018,16-12-2023,Brenda West,26-35,Other,West Marissa,New Hampshire,Marriage,Toys,34454,34,22739.64,1,UPI,3866.38
BF01019,31-12-2023,Phillip Coleman,36-45,Male,New Christopher,Florida,Federal,Electronics,23892,31,16485.48,1,Gift Card,2790.14
BF01020,18-02-2024,Vanessa Vasquez,18-25,Other,North Shawnland,Montana,Base,Sports,33960,48,17659.2,3,Debit Card,3169.27
BF01021,13-02-2024,Hannah Wallace,46-60,Male,Larryburgh,Illinois,Real,Toys,46784,40,28070.4,4,UPI,3165.1
BF01022,04-09-2024,Catherine Bates,36-45,Male,New Craigton,Mississippi,Watch,Beauty,20411,13,17757.57,1,Gift Card,978.79
BF01023,22-07-2024,Ian Munoz,26-35,Female,Lake Matthew,Nevada,Forward,Home Appliances,24010,51,11764.9,3,Debit Card,2486.75
BF01024,14-11-2023,Christina Rodriguez,18-25,Female,East David,North Dakota,Far,Home Appliances,49472,58,20778.24,3,UPI,2207.93
BF01025,10-06-2024,Wendy Pena,46-60,Male,Port William,West Virginia,Top,Toys,15899,32,10811.32,1,Debit Card,2338.59
BF01026,04-08-2024,Aaron Torres,36-45,Male,Port James,Maine,Third,Toys,47447,50,23723.5,3,Gift Card,2198.51
BF01027,30-08-2024,Craig Brown,18-25,Other,New Nicoletown,Wyoming,So,Clothing,38574,65,13500.9,2,Cash,2412.16
BF01028,08-01-2024,Brett Nelson,18-25,Female,Johnborough,South Dakota,Consumer,Home Appliances,40470,38,25091.4,2,Debit Card,5224.18
BF01029,16-07-2024,Courtney Riley,60+,Other,South Valeriechester,Nebraska,Value,Electronics,32599,36,20863.36,1,Credit Card,2651.76
BF01030,19-01-2024,Jacob Bentley,18-25,Male,Vincentberg,South Dakota,Nothing,Toys,48633,12,42797.04,1,Cash,9541.66
BF01031,06-12-2023,Kevin Hunt,46-60,Male,Port Claudia,Tennessee,Argue,Electronics,32463,67,10712.79,1,Debit Card,1834.61
BF01032,22-02-2024,Kelli Mckinney,18-25,Female,Randyview,Nebraska,Commercial,Electronics,21482,40,12889.2,1,Credit Card,863.1
BF01033,16-07-2024,Cesar Taylor,18-25,Female,Cynthiachester,Missouri,Suffer,Beauty,44217,10,39795.3,3,Debit Card,5201.79
BF01034,16-02-2024,Jeremy Hancock,36-45,Female,New Natashaville,New York,Friend,Sports,35149,51,17223.01,4,Debit Card,3944.07
BF01035,07-12-2023,Samantha Robinson,18-25,Other,South Philiphaven,Massachusetts,Notice,Sports,11739,14,10095.54,1,Credit Card,753.71
BF01036,21-11-2023,Colleen Campbell,26-35,Male,Dylanshire,Idaho,Page,Sports,10198,51,4997.02,4,Gift Card,867.09
BF01037,23-05-2024,Michael Anderson,60+,Female,Port Joseph,Florida,Campaign,Beauty,48581,27,35464.13,4,Cash,8620.28
BF01038,16-07-2024,Debra Simpson,46-60,Female,Mooreborough,West Virginia,Line,Clothing,24881,73,6717.87,1,Gift Card,1395.21
BF01039,02-07-2024,Amy Watkins,46-60,Male,Port Parkerside,Rhode Island,Recognize,Home Appliances,46689,79,9804.69,1,Cash,2413.49
BF01040,06-01-2024,Claire Reyes,60+,Other,Douglaschester,Georgia,See,Beauty,18923,36,12110.72,3,Gift Card,1218.39
BF01041,02-07-2024,Richard Newton MD,18-25,Other,Sarahtown,Tennessee,Bed,Beauty,33413,36,21384.32,1,Credit Card,3173.77
BF01042,16-05-2024,Deanna Brown,46-60,Other,North Corey,Alabama,Machine,Beauty,20641,45,11352.55,3,Credit Card,873.74
BF01043,28-03-2024,John Booth,36-45,Female,Josephshire,Kentucky,Model,Electronics,10330,70,3099,4,UPI,582.75
BF01044,25-12-2023,Heather Berry,36-45,Female,Krystalborough,Nebraska,Which,Clothing,32710,74,8504.6,4,Debit Card,917.73
BF01045,10-05-2024,Jasmine House,36-45,Male,Riosfort,Tennessee,Smile,Beauty,23765,31,16397.85,2,Cash,2346.29
BF01046,05-03-2024,Marie Young,18-25,Male,New Natasha,North Dakota,Game,Home Appliances,901,36,576.64,1,Credit Card,122.45
BF01047,20-04-2024,Joshua Hamilton,26-35,Male,North Gordon,Wisconsin,Two,Sports,13713,17,11381.79,4,Cash,1531.37
BF01048,02-05-2024,Brittany Williams,36-45,Other,Mooreberg,Washington,Range,Electronics,32672,18,26791.04,3,Cash,2308.14
BF01049,24-06-2024,Teresa Davis,18-25,Female,North Kimberlyhaven,Oregon,Improve,Beauty,1727,58,725.34,1,Credit Card,161.83
BF01050,17-09-2024,Carlos Lewis,36-45,Female,Port Shannon,Alabama,For,Sports,1099,77,252.77,1,Cash,58.97
BF01051,02-07-2024,Michelle Armstrong,36-45,Female,Port Joel,Florida,Pressure,Electronics,22837,69,7079.47,2,UPI,630.89
BF01052,21-07-2024,Darrell Morgan,46-60,Male,South Denise,Nevada,Operation,Clothing,21518,10,19366.2,1,Debit Card,3300.26
BF01053,06-12-2023,Brent Lynch,36-45,Male,Port Nicole,Texas,Three,Toys,41546,56,18280.24,1,Cash,1247.52
BF01054,07-01-2024,Samantha Williams,26-35,Other,Smithburgh,Nebraska,Later,Sports,34169,38,21184.78,1,Debit Card,1551.13
BF01055,19-07-2024,Kimberly Deleon,18-25,Other,New Jason,Louisiana,Pull,Toys,3918,37,2468.34,1,UPI,146.79
BF01056,27-07-2024,Stephen Holt,26-35,Other,New Brittany,New Mexico,Red,Sports,14058,18,11527.56,2,Gift Card,1032.01
BF01057,29-06-2024,Sharon Smith,60+,Male,Masonbury,Missouri,Property,Sports,17043,45,9373.65,4,Debit Card,1529.48
BF01058,11-11-2023,Justin Baker,18-25,Male,Baileyview,Michigan,Many,Electronics,45190,62,17172.2,3,Debit Card,1875.29
BF01059,18-11-2023,Roy Adams,60+,Other,New Patriciaview,Montana,System,Clothing,29266,30,20486.2,1,Debit Card,3652.84
BF01060,11-12-2023,Betty Bryant,36-45,Other,Michelletown,Florida,Others,Clothing,19097,23,14704.69,4,UPI,3115.65
BF01061,18-04-2024,James Lucero,36-45,Male,Chavezmouth,Kansas,Wish,Beauty,16752,69,5193.12,4,UPI,1232.2
BF01062,01-03-2024,Natasha Harris,18-25,Female,Floresbury,South Carolina,After,Electronics,16383,62,6225.54,3,UPI,748.91
BF01063,06-07-2024,Tammy Kerr,18-25,Male,Thomasbury,New Jersey,Rest,Clothing,34735,21,27440.65,1,Debit Card,5484.12
BF01064,11-01-2024,Theresa Phillips,36-45,Other,North Ann,Nevada,Fast,Home Appliances,2017,65,705.95,2,UPI,118.43
BF01065,11-05-2024,Heidi Weaver,60+,Male,Port Janicefort,Minnesota,Group,Sports,18639,41,10997.01,2,Gift Card,928.67
BF01066,24-03-2024,Kenneth Bailey,46-60,Female,West Tinamouth,Rhode Island,Table,Electronics,22516,19,18237.96,4,Debit Card,3933.57
BF01067,07-12-2023,Christopher Johnson,60+,Male,Griffinburgh,Arizona,Everything,Electronics,14549,63,5383.13,4,Debit Card,523
BF01068,27-11-2023,Allison Wood,36-45,Other,Port William,Mississippi,Nature,Home Appliances,15720,60,6288,4,Gift Card,573.45
BF01069,09-02-2024,Dennis Martinez,26-35,Other,South Brian,Nebraska,Trouble,Beauty,23257,63,8605.09,3,Credit Card,557.7
BF01070,15-06-2024,William Smith,36-45,Female,Shawborough,California,Official,Home Appliances,6147,41,3626.73,2,Cash,259.98
BF01071,13-11-2023,Aimee Thompson,36-45,Female,Vanessachester,Tennessee,Society,Clothing,21785,16,18299.4,2,Debit Card,4567.5
BF01072,21-08-2024,Sheila Nelson,60+,Other,East Richard,Iowa,Herself,Toys,5185,73,1399.95,4,UPI,140.3
BF01073,15-02-2024,Mark Jacobson,18-25,Female,Cruzbury,Arkansas,Even,Sports,24206,49,12345.06,2,Credit Card,2209.51
BF01074,07-07-2024,Ms. Hannah Hill,26-35,Female,New Julieville,Wisconsin,Figure,Toys,1244,19,1007.64,2,Cash,152.91
BF01075,15-12-2023,William Williams,46-60,Other,Lake Morgan,New Hampshire,Side,Clothing,6708,32,4561.44,4,Cash,864.52
BF01076,02-08-2024,Alexis Alvarado,46-60,Other,West Brittany,Florida,High,Toys,30007,70,9002.1,1,UPI,1231.61
BF01077,05-10-2024,Alexandra Padilla,46-60,Male,Kathrynland,Rhode Island,Chance,Beauty,10454,60,4181.6,3,Cash,776.69
BF01078,14-05-2024,Miss Leslie Ellis,18-25,Male,South Maryville,Georgia,Ok,Toys,36266,48,18858.32,2,Gift Card,3397.76
BF01079,30-12-2023,Sheila Rodriguez,60+,Female,Port Michelle,New Jersey,Claim,Home Appliances,27746,75,6936.5,3,Cash,1374.59
BF01080,28-10-2023,Lisa Miller,46-60,Female,New Brittanyside,Utah,Enough,Toys,7180,75,1795,3,Cash,428.06
BF01081,28-02-2024,Emma Brooks,36-45,Male,Brianburgh,Alabama,Defense,Sports,24762,44,13866.72,1,Gift Card,1428.24
BF01082,14-12-2023,Melissa Jones,18-25,Other,Timothystad,Rhode Island,Benefit,Electronics,47273,49,24109.23,2,Gift Card,3161.01
BF01083,24-10-2023,Justin Garcia,60+,Female,Torreshaven,Ohio,In,Toys,20763,59,8512.83,2,Debit Card,872.23
BF01084,17-08-2024,Raymond Hayes,36-45,Other,North Kennethhaven,Hawaii,Evening,Electronics,16818,42,9754.44,3,Cash,720.72
BF01085,21-07-2024,Kimberly Turner,60+,Other,Suttonbury,Rhode Island,Decide,Beauty,12765,60,5106,1,Credit Card,388
BF01086,21-06-2024,Shaun Fitzgerald,46-60,Male,Michelletown,Ohio,Nation,Sports,41511,70,12453.3,4,Credit Card,1924.37
BF01087,12-05-2024,Christine Alvarado,60+,Female,South Lauren,North Carolina,Where,Clothing,29578,50,14789,2,Debit Card,2664.27
BF01088,25-05-2024,John Gonzalez,18-25,Other,Bryantown,Vermont,Let,Electronics,8283,60,3313.2,4,Cash,567.62
BF01089,30-07-2024,Nicholas Hood,26-35,Male,Lake Samanthahaven,North Carolina,Authority,Electronics,28765,30,20135.5,4,UPI,3809.79
BF01090,02-11-2023,Eddie Gallegos,26-35,Male,North Sherry,New York,Hour,Clothing,35333,30,24733.1,1,Cash,4701.61
BF01091,06-08-2024,Amber Kerr,26-35,Male,Huffmanmouth,Utah,News,Electronics,16462,19,13334.22,2,Cash,2137.31
BF01092,19-04-2024,Stephen Allison MD,60+,Male,Fisherbury,Ohio,Effect,Beauty,13548,23,10431.96,2,Credit Card,2462.47
BF01093,16-12-2023,Amy Ortiz,18-25,Female,Russofurt,Mississippi,Serve,Sports,9116,58,3828.72,2,Cash,950.23
BF01094,24-12-2023,Karen Bender,60+,Female,Port Andrewborough,Illinois,Teach,Toys,11852,19,9600.12,2,Debit Card,2353.03
BF01095,09-12-2023,Christina Park,36-45,Female,South Amy,Arizona,Star,Electronics,43072,46,23258.88,2,Credit Card,3638.2
BF01096,02-03-2024,Mrs. Tammy Fernandez,18-25,Male,Cheyenneshire,Massachusetts,Manage,Beauty,38019,31,26233.11,3,Credit Card,3323.38
BF01097,14-11-2023,Frank Lee,60+,Other,North Matthewhaven,Georgia,Pm,Clothing,16538,29,11741.98,3,UPI,2651.75
BF01098,25-04-2024,Zachary Cooper,60+,Male,Fergusontown,South Dakota,Their,Home Appliances,44486,74,11566.36,4,Credit Card,1871.66
BF01099,28-03-2024,Ruben Williams,26-35,Male,East Natalieshire,Georgia,Age,Toys,778,74,202.28,3,Credit Card,22.05
BF01100,01-03-2024,Christopher Silva,60+,Other,Meghanbury,Nevada,Four,Sports,19362,43,11036.34,1,UPI,2592.41
BF01101,03-06-2024,Reginald Simmons,18-25,Other,Jamiemouth,North Dakota,Everything,Home Appliances,39400,71,11426,3,Debit Card,1309.09
BF01102,19-03-2024,Aaron Trevino,36-45,Other,South Ann,Mississippi,Present,Home Appliances,13278,17,11020.74,1,Cash,1240.91
BF01103,28-11-2023,Joseph Flores,36-45,Male,South Joseph,Kentucky,Mouth,Toys,45679,48,23753.08,2,UPI,2061.07
BF01104,22-07-2024,Jeffrey Johnson,36-45,Female,Clarkland,Ohio,Western,Clothing,24212,67,7989.96,3,UPI,554.63
BF01105,14-05-2024,Bruce Mendez,36-45,Other,New Williamville,New Jersey,Live,Electronics,9475,50,4737.5,3,Credit Card,727.99
BF01106,08-02-2024,Heather Rivera,36-45,Other,North Johnhaven,Washington,High,Home Appliances,34220,79,7186.2,3,UPI,968.06
BF01107,19-10-2023,Jeremy Boyer,18-25,Male,Port Zacharyville,Vermont,Point,Home Appliances,1854,28,1334.88,2,UPI,301.73
BF01108,08-03-2024,Jessica Williams,18-25,Female,East Elizabethfort,Utah,Power,Sports,41884,42,24292.72,4,Credit Card,3481.05
BF01109,02-09-2024,Amy Edwards,46-60,Other,New Travis,Maine,Positive,Electronics,48718,54,22410.28,4,Debit Card,4787.63
BF01110,17-09-2024,Spencer Mack,18-25,Male,Wanghaven,Wisconsin,Term,Beauty,9518,10,8566.2,4,Debit Card,1682.7
BF01111,09-10-2024,Daniel Rios,60+,Other,Lake Ana,New York,Break,Beauty,39302,23,30262.54,2,Cash,6270.11
BF01112,21-01-2024,John Crawford,18-25,Other,Lake Alex,Montana,Administration,Toys,18591,60,7436.4,3,Gift Card,1070.8
BF01113,05-04-2024,Teresa Valentine,36-45,Other,Laceytown,Tennessee,Impact,Beauty,7996,29,5677.16,3,Gift Card,1088.72
BF01114,13-03-2024,Patricia Parks,18-25,Male,Travisshire,North Dakota,Run,Sports,32985,29,23419.35,2,UPI,5047.08
BF01115,09-04-2024,Curtis Caldwell,60+,Other,Debraborough,Connecticut,Know,Electronics,43935,21,34708.65,3,Cash,1912.03
BF01116,25-05-2024,Ryan Newton,26-35,Other,North Tracifurt,Colorado,Firm,Toys,27046,79,5679.66,3,Debit Card,989.65
BF01117,09-05-2024,Jeffrey Garcia,60+,Other,Travisfurt,Montana,Phone,Electronics,27497,37,17323.11,4,Gift Card,3279.18
BF01118,07-10-2024,Amanda Romero MD,60+,Other,Port Jenniferport,Illinois,Ability,Clothing,32417,46,17505.18,2,Gift Card,1345.39
BF01119,08-03-2024,Brandon Morton,60+,Other,Conniefurt,Maryland,General,Home Appliances,13540,38,8394.8,4,UPI,1987.88
BF01120,23-01-2024,Gina Smith,18-25,Male,South Austin,Utah,Actually,Beauty,31048,72,8693.44,4,Gift Card,1892.6
BF01121,02-04-2024,Elizabeth Riley,46-60,Other,Port David,Oregon,Explain,Electronics,22374,73,6040.98,1,Gift Card,628.9
BF01122,13-12-2023,William Terry,18-25,Female,Kathleenhaven,Oklahoma,She,Sports,17772,13,15461.64,3,Credit Card,3843.72
BF01123,06-04-2024,Nicholas Davis,46-60,Male,Beckchester,Wyoming,Outside,Electronics,44545,28,32072.4,2,Credit Card,5447.49
BF01124,14-09-2024,Kevin Pham,60+,Other,East Christopher,Rhode Island,Later,Home Appliances,35651,50,17825.5,3,Cash,4186.15
BF01125,23-06-2024,Megan Sanchez,36-45,Other,Gregorymouth,Mississippi,Manage,Home Appliances,40602,22,31669.56,4,Gift Card,3037.65
BF01126,19-07-2024,Tiffany White,36-45,Other,Smithhaven,Kansas,Entire,Toys,48468,55,21810.6,1,Debit Card,1986.62
BF01127,14-10-2023,Tiffany Jones,26-35,Other,South Maryton,Kentucky,Artist,Beauty,37084,51,18171.16,1,Debit Card,1553.79
BF01128,19-12-2023,Ronald Hampton,46-60,Male,Dianaview,Arizona,Candidate,Beauty,36681,12,32279.28,1,Debit Card,3214.21
BF01129,17-12-2023,Jacob Gentry,60+,Male,Lake Susanport,Washington,Political,Toys,40391,61,15752.49,4,Gift Card,2178.88
BF01130,14-10-2023,Margaret Donaldson,36-45,Female,South Maria,Utah,Push,Sports,27650,75,6912.5,3,Debit Card,638.47
BF01131,27-02-2024,Peggy Silva,26-35,Female,Patelburgh,Nevada,Hundred,Home Appliances,30822,18,25274.04,3,Debit Card,4122.39
BF01132,15-03-2024,Eric Patton,46-60,Male,East Sandraborough,Texas,Whose,Electronics,14576,79,3060.96,2,Credit Card,315.98
BF01133,24-12-2023,Kevin Love,26-35,Other,New Tanya,North Carolina,Down,Electronics,19345,50,9672.5,4,Debit Card,1430.52
BF01134,18-08-2024,Kevin Martinez,18-25,Male,Smithmouth,Rhode Island,Program,Toys,16695,63,6177.15,3,Credit Card,1023.56
BF01135,23-07-2024,Cristian Clayton,60+,Female,South Danaville,Kansas,Once,Toys,11362,44,6362.72,4,Debit Card,1554.08
BF01136,13-02-2024,Michael Hernandez,36-45,Female,Reedland,Tennessee,Control,Beauty,45682,24,34718.32,4,Gift Card,7789.56
BF01137,05-06-2024,Madison Bennett,18-25,Female,Smithhaven,Minnesota,Industry,Toys,46205,63,17095.85,3,Gift Card,1806.39
BF01138,02-01-2024,Brenda Jones,26-35,Other,Alexanderstad,Wisconsin,Career,Beauty,45292,52,21740.16,1,Gift Card,5419.5
BF01139,27-03-2024,Edwin Foster,60+,Female,Larsonbury,Colorado,Represent,Sports,25909,56,11399.96,3,Credit Card,1825.33
BF01140,09-10-2024,Dominic Brown,36-45,Other,Jonathanstad,Idaho,Necessary,Home Appliances,44402,74,11544.52,4,UPI,2122.63
BF01141,04-07-2024,Christina Williams,18-25,Other,East Aprilborough,Florida,Thus,Electronics,26140,59,10717.4,3,Debit Card,2579.1
BF01142,15-01-2024,Taylor Banks,26-35,Male,North Nathanville,Rhode Island,Grow,Home Appliances,18914,41,11159.26,1,UPI,2711.25
BF01143,24-09-2024,Derek Powell,60+,Female,Ashleyton,Alaska,Political,Beauty,35298,33,23649.66,4,UPI,5886.76
BF01144,18-06-2024,Dominique Adams,60+,Other,West Deborahside,Wisconsin,Form,Electronics,31879,42,18489.82,1,Cash,1416.22
BF01145,20-04-2024,Richard Castro,36-45,Other,West Eric,Alabama,World,Beauty,42860,28,30859.2,4,Gift Card,2733.78
BF01146,27-09-2024,Sandra Allen,46-60,Male,Grantton,Delaware,Best,Electronics,17253,11,15355.17,3,Debit Card,2626.35
BF01147,11-04-2024,Timothy Burns,46-60,Male,Butlershire,Oregon,Popular,Sports,9543,51,4676.07,3,Cash,246.31
BF01148,06-07-2024,Hannah Benton,60+,Other,Andrewland,Oklahoma,Mind,Home Appliances,32406,36,20739.84,3,Debit Card,3642.44
BF01149,06-03-2024,Melissa Hamilton,36-45,Female,Sarafurt,Arkansas,Situation,Toys,44533,44,24938.48,3,UPI,3375.54
BF01150,20-04-2024,Michael Martinez,46-60,Female,New Melinda,Maryland,Tree,Home Appliances,24965,60,9986,2,Cash,758.3
BF01151,01-05-2024,Tiffany Little,26-35,Male,Michelleborough,Delaware,However,Home Appliances,2725,66,926.5,2,Gift Card,199.74
BF01152,02-06-2024,Jeremy Hart,60+,Other,New Kyletown,California,War,Home Appliances,34365,26,25430.1,2,Credit Card,2350.74
BF01153,02-04-2024,Taylor Villa,46-60,Female,Lake Michaelmouth,Montana,Family,Sports,29741,79,6245.61,3,Gift Card,707.82
BF01154,02-02-2024,Darlene Sanford,46-60,Female,North Rhonda,Colorado,Could,Home Appliances,42279,34,27904.14,2,Cash,4394.65
BF01155,19-08-2024,John Peterson,18-25,Other,New Bethmouth,Arkansas,Morning,Electronics,36705,22,28629.9,2,Debit Card,1918.65
BF01156,09-04-2024,Brandon Jones,18-25,Other,Port Austin,Oregon,Beautiful,Home Appliances,10604,49,5408.04,2,Credit Card,595.74
BF01157,27-11-2023,Kara Burke,60+,Male,Zacharyview,Vermont,Success,Clothing,22363,54,10286.98,1,Gift Card,1588.65
BF01158,09-02-2024,Karen Ward,60+,Other,Thomasside,South Dakota,But,Beauty,13740,39,8381.4,4,Credit Card,1870.65
BF01159,12-09-2024,Alec Ryan,60+,Other,West Juliebury,South Carolina,Reveal,Clothing,14605,16,12268.2,1,Cash,2210.31
BF01160,11-08-2024,Meghan Nunez,60+,Female,South Yolanda,Rhode Island,Friend,Toys,18869,63,6981.53,4,Debit Card,1326.2
BF01161,09-02-2024,Tammy Waters,36-45,Male,Port Stephenchester,Minnesota,Hand,Home Appliances,8865,48,4609.8,2,Cash,834.12
BF01162,11-05-2024,Richard Kent,26-35,Female,Tonyshire,Maryland,Seven,Sports,12826,53,6028.22,3,UPI,459.11
BF01163,17-02-2024,Cory Larson,26-35,Other,West Jasonberg,Vermont,Really,Electronics,34391,10,30951.9,1,UPI,7553.07
BF01164,20-10-2023,Peggy Hodges,46-60,Female,Jasmineton,Virginia,Five,Toys,38900,64,14004,2,UPI,2935.42
BF01165,24-11-2023,Elizabeth Thompson,18-25,Other,South Karen,Montana,Lead,Sports,26532,19,21490.92,3,UPI,4461.42
BF01166,06-09-2024,Marcus Wong,18-25,Female,Ryanberg,Virginia,Decade,Toys,7081,58,2974.02,4,Debit Card,349.07
BF01167,10-02-2024,Marcus Smith,18-25,Male,New Linda,Illinois,Line,Toys,18403,66,6257.02,2,Gift Card,409.05
BF01168,22-05-2024,James Avila,18-25,Other,Port Maria,Florida,Science,Beauty,47717,21,37696.43,2,Cash,3636.85
BF01169,09-05-2024,Nicholas Marquez,36-45,Other,Port Rachel,Montana,Improve,Beauty,34382,39,20973.02,1,Debit Card,4648.1
BF01170,10-06-2024,Eric Burke,36-45,Male,Nancyberg,New Jersey,Determine,Beauty,33321,73,8996.67,3,Cash,2104.98
BF01171,15-04-2024,Claudia Gardner,18-25,Other,Karenside,California,It,Electronics,42668,37,26880.84,4,Gift Card,4404.78
BF01172,16-06-2024,Christine Yu,46-60,Male,East Kellymouth,Arkansas,Not,Toys,15110,56,6648.4,1,Gift Card,570.51
BF01173,09-05-2024,Hector Jones,18-25,Other,Juanfort,Louisiana,Current,Sports,1032,63,381.84,3,UPI,47.22
BF01174,17-06-2024,Madison Gardner,46-60,Other,Millerside,South Dakota,Develop,Electronics,43013,37,27098.19,4,Debit Card,3009.14
BF01175,15-09-2024,Dr. Christine Velazquez,18-25,Female,Chanfurt,Hawaii,Loss,Clothing,12777,38,7921.74,4,UPI,1677.42
BF01176,02-12-2023,Rebekah Mcmillan,36-45,Male,West Christina,Arkansas,Foreign,Home Appliances,40827,24,31028.52,1,Debit Card,4150.19
BF01177,24-03-2024,Jonathan Price,36-45,Male,East Jackland,North Carolina,Recognize,Beauty,21366,54,9828.36,3,Debit Card,1454.25
BF01178,29-08-2024,Jaime Castillo,60+,Female,North Laurachester,Maine,Road,Toys,23478,52,11269.44,2,Gift Card,1239.57
BF01179,10-12-2023,Kaitlyn Hancock,46-60,Female,North Davidfort,Iowa,Book,Beauty,49781,43,28375.17,1,Gift Card,4747.76
BF01180,12-11-2023,Mary Kelley,36-45,Other,North Karen,Arizona,Visit,Clothing,13909,66,4729.06,1,Debit Card,558.58
BF01181,13-03-2024,Lynn Prince,46-60,Female,North David,Utah,Rise,Beauty,22094,77,5081.62,4,Cash,1022.68
BF01182,01-01-2024,Amanda King,26-35,Other,Port Brianborough,Florida,Measure,Electronics,47625,55,21431.25,1,Debit Card,4437.05
BF01183,20-09-2024,Stephanie Johnson,36-45,Male,Kathleenton,North Carolina,Upon,Clothing,33508,23,25801.16,4,Debit Card,2309.02
BF01184,02-03-2024,Rebecca Molina,36-45,Other,Hernandezland,Utah,Score,Sports,31084,67,10257.72,4,Debit Card,2311.15
BF01185,01-08-2024,Stephanie Cline,46-60,Other,East Melissastad,Maine,Responsibility,Home Appliances,26580,65,9303,1,Cash,1255.81
BF01186,03-10-2024,Erin Smith,26-35,Female,West Dennis,Illinois,Why,Beauty,39316,40,23589.6,3,Debit Card,5774.11
BF01187,21-08-2024,Steven Livingston,46-60,Male,West Mary,Indiana,Maybe,Home Appliances,37382,64,13457.52,2,Debit Card,1379.76
BF01188,21-10-2023,Juan Mccoy,26-35,Male,Andersonborough,Virginia,Purpose,Home Appliances,4687,37,2952.81,2,UPI,418.31
BF01189,15-12-2023,Paige Harris,26-35,Other,West Jesse,Nebraska,Hundred,Toys,45294,13,39405.78,3,UPI,3711.57
BF01190,15-06-2024,Alyssa Jackson,36-45,Female,Lake Stephanieland,Arkansas,Give,Beauty,28939,33,19389.13,2,Cash,3725.83
BF01191,29-04-2024,Mark Butler,60+,Female,West Nancy,Virginia,Marriage,Home Appliances,15700,11,13973,3,Gift Card,2580.34
BF01192,14-02-2024,Linda Ross,46-60,Other,Caldwellland,New Hampshire,Born,Beauty,20110,53,9451.7,1,Gift Card,1721.67
BF01193,24-03-2024,Andrew Randolph,60+,Male,Williamview,Minnesota,Religious,Sports,47953,22,37403.34,1,Credit Card,4534.48
BF01194,06-11-2023,Tiffany Fisher,18-25,Female,Turnerberg,Tennessee,Response,Sports,42704,75,10676,4,Gift Card,740.8
BF01195,24-04-2024,Marissa Brewer,60+,Male,New Jaredberg,Oregon,Movie,Sports,9572,11,8519.08,1,Gift Card,1808.88
BF01196,23-01-2024,Dorothy Allen,46-60,Female,Port Rachelborough,South Dakota,Audience,Clothing,12220,11,10875.8,3,UPI,2649.49
BF01197,22-11-2023,Mary Martinez,46-60,Female,Suzanneville,Idaho,Degree,Toys,42833,17,35551.39,3,UPI,4939.55
BF01198,09-01-2024,Matthew Hanson,46-60,Male,Isaacton,Georgia,Increase,Toys,49325,71,14304.25,4,Cash,976.59
BF01199,17-04-2024,Cesar Guzman,60+,Other,Vasquezport,Maryland,Shake,Sports,36996,18,30336.72,4,Debit Card,5363.7
BF01200,12-08-2024,James Lewis,60+,Female,South Cindy,Montana,Listen,Sports,11602,45,6381.1,3,Credit Card,405.58
BF01201,31-03-2024,Amber Adkins,60+,Male,Port Kennethbury,Washington,Agency,Electronics,16717,74,4346.42,1,Debit Card,593.3
BF01202,09-05-2024,Karen Noble,46-60,Female,Heatherport,Tennessee,Through,Sports,36674,72,10268.72,3,Gift Card,683.52
BF01203,06-01-2024,Angel Allison,18-25,Male,North Christopher,West Virginia,Finish,Electronics,43541,48,22641.32,1,UPI,4472.23
BF01204,03-09-2024,Stephanie Young,36-45,Female,Port Danielland,Colorado,None,Home Appliances,33933,52,16287.84,2,Gift Card,3804.47
BF01205,09-12-2023,William Brooks,26-35,Male,Hudsonport,Oregon,Social,Home Appliances,44559,33,29854.53,4,Credit Card,6406.24
BF01206,10-08-2024,Rachel Ward,18-25,Male,North Brenda,Hawaii,Item,Electronics,32451,47,17199.03,3,Debit Card,2657.23
BF01207,15-11-2023,Zachary Cunningham,18-25,Female,New Deborahstad,North Carolina,Response,Sports,23034,31,15893.46,4,Cash,2953.57
BF01208,18-10-2023,Jennifer Martin,26-35,Male,Robertland,New Mexico,Life,Clothing,43795,17,36349.85,1,Gift Card,6568.69
BF01209,13-02-2024,Steve Nelson,60+,Other,South Jerome,Indiana,Each,Home Appliances,13744,30,9620.8,2,Cash,1395.54
BF01210,19-08-2024,Louis Cox,26-35,Male,Port John,Delaware,City,Sports,16169,65,5659.15,4,Gift Card,1186.38
BF01211,12-04-2024,Christopher Washington,18-25,Other,Matthewport,Maryland,Check,Beauty,47407,60,18962.8,4,Cash,2830.59
BF01212,20-06-2024,Amanda Gaines,26-35,Male,New Benjamin,New Mexico,Drug,Sports,15076,35,9799.4,1,Debit Card,735.3
BF01213,13-05-2024,Kevin Welch,46-60,Other,Lake Debbieberg,Delaware,Eye,Beauty,44278,62,16825.64,3,Cash,2189.39
BF01214,27-05-2024,Kyle Bell,46-60,Female,East Michellefort,Georgia,Idea,Clothing,49151,49,25067.01,3,Gift Card,2664.85
BF01215,06-08-2024,David Durham,18-25,Male,East Glenton,Michigan,Discuss,Electronics,29684,40,17810.4,2,UPI,2197.59
BF01216,15-11-2023,Michael Lloyd,18-25,Female,Munozside,Indiana,Continue,Toys,34648,57,14898.64,4,Debit Card,3530.4
BF01217,09-01-2024,Jason Ferguson,46-60,Male,Port Summerchester,Oklahoma,Smile,Toys,37985,41,22411.15,3,UPI,5014.92
BF01218,19-08-2024,Daniel Franco,26-35,Male,Port Carolyn,Illinois,Then,Clothing,961,44,538.16,2,Credit Card,64.06
BF01219,08-04-2024,Victoria Long,36-45,Female,Chasefort,New York,Government,Sports,46872,53,22029.84,1,Cash,2193.54
BF01220,09-03-2024,Joseph Blake,18-25,Other,Cooperbury,Nevada,Determine,Beauty,18930,26,14008.2,3,Cash,3152.47
BF01221,09-02-2024,Haley Miller,26-35,Male,East Sarahborough,Vermont,Include,Toys,49412,21,39035.48,3,Credit Card,2570.47
BF01222,18-12-2023,Jennifer Peters,26-35,Female,Garciafort,West Virginia,Method,Electronics,40730,13,35435.1,3,UPI,6584.35
BF01223,13-05-2024,Kenneth Blake,60+,Female,Johnsonfort,Pennsylvania,House,Toys,38501,12,33880.88,1,Credit Card,5232.42
BF01224,05-02-2024,James Sanders,26-35,Male,Carlosbury,Indiana,Enough,Home Appliances,13560,43,7729.2,3,Debit Card,706.8
BF01225,26-07-2024,David Robinson,46-60,Female,Cameronbury,Vermont,Sure,Toys,12504,70,3751.2,2,Debit Card,607.46
BF01226,04-07-2024,Anne Martin,46-60,Female,Kirkmouth,New Jersey,Former,Electronics,23357,57,10043.51,3,Cash,2296.51
BF01227,05-02-2024,Justin Thompson,26-35,Female,Moonfort,Arizona,These,Toys,38914,50,19457,4,Cash,1271.76
BF01228,13-03-2024,Pam Cobb,46-60,Male,North Zachary,Ohio,Four,Electronics,42135,36,26966.4,4,Credit Card,3510.81
BF01229,07-11-2023,Mr. Joshua Browning DVM,46-60,Other,Alexanderchester,Illinois,Technology,Home Appliances,32339,77,7437.97,3,Cash,806.11
BF01230,17-08-2024,Joseph Hernandez,60+,Female,Jenniferchester,Pennsylvania,Against,Sports,19196,12,16892.48,4,Debit Card,2735.07
BF01231,01-06-2024,Kathy Sanchez,26-35,Male,New Derek,Nevada,Set,Home Appliances,24809,49,12652.59,2,Gift Card,3045.82
BF01232,15-11-2023,Anthony Pearson,46-60,Female,Ericborough,Mississippi,Color,Toys,40373,25,30279.75,1,Debit Card,5040.24
BF01233,21-04-2024,Stephanie Williams,60+,Other,Colemouth,South Carolina,Issue,Electronics,27556,42,15982.48,4,Gift Card,2186.23
BF01234,31-05-2024,Logan Hobbs,26-35,Other,Laurenfort,New York,Public,Sports,38122,70,11436.6,3,Credit Card,945.79
BF01235,13-02-2024,Jeffrey Landry,46-60,Male,Davidfurt,Nebraska,Theory,Toys,17040,15,14484,3,Debit Card,3443.38
BF01236,16-11-2023,Brian Dunn,26-35,Other,Figueroaport,Colorado,Land,Home Appliances,8135,10,7321.5,1,Cash,978.65
BF01237,21-01-2024,Zachary Stephens,26-35,Male,East Sarah,New Mexico,Eye,Beauty,8755,24,6653.8,3,Credit Card,1363.28
BF01238,29-02-2024,Ashley Rodriguez,26-35,Male,Johnshire,Tennessee,Issue,Sports,41135,40,24681,1,Credit Card,5569.7
BF01239,23-09-2024,Joseph Harris,18-25,Male,North Caleb,Alaska,Especially,Electronics,46829,16,39336.36,4,Gift Card,3907.91
BF01240,20-06-2024,Steven Bowman,60+,Male,Paulhaven,West Virginia,Office,Beauty,36704,43,20921.28,1,Gift Card,3724.02
BF01241,05-02-2024,David Stevens,60+,Male,Chanberg,Hawaii,Response,Toys,20067,64,7224.12,2,Credit Card,1284.07
BF01242,24-11-2023,David Smith,46-60,Male,North Chrisville,Minnesota,Wide,Clothing,15019,20,12015.2,1,Gift Card,678.01
BF01243,15-10-2023,Robert Turner,46-60,Female,South Pamela,Maryland,Voice,Beauty,17525,12,15422,1,Debit Card,2456.15
BF01244,23-06-2024,Gary Martin,36-45,Female,Lucastown,Missouri,Cell,Home Appliances,38795,76,9310.8,1,Credit Card,1830.08
BF01245,01-11-2023,Donna Wilson,18-25,Male,South Margaret,Illinois,Someone,Sports,9787,73,2642.49,2,UPI,416.74
BF01246,18-02-2024,Ricardo Harris,60+,Female,East Anthony,Nevada,Allow,Electronics,1612,42,934.96,2,Credit Card,218.59
BF01247,10-10-2024,Helen Wilson,36-45,Male,Lake Jamesport,Delaware,Pattern,Electronics,49445,68,15822.4,4,Credit Card,930.25
BF01248,11-01-2024,Brandy Collins,60+,Female,East Brian,Massachusetts,It,Clothing,47161,28,33955.92,2,Credit Card,6663.29
BF01249,09-04-2024,Sharon Lopez,26-35,Male,Hillberg,Iowa,Statement,Clothing,21706,31,14977.14,1,Debit Card,3060.25
BF01250,13-07-2024,Brittany Stark,26-35,Male,West Randyfort,West Virginia,Point,Toys,36667,12,32266.96,4,Debit Card,5484.78
BF01251,03-09-2024,Jeremy Solis,46-60,Female,Caseystad,New York,Whom,Beauty,36740,16,30861.6,1,Cash,5525.13
BF01252,12-09-2024,Cynthia Watkins,36-45,Female,South Rachelview,Pennsylvania,Fact,Sports,16413,20,13130.4,1,Credit Card,1954.81
BF01253,26-09-2024,Richard Calhoun,46-60,Female,Maxwellbury,New York,Travel,Sports,38550,59,15805.5,1,Gift Card,3852.26
BF01254,05-07-2024,Howard Werner,18-25,Male,Phillipsberg,Florida,Candidate,Beauty,28211,31,19465.59,2,Debit Card,2166
BF01255,05-09-2024,Robert Brown,18-25,Other,New Ryan,Iowa,Daughter,Sports,26859,79,5640.39,3,Debit Card,892.24
BF01256,08-12-2023,Jesus Schultz,26-35,Male,Stephensonview,Hawaii,Almost,Sports,29516,39,18004.76,1,UPI,2082.75
BF01257,30-04-2024,Karen Smith,36-45,Female,Lake Karen,Wisconsin,Too,Clothing,28732,76,6895.68,3,Credit Card,1590.42
BF01258,03-03-2024,Jeremy Herrera,18-25,Other,Lake Taylor,Colorado,Kind,Sports,12840,38,7960.8,3,Cash,1724.03
BF01259,14-12-2023,Mary Martinez,18-25,Male,New Jane,Oklahoma,Technology,Electronics,31842,10,28657.8,2,Cash,5939.88
BF01260,09-10-2024,John Williams,60+,Other,South Laurieburgh,Hawaii,Place,Beauty,12628,43,7197.96,4,Gift Card,667.77
BF01261,10-10-2024,Courtney Jacobs,26-35,Female,Cannontown,New Mexico,Court,Electronics,4924,55,2215.8,3,Debit Card,161.91
BF01262,04-03-2024,Kelly Rivera,18-25,Other,Harrisonville,Idaho,Change,Beauty,3174,37,1999.62,3,Credit Card,364.46
BF01263,07-10-2024,Julie Herring,46-60,Other,Delgadoburgh,New York,Health,Clothing,6465,70,1939.5,3,Gift Card,124.66
BF01264,22-03-2024,Mary Coleman,36-45,Female,New Melanie,Wyoming,Meeting,Sports,49824,14,42848.64,3,Gift Card,6418.17
BF01265,02-01-2024,Shawna Valencia,46-60,Female,Lindseymouth,Arkansas,Term,Toys,14494,68,4638.08,3,Gift Card,997.75
BF01266,30-04-2024,Caleb Arnold,36-45,Male,Reneeview,Hawaii,Woman,Clothing,45515,38,28219.3,2,Gift Card,4972.71
BF01267,22-05-2024,Kyle Moore,26-35,Other,East Coryland,Washington,Present,Electronics,48768,67,16093.44,3,Cash,1912.47
BF01268,20-01-2024,Sheila Coleman,26-35,Female,South Charles,North Dakota,Million,Clothing,3820,62,1451.6,3,UPI,158.93
BF01269,29-01-2024,Christine Moore,46-60,Female,Darrenville,Louisiana,Set,Clothing,24263,22,18925.14,1,UPI,2812.79
BF01270,19-08-2024,Stephen Kim,18-25,Male,Vargasmouth,South Dakota,Personal,Beauty,9243,15,7856.55,1,Gift Card,431.7
BF01271,29-06-2024,Megan Sanchez,26-35,Female,New Carlbury,North Dakota,Board,Clothing,25418,30,17792.6,2,Gift Card,3243.05
BF01272,04-06-2024,Cheryl Rios,60+,Female,East Jenniferton,Ohio,Yard,Home Appliances,24067,33,16124.89,3,Credit Card,1505.73
BF01273,15-07-2024,Lisa Galloway,18-25,Other,Cochranview,Michigan,Speech,Beauty,47979,73,12954.33,3,Debit Card,1522.71
BF01274,26-12-2023,Teresa Baker,26-35,Other,West Brandi,Iowa,Source,Toys,17764,35,11546.6,1,Gift Card,1975.83
BF01275,13-01-2024,Jorge Riddle,36-45,Other,Smithbury,Virginia,Community,Electronics,9811,65,3433.85,4,Gift Card,446.43
BF01276,05-04-2024,Edwin Hopkins,18-25,Male,Wheelerstad,Maryland,Nearly,Home Appliances,25854,67,8531.82,3,Debit Card,697.03
BF01277,24-08-2024,Mary Garcia,46-60,Male,Port Carolynfurt,Virginia,What,Toys,26842,77,6173.66,1,Cash,596.54
BF01278,21-04-2024,Dylan Mitchell,46-60,Male,Burnsland,South Dakota,Sign,Beauty,14605,58,6134.1,2,Credit Card,362.56
BF01279,05-10-2024,Mr. Matthew Wilson DVM,46-60,Female,New Meganside,Michigan,Meeting,Toys,32039,73,8650.53,3,Cash,501.15
BF01280,21-12-2023,Matthew Quinn,60+,Other,Lake Kevin,Wisconsin,Ask,Home Appliances,26599,33,17821.33,3,Cash,1224.23
BF01281,15-11-2023,Crystal Rodriguez,46-60,Male,Carterview,Minnesota,Party,Sports,24691,43,14073.87,1,Gift Card,2511.84
BF01282,29-04-2024,Timothy Martin,18-25,Male,Hartfort,Missouri,Knowledge,Home Appliances,35229,76,8454.96,4,Debit Card,570.48
BF01283,11-11-2023,Shannon Hunter,36-45,Female,Bartonport,Wyoming,Daughter,Sports,38161,12,33581.68,2,Credit Card,1725.67
BF01284,20-06-2024,Jason Ortiz,26-35,Other,Port James,Missouri,Eight,Electronics,32920,19,26665.2,4,Credit Card,2091.2
BF01285,12-06-2024,Scott Ware,26-35,Male,Santiagochester,Kansas,Pay,Home Appliances,22679,34,14968.14,1,Credit Card,2354.17
BF01286,01-10-2024,Laura Brady,26-35,Other,Leviborough,North Dakota,Top,Clothing,39907,32,27136.76,2,UPI,4320.1
BF01287,30-04-2024,Mr. Corey Tyler,36-45,Female,Port Michael,Wyoming,If,Home Appliances,45640,63,16886.8,3,Debit Card,1221.84
BF01288,03-08-2024,Dennis Jackson,26-35,Female,Walkerbury,Kansas,Yet,Electronics,43154,37,27187.02,4,Gift Card,6288.01
BF01289,24-06-2024,Alexis Bates,18-25,Other,New Dawnchester,Kentucky,Identify,Home Appliances,21810,60,8724,2,Cash,1863.08
BF01290,18-07-2024,Jeremy Kim,46-60,Other,Lake Christopherchester,New York,Spring,Electronics,6096,68,1950.72,2,Cash,295.21
BF01291,13-05-2024,Edwin Cunningham,60+,Other,North Johnfurt,Idaho,Guess,Sports,28595,77,6576.85,1,UPI,1320.19
BF01292,20-10-2023,John Erickson Jr.,46-60,Male,Ortizton,Rhode Island,Throw,Beauty,32823,47,17396.19,4,UPI,1912.32
BF01293,13-06-2024,Elizabeth Wilson,36-45,Female,East Madeline,Montana,Stand,Clothing,25270,14,21732.2,4,Debit Card,3002.87
BF01294,18-12-2023,Mr. Steven Hernandez,46-60,Female,North Emilyfort,Mississippi,Account,Toys,25425,36,16272,1,Gift Card,2958.03
BF01295,13-11-2023,Brittney Colon,36-45,Male,East Joseph,North Carolina,Save,Home Appliances,22524,18,18469.68,4,Gift Card,1314.43
BF01296,11-07-2024,Kelly Erickson,36-45,Female,North Katherine,Missouri,Society,Electronics,1083,68,346.56,3,Gift Card,72.67
BF01297,17-06-2024,Mark Smith,60+,Female,North Dennisbury,Utah,Bill,Sports,37178,13,32344.86,2,UPI,4208.71
BF01298,21-01-2024,Lisa Cooper,46-60,Female,North Noah,Tennessee,Mrs,Toys,41382,41,24415.38,3,Debit Card,2979.74
BF01299,31-10-2023,Jason Morales,18-25,Female,Lake Randy,Idaho,Bad,Toys,9332,26,6905.68,4,Debit Card,1429.78
BF01300,06-09-2024,Mason Diaz,60+,Female,Lisaton,Wyoming,Attorney,Electronics,39727,44,22247.12,4,Debit Card,4218.76
BF01301,05-11-2023,Glenda Hall,46-60,Male,Lake Kevin,Massachusetts,One,Clothing,46278,15,39336.3,1,Gift Card,8673.24
BF01302,11-02-2024,Luis Cole,46-60,Male,Smallshire,Wisconsin,While,Toys,14443,50,7221.5,3,Cash,1204.85
BF01303,05-12-2023,Adrian Floyd,36-45,Other,Hullshire,Idaho,Begin,Clothing,16133,42,9357.14,3,Credit Card,2253.7
BF01304,23-10-2023,Melissa Harris,18-25,Female,Sampsonview,Wisconsin,Region,Beauty,32364,59,13269.24,1,Cash,2246.72
BF01305,23-03-2024,Laurie Oconnor,60+,Male,Port Frankmouth,Mississippi,Beat,Toys,45160,29,32063.6,3,Gift Card,3300.95
BF01306,07-02-2024,Lisa Berry,46-60,Female,Thomaston,Massachusetts,House,Clothing,39548,66,13446.32,2,Gift Card,2445.53
BF01307,24-01-2024,Samuel Barnes,36-45,Female,Joneston,Michigan,Decade,Beauty,8169,70,2450.7,4,Gift Card,196.34
BF01308,27-08-2024,Brandon Brock,18-25,Male,West Dawn,Maine,Media,Electronics,34594,28,24907.68,2,Debit Card,3595.97
BF01309,27-05-2024,Thomas Chambers,36-45,Male,Cindybury,Ohio,Dream,Home Appliances,4829,71,1400.41,4,UPI,236.91
BF01310,08-12-2023,Robert Martinez,18-25,Other,New Kimberlyport,Louisiana,Reason,Home Appliances,21978,11,19560.42,1,Debit Card,1476.32
BF01311,14-07-2024,Curtis Wolfe,26-35,Male,New Christopher,New Mexico,Bag,Toys,16293,57,7005.99,2,Cash,1168.74
BF01312,28-12-2023,Dawn Hale,60+,Female,East Matthew,Kentucky,Degree,Sports,5734,28,4128.48,3,UPI,214.91
BF01313,12-01-2024,Kelly Webb,36-45,Other,Lake Alexanderhaven,Rhode Island,Mr,Beauty,47018,67,15515.94,1,Credit Card,3339.15
BF01314,01-09-2024,Paul Hill,46-60,Female,New Tonyaview,Nebraska,Fly,Home Appliances,42967,29,30506.57,3,Cash,2815.15
BF01315,12-11-2023,Karen Alvarez,46-60,Other,Amandabury,Arizona,Room,Clothing,16915,77,3890.45,2,Credit Card,531.84
BF01316,30-10-2023,Aaron Welch,18-25,Other,Nicholasmouth,Arkansas,Need,Beauty,19437,65,6802.95,3,UPI,1034.76
BF01317,17-02-2024,Brian Clark,26-35,Female,Danielchester,Maryland,Quite,Beauty,33088,22,25808.64,1,UPI,4572.9
BF01318,13-02-2024,Tina Obrien,26-35,Male,North Jeffreyberg,Vermont,Short,Sports,48037,48,24979.24,4,Credit Card,4341.17
BF01319,01-07-2024,Eric Hancock,26-35,Female,Davidtown,New York,Citizen,Beauty,31508,38,19534.96,2,Cash,4497.34
BF01320,10-03-2024,Anne Jackson,46-60,Male,Michaelfort,California,Life,Home Appliances,21353,53,10035.91,1,Cash,1048.76
BF01321,25-06-2024,Julie Perez,60+,Other,Port Edwardville,South Dakota,Drop,Toys,24693,29,17532.03,2,UPI,2094.4
BF01322,22-11-2023,Erika Wells,60+,Female,Robertsonside,Virginia,Side,Clothing,1446,23,1113.42,4,Cash,256.1
BF01323,01-03-2024,Frank Garza,18-25,Female,South Ryanville,Oregon,Class,Home Appliances,44609,35,28995.85,2,Credit Card,1969.8
BF01324,02-10-2024,Sean Hart,46-60,Male,Delacruztown,Idaho,Enter,Home Appliances,26869,31,18539.61,3,UPI,1474.41
BF01325,27-03-2024,Steven Holt,18-25,Male,West Angelstad,Colorado,Herself,Home Appliances,38824,79,8153.04,4,Debit Card,1538.1
BF01326,16-06-2024,Deborah Wu,60+,Other,Wilsonmouth,Missouri,Including,Home Appliances,977,14,840.22,3,Debit Card,125.91
BF01327,11-11-2023,Joseph Barnett,18-25,Other,Lake Jason,Louisiana,TRUE,Clothing,45967,10,41370.3,3,Credit Card,9567.15
BF01328,16-01-2024,Barbara Bennett,36-45,Male,West Jasonhaven,Florida,Gas,Toys,44880,28,32313.6,1,Cash,7059.31
BF01329,11-04-2024,Stacy Woods,60+,Male,Josephtown,Arizona,Through,Electronics,6377,14,5484.22,1,UPI,508.46
BF01330,18-11-2023,Elizabeth Farrell,18-25,Other,Port David,Rhode Island,Somebody,Beauty,12014,50,6007,3,Gift Card,1191.28
BF01331,08-06-2024,Linda Snow MD,26-35,Female,Molinaport,Nebraska,Top,Toys,40740,30,28518,2,Credit Card,4469.32
BF01332,18-03-2024,Olivia Fletcher,18-25,Female,Melissaburgh,Virginia,Give,Electronics,43321,72,12129.88,3,Credit Card,1801.77
BF01333,27-02-2024,Sue Reynolds,26-35,Male,Brendanside,Texas,Change,Electronics,15726,41,9278.34,4,UPI,707.07
BF01334,13-09-2024,Seth Hernandez,60+,Female,Port Emilymouth,Kansas,Send,Home Appliances,21118,57,9080.74,2,Cash,1850.34
BF01335,03-01-2024,Alexis Guerrero,60+,Other,South Stephen,Oklahoma,Science,Electronics,13409,24,10190.84,3,Gift Card,1776.53
BF01336,21-03-2024,Joshua Hurst,26-35,Male,East Roy,Michigan,Whatever,Clothing,42331,11,37674.59,3,Gift Card,5321.13
BF01337,26-09-2024,Lisa Mcdaniel,36-45,Male,Jenniferstad,Hawaii,Recently,Home Appliances,34144,76,8194.56,1,Gift Card,438.24
BF01338,03-02-2024,Angela Gross,60+,Female,Brownmouth,Alabama,Look,Sports,12759,69,3955.29,4,Credit Card,635.24
BF01339,18-11-2023,Alexa Martinez,26-35,Female,Jilltown,Texas,Account,Home Appliances,49642,20,39713.6,3,Credit Card,6709.77
BF01340,16-09-2024,Joanne Wade,18-25,Other,Rileystad,New Mexico,Hair,Home Appliances,1324,37,834.12,2,Cash,97.21
BF01341,22-12-2023,Lisa Lopez,46-60,Male,Kellyside,Wisconsin,Evidence,Toys,3410,12,3000.8,4,UPI,661.08
BF01342,29-08-2024,Megan Greene,18-25,Other,Davischester,Washington,Attorney,Sports,27248,70,8174.4,2,Cash,732.06
BF01343,03-01-2024,Andre Jenkins,46-60,Male,New Michael,Washington,Decide,Toys,39957,50,19978.5,4,Cash,4196.63
BF01344,10-07-2024,Catherine Stevens,46-60,Female,South Donnaburgh,Ohio,Front,Beauty,28242,15,24005.7,4,Gift Card,1665.12
BF01345,05-03-2024,Sandy Smith,36-45,Male,Crawfordland,Nebraska,Try,Toys,23963,59,9824.83,1,Gift Card,2031.87
BF01346,29-11-2023,Vanessa Lamb,60+,Female,Port Jamesview,Alabama,Instead,Electronics,47394,12,41706.72,3,Cash,10012.06
BF01347,28-06-2024,Ms. Cassandra Malone PhD,36-45,Male,North Michaelhaven,Mississippi,Professor,Beauty,4400,77,1012,1,Cash,158.41
BF01348,20-12-2023,Karen Thomas,36-45,Other,South Joefort,Maryland,In,Home Appliances,23292,43,13276.44,1,Debit Card,2795.42
BF01349,24-11-2023,Jimmy Hart,60+,Male,Suzanneview,Georgia,Occur,Sports,17500,64,6300,3,Credit Card,1504.31
BF01350,24-04-2024,Lisa Martinez,26-35,Male,Courtneyfort,Montana,Interview,Home Appliances,31527,15,26797.95,4,Gift Card,3292.7
BF01351,30-06-2024,Michelle Owens,18-25,Other,Andersonchester,Colorado,Grow,Toys,9084,21,7176.36,1,Cash,1424.94
BF01352,17-05-2024,Jordan Parker,36-45,Other,New Lauraside,Hawaii,Option,Electronics,48600,46,26244,4,Debit Card,5906.76
BF01353,07-09-2024,Courtney Fleming,46-60,Other,East Andreabury,Idaho,Rate,Clothing,19656,58,8255.52,3,Gift Card,1933.16
BF01354,21-11-2023,Michele Weber,60+,Other,Hornburgh,Wisconsin,Enter,Beauty,10099,13,8786.13,4,Debit Card,1880.8
BF01355,26-06-2024,Emily Bailey,36-45,Male,Daybury,Nebraska,Million,Sports,19833,55,8924.85,2,Gift Card,792.6
BF01356,01-10-2024,Angela Page,46-60,Male,Fletchermouth,Wisconsin,Else,Sports,32463,31,22399.47,1,UPI,1694.25
BF01357,13-01-2024,Darlene Perez,26-35,Female,Joshualand,South Carolina,Practice,Home Appliances,895,33,599.65,3,Debit Card,89.14
BF01358,06-03-2024,Jessica Lambert,60+,Male,Lake Ronaldmouth,Utah,Myself,Toys,11742,15,9980.7,3,UPI,1188.95
BF01359,28-10-2023,John Garcia,18-25,Female,Murphyport,Florida,Democratic,Clothing,12228,61,4768.92,1,Gift Card,827.93
BF01360,10-01-2024,Anita Brooks,60+,Female,Dustinton,Minnesota,Campaign,Beauty,4676,15,3974.6,4,Cash,312.67
BF01361,13-11-2023,Matthew Crane,18-25,Male,Joyfort,Texas,Message,Toys,2868,59,1175.88,4,Gift Card,196.88
BF01362,16-09-2024,Lori Garcia,26-35,Female,Lake Kevin,Missouri,Case,Electronics,12192,75,3048,4,Gift Card,573.47
BF01363,28-01-2024,James Rodriguez,26-35,Female,Lake Larryburgh,South Dakota,Middle,Beauty,45338,72,12694.64,3,UPI,921.77
BF01364,04-07-2024,Brandon Johnson,36-45,Male,Port Michelleport,Minnesota,Democrat,Home Appliances,16725,52,8028,3,Credit Card,1397.62
BF01365,22-06-2024,Manuel Smith,60+,Male,East Mitchellburgh,Louisiana,Anything,Electronics,5925,14,5095.5,1,Gift Card,286.8
BF01366,02-12-2023,Melissa Hamilton,36-45,Other,Grayfurt,Kentucky,Current,Toys,11846,73,3198.42,4,Cash,728.95
BF01367,21-05-2024,Kimberly Garcia,36-45,Female,Jonathontown,Utah,Ball,Clothing,39285,26,29070.9,3,Credit Card,3901.78
BF01368,15-04-2024,Eric Simpson,36-45,Male,Joseshire,Missouri,Type,Toys,6453,67,2129.49,1,UPI,414.13
BF01369,19-10-2023,Andrew Miller,18-25,Male,Huffstad,Washington,Health,Electronics,14235,10,12811.5,2,UPI,1017.65
BF01370,19-02-2024,Elaine Gordon,36-45,Male,South Cynthiaside,Louisiana,Movie,Electronics,2791,37,1758.33,3,Debit Card,217.4
BF01371,24-04-2024,Jennifer Abbott,36-45,Male,New Adam,Arkansas,Organization,Sports,17170,11,15281.3,4,Debit Card,1490.07
BF01372,03-04-2024,Abigail Williamson,36-45,Female,Maynardton,North Dakota,Quality,Home Appliances,11019,63,4077.03,4,Credit Card,703.1
BF01373,22-09-2024,Lisa Reynolds,36-45,Male,South Gloriaview,Connecticut,Room,Electronics,3281,59,1345.21,4,Cash,330.47
BF01374,28-07-2024,Michael Graham,18-25,Other,Port Jesuston,Wyoming,Newspaper,Home Appliances,7975,58,3349.5,4,Debit Card,197.83
BF01375,28-10-2023,Krystal Morton,26-35,Female,Davidhaven,Utah,Thousand,Home Appliances,13168,46,7110.72,2,Gift Card,1025.65
BF01376,19-08-2024,Richard Mann,18-25,Other,Tiffanyborough,Delaware,Teacher,Clothing,39749,11,35376.61,1,Debit Card,5511.5
BF01377,16-01-2024,Lisa Jones,26-35,Other,Joshuatown,Mississippi,Growth,Home Appliances,40209,36,25733.76,3,Cash,5362.17
BF01378,15-07-2024,Ashley Medina,18-25,Female,East Cameron,Arkansas,Just,Electronics,8646,74,2247.96,1,Debit Card,443.82
BF01379,21-10-2023,Mariah Carlson,18-25,Male,New Jessicaburgh,North Dakota,Ground,Electronics,5548,61,2163.72,4,Debit Card,202.85
BF01380,13-02-2024,Heather Dickson,46-60,Male,Carolinemouth,Oklahoma,Sit,Electronics,10236,24,7779.36,3,Gift Card,1409
BF01381,20-01-2024,Philip Hendricks,18-25,Other,East Cheyenne,New York,Perhaps,Home Appliances,19408,73,5240.16,4,Debit Card,647.6
BF01382,25-12-2023,Donald White,18-25,Male,Claytonview,Idaho,Head,Electronics,46305,21,36580.95,3,UPI,3349.84
BF01383,26-12-2023,Natalie Shepard,36-45,Other,Burtonton,Utah,Image,Sports,45351,46,24489.54,1,Credit Card,5473.57
BF01384,30-09-2024,James Henderson,26-35,Female,Lake Thomashaven,Wyoming,East,Toys,28198,55,12689.1,3,Cash,971.57
BF01385,01-02-2024,Heather Andrews,46-60,Other,East Linda,Texas,High,Beauty,31527,28,22699.44,4,Credit Card,3670.09
BF01386,26-11-2023,Candace Evans,46-60,Other,Christineview,Arizona,Respond,Toys,10681,41,6301.79,1,Cash,523.42
BF01387,09-04-2024,Jeremy Roberts,26-35,Male,West Danielle,Rhode Island,National,Home Appliances,28131,20,22504.8,2,Gift Card,3997.38
BF01388,14-10-2023,Mrs. Amanda Wallace PhD,18-25,Male,Donnaberg,New York,Population,Electronics,47301,19,38313.81,4,Credit Card,2906.42
BF01389,07-12-2023,Dominique Reed,60+,Male,Dianeborough,California,Whole,Toys,23939,42,13884.62,3,UPI,789.8
BF01390,03-08-2024,Walter Singh,60+,Male,South Robin,California,Big,Clothing,18512,62,7034.56,2,Debit Card,1613.06
BF01391,04-12-2023,Lori Kidd,46-60,Female,New Hollymouth,Maryland,Little,Electronics,18030,63,6671.1,1,Gift Card,973.07
BF01392,02-09-2024,Marcia Schmidt,36-45,Female,Lake John,Delaware,Capital,Sports,41654,62,15828.52,2,Debit Card,846.37
BF01393,27-12-2023,Caitlin Jones,46-60,Male,Michaelchester,West Virginia,Pick,Home Appliances,35269,67,11638.77,2,Debit Card,1332.71
BF01394,24-09-2024,Christina Hebert,26-35,Other,West Amyshire,Oregon,Star,Sports,46629,70,13988.7,2,Credit Card,2814.47
BF01395,01-08-2024,Katherine Morton,18-25,Female,East Michael,Nebraska,Church,Sports,46354,13,40327.98,3,UPI,9319.54
BF01396,29-01-2024,Michael Becker,36-45,Other,Brianaview,Indiana,Cell,Toys,4660,44,2609.6,1,Gift Card,147.28
BF01397,09-12-2023,Holly West,46-60,Female,North Shawnfurt,South Carolina,Sign,Sports,42720,26,31612.8,4,Credit Card,7307.88
BF01398,15-11-2023,Jeffrey Adams,18-25,Male,New Staceyside,Florida,Enjoy,Beauty,7150,31,4933.5,3,Credit Card,545.2
BF01399,25-12-2023,Scott Mcdowell,36-45,Female,Brownfort,Hawaii,Business,Toys,13793,20,11034.4,4,Cash,1581.56
BF01400,08-12-2023,Vanessa Rhodes,60+,Female,Foxshire,Washington,Opportunity,Sports,1246,11,1108.94,4,Gift Card,216.01
BF01401,07-02-2024,David Henry,36-45,Male,Lake Georgeside,New Hampshire,Doctor,Home Appliances,11643,18,9547.26,4,Cash,534.1
BF01402,14-01-2024,Kristen Brady,60+,Other,South Jacqueline,Arkansas,Despite,Beauty,10941,33,7330.47,1,UPI,821.36
BF01403,28-10-2023,Paul Ho,26-35,Male,Martinside,Maine,Thus,Beauty,46713,38,28962.06,4,Gift Card,3961.25
BF01404,12-09-2024,Kevin Williams,26-35,Other,South Charlesland,Rhode Island,Some,Toys,1966,11,1749.74,4,Credit Card,435.1
BF01405,16-04-2024,Ashley Mendoza,60+,Other,Gibbsberg,Arizona,Woman,Home Appliances,7274,20,5819.2,4,Gift Card,555.67
BF01406,31-07-2024,Sara Vaughan,60+,Other,North Nicholas,New York,Role,Beauty,29823,65,10438.05,1,Gift Card,790.53
BF01407,21-01-2024,Reginald Fox,36-45,Female,Lake Frank,Texas,Manager,Home Appliances,13717,61,5349.63,1,Gift Card,721.24
BF01408,28-09-2024,Michael Salazar,36-45,Male,Hicksmouth,Hawaii,Several,Sports,32878,27,24000.94,4,Debit Card,1949.97
BF01409,03-12-2023,Chelsea Pope,26-35,Male,East Saramouth,Arkansas,Imagine,Sports,19430,17,16126.9,2,Debit Card,1127.48
BF01410,03-05-2024,Cesar Mason,36-45,Female,Austinchester,Ohio,Although,Clothing,12115,73,3271.05,1,Gift Card,476.04
BF01411,20-05-2024,Jonathan Reyes,18-25,Other,North Brianfort,Florida,Poor,Toys,11171,64,4021.56,2,Gift Card,749.33
BF01412,18-09-2024,Dana Cortez,60+,Female,Franciscoshire,Arkansas,General,Toys,30122,49,15362.22,3,Cash,1549.55
BF01413,10-07-2024,Felicia Miller,46-60,Female,Perryborough,Florida,Board,Home Appliances,3360,37,2116.8,1,Gift Card,259.52
BF01414,17-10-2023,Jennifer Pacheco,60+,Other,Colemanfurt,Hawaii,They,Home Appliances,15609,36,9989.76,2,Gift Card,1351.84
BF01415,06-07-2024,Allison Nichols,18-25,Female,Port Carriefurt,Alaska,Bar,Sports,45242,43,25787.94,3,Cash,6311.64
BF01416,15-03-2024,Tara Bailey,60+,Female,Allenchester,Florida,Detail,Clothing,45979,37,28966.77,1,Credit Card,3790.32
BF01417,07-11-2023,Andrew Coleman,36-45,Female,Keithside,Delaware,Animal,Sports,1258,67,415.14,4,Debit Card,27.11
BF01418,12-12-2023,Katherine Castaneda,36-45,Male,Joseshire,Nevada,Clear,Toys,1707,39,1041.27,4,Gift Card,93.02
BF01419,23-03-2024,Barry Sampson,18-25,Female,South Alexanderbury,Arkansas,Out,Sports,27995,25,20996.25,2,UPI,3628.46
BF01420,06-04-2024,Mary Hodges,60+,Female,Ellisonstad,Idaho,None,Clothing,13192,79,2770.32,4,Credit Card,271.38
BF01421,10-05-2024,Joshua Dudley,46-60,Other,Savannahland,Pennsylvania,Compare,Home Appliances,11755,35,7640.75,2,UPI,1158.87
BF01422,18-05-2024,Kelly Garcia,18-25,Male,Port Michael,North Carolina,Car,Beauty,30180,70,9054,3,Gift Card,747.24
BF01423,31-10-2023,Scott Harrison,26-35,Female,Mooremouth,Rhode Island,Edge,Sports,9707,22,7571.46,4,Credit Card,799.37
BF01424,10-08-2024,Katherine West,60+,Other,East William,Delaware,Set,Electronics,35758,27,26103.34,2,Gift Card,5383.51
BF01425,08-10-2024,Alicia Acevedo,18-25,Female,Lake Heatherfurt,Alabama,No,Beauty,7787,52,3737.76,3,Gift Card,833.53
BF01426,17-01-2024,William Hernandez,18-25,Male,Marshallmouth,New Mexico,Sea,Sports,28620,34,18889.2,3,UPI,2095.33
BF01427,14-05-2024,Lauren Church,18-25,Female,Janicetown,Hawaii,Sister,Toys,38063,24,28927.88,3,Debit Card,2572.92
BF01428,19-10-2023,Kelsey Odom,36-45,Male,New Williamfort,Rhode Island,Compare,Clothing,4962,21,3919.98,4,Cash,521.85
BF01429,21-01-2024,Nicholas Miles,60+,Female,Markmouth,North Dakota,Person,Electronics,6466,16,5431.44,4,Credit Card,331.11
BF01430,03-03-2024,Natasha Nelson,46-60,Female,Christinaview,Georgia,Game,Clothing,36912,52,17717.76,4,UPI,2544.54
BF01431,09-12-2023,Michele Rodriguez,46-60,Male,West Brandon,Iowa,Claim,Home Appliances,44203,18,36246.46,1,Debit Card,5136.81
BF01432,25-04-2024,Anthony Steele,26-35,Other,West Todd,Oregon,Republican,Home Appliances,5618,43,3202.26,4,Debit Card,252.09
BF01433,23-01-2024,Julia Hernandez DDS,46-60,Other,Nicholston,Massachusetts,Sort,Sports,23768,20,19014.4,4,Gift Card,4527.6
BF01434,19-01-2024,Brian Camacho,46-60,Other,Gilmoreton,Arizona,Guess,Toys,47218,30,33052.6,2,Gift Card,6496.76
BF01435,17-05-2024,Katherine Peters,60+,Female,Rebeccamouth,Ohio,Home,Electronics,39005,22,30423.9,1,Gift Card,5138.3
BF01436,10-03-2024,Erica Washington,60+,Male,South Joseph,Michigan,Radio,Clothing,44687,27,32621.51,2,Debit Card,5491.03
BF01437,01-08-2024,Gregory Santana,46-60,Other,South Kristinport,Alaska,Girl,Toys,18764,45,10320.2,1,UPI,1675.74
BF01438,04-03-2024,Tyler Larsen,36-45,Female,New Jeffreyfurt,Kentucky,Follow,Sports,38513,38,23878.06,1,UPI,4696.17
BF01439,12-03-2024,Cynthia Reynolds,26-35,Male,Richardsonberg,South Dakota,With,Sports,13324,70,3997.2,4,UPI,267.6
BF01440,20-06-2024,Matthew Rubio,26-35,Female,New Sharon,New Mexico,Story,Home Appliances,12624,22,9846.72,3,Credit Card,2311.8
BF01441,15-02-2024,Shannon Kim,26-35,Other,East Ericmouth,Iowa,Represent,Toys,35785,29,25407.35,3,UPI,6124.72
BF01442,22-11-2023,Donna Jackson,46-60,Male,East Russell,Maryland,Commercial,Electronics,47188,22,36806.64,1,Cash,8057.02
BF01443,05-03-2024,Christopher Ortiz,36-45,Other,East Lisa,Massachusetts,Production,Sports,35974,36,23023.36,4,Debit Card,1297.11
BF01444,27-01-2024,April Klein,60+,Female,North Matthewville,Mississippi,Military,Home Appliances,17736,49,9045.36,1,UPI,578.19
BF01445,10-05-2024,Nicholas Wagner,26-35,Male,Richardborough,Florida,Improve,Toys,38727,69,12005.37,3,UPI,2801.23
BF01446,23-11-2023,Deanna Miller,46-60,Female,South Audrey,Nebraska,Others,Toys,6189,53,2908.83,2,Debit Card,288.82
BF01447,08-04-2024,Jimmy Williams,60+,Other,West Matthew,South Dakota,You,Sports,6066,32,4124.88,4,Debit Card,851.85
BF01448,07-10-2024,Amber Gonzales,36-45,Female,Lake Sandrahaven,Colorado,Discussion,Electronics,1871,49,954.21,1,Gift Card,64.17
BF01449,04-08-2024,Brittany Carter,60+,Other,Lorihaven,New Jersey,Development,Toys,29904,44,16746.24,4,Cash,3047.86
BF01450,03-07-2024,Terri Colon,60+,Male,Matthewview,West Virginia,Receive,Toys,8957,15,7613.45,1,Debit Card,384.53
BF01451,17-11-2023,Gabriella Reed,18-25,Male,Mcdonaldborough,Tennessee,Not,Clothing,12129,35,7883.85,2,UPI,1916.73
BF01452,22-01-2024,Erica Walker,46-60,Male,East Curtis,Wisconsin,Century,Toys,3545,49,1807.95,2,Gift Card,221.69
BF01453,23-12-2023,Scott Johnson,46-60,Female,Port Daniel,Utah,Dream,Clothing,44856,28,32296.32,4,UPI,1782.52
BF01454,16-09-2024,Jennifer Griffin,18-25,Other,Davidville,Washington,Continue,Home Appliances,26479,15,22507.15,4,Credit Card,5491.57
BF01455,25-10-2023,Diana Smith,18-25,Female,Whiteborough,West Virginia,Explain,Beauty,12307,75,3076.75,3,Cash,745.04
BF01456,10-04-2024,Amanda Nunez,18-25,Female,Marissaborough,Connecticut,Career,Clothing,10857,79,2279.97,3,UPI,506.79
BF01457,16-05-2024,Shelby Warren,60+,Male,Barajasside,Missouri,Perhaps,Beauty,11649,52,5591.52,2,Debit Card,1267.6
BF01458,05-03-2024,Katie Fernandez,36-45,Male,North Sarah,New Mexico,Nature,Toys,595,11,529.55,1,Credit Card,44.89
BF01459,12-07-2024,Robert Brown,46-60,Other,Danielleborough,Idaho,Plant,Beauty,32986,10,29687.4,1,Debit Card,6890.96
BF01460,02-05-2024,Jennifer Johns,60+,Other,Eddieside,Missouri,Much,Electronics,1157,58,485.94,1,Credit Card,26.67
BF01461,09-09-2024,Dale Garcia,46-60,Other,Jonesfort,Idaho,Discussion,Beauty,29706,27,21685.38,1,Debit Card,3644.23
BF01462,31-07-2024,Nina Hodges,46-60,Male,South Jamesmouth,Oregon,About,Sports,38537,27,28132.01,4,UPI,6886.68
BF01463,01-07-2024,George Williams,36-45,Other,Traceybury,Michigan,Wide,Toys,31801,29,22578.71,1,Cash,5515.3
BF01464,10-04-2024,James Nguyen,36-45,Female,Stephanieville,Arkansas,Data,Sports,19930,32,13552.4,4,UPI,2423.42
BF01465,26-11-2023,Kristin Barnes,46-60,Female,Jamesfort,Louisiana,Leader,Beauty,9332,57,4012.76,3,Credit Card,990.5
BF01466,18-08-2024,Thomas Harrison,60+,Female,Williamburgh,Pennsylvania,Start,Electronics,2325,48,1209,4,Debit Card,191.24
BF01467,24-02-2024,Patrick Smith,18-25,Other,South Alyssa,Maryland,Of,Beauty,45201,54,20792.46,4,UPI,2609.87
BF01468,08-08-2024,Hector Watson,60+,Male,New Michaelland,Maine,Ahead,Electronics,42689,20,34151.2,1,Debit Card,3293.99
BF01469,19-08-2024,Steven Garcia,18-25,Female,Jacksontown,New Jersey,Issue,Clothing,5886,18,4826.52,3,Gift Card,290.7
BF01470,21-05-2024,Shelby Mckinney,26-35,Female,Kaylaborough,South Dakota,World,Home Appliances,40821,14,35106.06,1,UPI,7801.57
BF01471,24-05-2024,Richard Butler,60+,Female,Lake Kevinport,Illinois,Beat,Sports,14808,75,3702,4,Cash,700.47
BF01472,30-11-2023,Leslie Garza,36-45,Male,Port Ariel,Iowa,People,Sports,19694,12,17330.72,1,Credit Card,3585.49
BF01473,17-09-2024,Holly Cross,46-60,Other,Wileyborough,Montana,Effect,Home Appliances,14650,61,5713.5,1,Gift Card,644.13
BF01474,17-12-2023,Faith Wallace,26-35,Female,Hoview,New York,Resource,Toys,8868,61,3458.52,2,Debit Card,395.95
BF01475,21-12-2023,Wanda Abbott,18-25,Male,Normanborough,New Jersey,Let,Clothing,25712,10,23140.8,4,Credit Card,1213.93
BF01476,22-04-2024,Teresa Duncan,18-25,Other,South Janet,Texas,Mention,Sports,823,64,296.28,1,Credit Card,49.98
BF01477,13-09-2024,Raymond Ramirez,36-45,Male,New Aaron,Maryland,Hotel,Clothing,19139,26,14162.86,4,UPI,1353.41
BF01478,09-11-2023,Heather Patel,18-25,Other,Hollandport,Tennessee,Popular,Beauty,13780,76,3307.2,3,Cash,392.12
BF01479,04-09-2024,Nicole Hopkins,60+,Other,Port Spencer,Arizona,Cost,Toys,15826,55,7121.7,3,UPI,514.2
BF01480,23-11-2023,Gloria Peterson,60+,Other,West Frankton,Oregon,Have,Home Appliances,49397,21,39023.63,1,Debit Card,5611.17
BF01481,22-10-2023,John Garner,46-60,Male,Flowerschester,Pennsylvania,Star,Home Appliances,5379,36,3442.56,2,Debit Card,756.18
BF01482,27-01-2024,Michele Adams,36-45,Other,Brentbury,Illinois,East,Sports,34487,73,9311.49,3,Cash,775.25
BF01483,10-12-2023,Cassandra Hunter,26-35,Female,New David,North Carolina,Ago,Electronics,2317,40,1390.2,1,Debit Card,344.17
BF01484,19-09-2024,Karen Johnson,18-25,Male,West Mariahaven,New Jersey,Build,Clothing,27582,18,22617.24,1,Gift Card,3703.5
BF01485,15-11-2023,Joshua Benjamin,60+,Male,North Nathanton,Texas,Ago,Home Appliances,31732,35,20625.8,4,UPI,4512.7
BF01486,16-04-2024,Rebecca Hall,18-25,Female,South Maryport,Connecticut,Win,Clothing,30413,20,24330.4,3,Debit Card,3393.31
BF01487,25-02-2024,Janet Stanley,36-45,Female,Christyland,South Dakota,Deep,Home Appliances,4491,47,2380.23,1,UPI,325.39
BF01488,08-09-2024,Jessica Lee,36-45,Female,Christophermouth,New Mexico,Do,Home Appliances,15581,23,11997.37,3,Gift Card,1252.53
BF01489,06-11-2023,Alexis Stuart,26-35,Male,East Loganstad,Illinois,Picture,Beauty,44706,16,37553.04,2,Cash,7516.3
BF01490,07-12-2023,Joseph Johnson,18-25,Male,South Logan,Rhode Island,Yourself,Electronics,22940,31,15828.6,4,Cash,956.25
BF01491,03-12-2023,Daniel Johnson,46-60,Male,Johnview,Washington,Rock,Electronics,26412,43,15054.84,2,Gift Card,2419.97
BF01492,05-07-2024,Anthony Ellis,26-35,Male,East Amandatown,Virginia,Relate,Home Appliances,40528,54,18642.88,3,Credit Card,3632.38
BF01493,27-03-2024,Carla Guerra,36-45,Male,South Danny,Hawaii,Once,Clothing,48070,19,38936.7,2,UPI,6538.24
BF01494,24-03-2024,Jennifer Lamb DVM,46-60,Female,Johnnyfort,West Virginia,Per,Home Appliances,6288,36,4024.32,2,Debit Card,754.88
BF01495,28-10-2023,Douglas Elliott,36-45,Male,Rodgersburgh,Texas,Fine,Beauty,9334,60,3733.6,2,Credit Card,456.87
BF01496,20-09-2024,Alexa Conner,46-60,Male,Port Joshua,Wyoming,Bill,Sports,15884,26,11754.16,4,Debit Card,935.63
BF01497,16-11-2023,Stephanie Williams,60+,Male,Terrenceport,Oklahoma,Discuss,Clothing,25718,41,15173.62,2,Credit Card,2182.48
BF01498,03-05-2024,Carrie Petersen,60+,Other,South Anthony,Washington,Knowledge,Electronics,19028,19,15412.68,3,Debit Card,3802.29
BF01499,04-11-2023,Katherine Robles,46-60,Other,Robertsville,Utah,Agreement,Sports,18240,33,12220.8,1,Debit Card,2663.17
BF01500,07-07-2024,Carrie Smith,46-60,Other,Erinport,North Dakota,Forward,Home Appliances,39742,41,23447.78,2,Debit Card,2113.69
BF01501,02-01-2024,Jack Taylor,26-35,Other,Gomeztown,Ohio,Material,Beauty,34705,33,23252.35,2,Credit Card,5335.29
BF01502,21-09-2024,Robin Durham,60+,Male,South Joanland,Mississippi,Wrong,Electronics,1527,66,519.18,4,Credit Card,63.6
BF01503,29-08-2024,Christopher Marshall,26-35,Other,Millerport,Massachusetts,System,Sports,33498,49,17083.98,4,UPI,1092.5
BF01504,11-06-2024,Kaitlyn Wilson,46-60,Female,Lake Michelle,New York,Recent,Electronics,40527,46,21884.58,3,Debit Card,3619.71
BF01505,17-06-2024,Eric Holmes,18-25,Other,Alifurt,New Jersey,Scene,Electronics,19362,35,12585.3,3,Gift Card,2868.35
BF01506,16-03-2024,Dale Barton,26-35,Male,Romerobury,Alaska,Know,Sports,27476,44,15386.56,4,Gift Card,1917.17
BF01507,02-07-2024,Thomas Gallegos,26-35,Male,North Julieborough,Massachusetts,Sound,Home Appliances,23262,28,16748.64,4,Cash,2102.97
BF01508,21-11-2023,Taylor Brennan,26-35,Female,Haasberg,Minnesota,Suffer,Sports,32537,60,13014.8,3,UPI,1803.72
BF01509,26-12-2023,Cameron Small,36-45,Other,Nicholasmouth,Alaska,Down,Beauty,43284,78,9522.48,4,Gift Card,1913.43
BF01510,12-09-2024,Mr. Jose Brown,36-45,Male,North Jason,Rhode Island,Artist,Home Appliances,27725,38,17189.5,2,Debit Card,2024.15
BF01511,21-07-2024,Michael Benjamin,60+,Female,South Lauren,South Dakota,Successful,Beauty,41869,41,24702.71,4,Cash,5293.76
BF01512,22-09-2024,Kirsten Jones,36-45,Female,North Christopher,Ohio,Person,Home Appliances,36649,48,19057.48,2,Debit Card,2100.42
BF01513,15-06-2024,Gregory Gonzales,18-25,Male,Bennettfort,South Dakota,Attack,Toys,14834,21,11718.86,1,Gift Card,2539.44
BF01514,21-07-2024,Tiffany Taylor,46-60,Other,Shannonport,New Jersey,Tough,Toys,7436,65,2602.6,4,UPI,317.28
BF01515,24-02-2024,Kevin Fox,46-60,Other,Taylorstad,North Carolina,Care,Clothing,10985,22,8568.3,1,Gift Card,2101.39
BF01516,08-09-2024,Brian Castro,60+,Female,Glennville,Kansas,Response,Beauty,49870,64,17953.2,3,Credit Card,3574.15
BF01517,20-07-2024,Hunter Pierce,26-35,Other,North Christopher,Connecticut,Sense,Beauty,13811,36,8839.04,4,Cash,1634
BF01518,08-03-2024,Shawna Morris,60+,Male,West Aaron,Idaho,Investment,Beauty,1570,37,989.1,2,UPI,58.66
BF01519,02-01-2024,Amber Horne,60+,Male,East Andreview,Kansas,Single,Clothing,26834,70,8050.2,3,Cash,1186.29
BF01520,08-07-2024,Michael Bird,46-60,Female,East Jacobville,Pennsylvania,Fight,Sports,40865,48,21249.8,4,Cash,2959.97
BF01521,17-01-2024,Kelsey Clark,60+,Female,Lake Mark,Illinois,Four,Home Appliances,30820,73,8321.4,2,Credit Card,784.06
BF01522,14-01-2024,Monica Brown,36-45,Other,Leetown,Pennsylvania,Consumer,Clothing,3390,11,3017.1,3,UPI,694.88
BF01523,20-04-2024,Paula Brown,18-25,Male,North Lisaview,Iowa,Continue,Beauty,6456,35,4196.4,2,Debit Card,467.19
BF01524,06-09-2024,Daniel Cox,26-35,Male,Weaverfurt,Utah,Condition,Sports,2367,54,1088.82,4,Cash,217.47
BF01525,28-05-2024,Peter Hobbs,18-25,Other,East Laurie,Vermont,Hope,Clothing,36446,26,26970.04,1,Cash,5078.49
BF01526,10-11-2023,Taylor Villa,18-25,Female,Martinhaven,Alaska,Pass,Sports,11818,72,3309.04,1,Debit Card,213.58
BF01527,04-08-2024,Heather Jordan,36-45,Male,Wagnerchester,Virginia,Drug,Home Appliances,6504,50,3252,2,UPI,790.26
BF01528,24-08-2024,Joseph Mathews,18-25,Other,Lake Ianton,Washington,Situation,Home Appliances,31907,39,19463.27,1,Cash,2896.11
BF01529,14-06-2024,David Booker,18-25,Male,Port Georgechester,Massachusetts,Subject,Clothing,43510,28,31327.2,2,Gift Card,2936.23
BF01530,24-08-2024,Crystal Walker,60+,Female,Lake Kevinhaven,Tennessee,Mrs,Toys,29372,64,10573.92,1,UPI,2099.95
BF01531,08-09-2024,Joan Reyes,18-25,Female,Blackhaven,Connecticut,Give,Clothing,23408,17,19428.64,4,UPI,4214.38
BF01532,08-12-2023,Justin Sheppard,36-45,Male,Smithmouth,Oregon,Up,Toys,24273,40,14563.8,4,UPI,1067.51
BF01533,26-09-2024,Sierra Wright,36-45,Female,Port Williamside,Oklahoma,Dark,Sports,7198,28,5182.56,4,Cash,593.42
BF01534,07-09-2024,Tanya Collins,46-60,Female,Amandaberg,Illinois,Purpose,Sports,9875,28,7110,4,UPI,1138.87
BF01535,11-07-2024,Brian Durham,46-60,Male,Justinport,Michigan,End,Home Appliances,28661,66,9744.74,1,Credit Card,997.53
BF01536,13-12-2023,Katie Fitzgerald,26-35,Female,East Jacquelineberg,Kentucky,Development,Sports,43163,28,31077.36,1,UPI,2389.35
BF01537,27-11-2023,Patricia Barnes,36-45,Female,Josephland,Arkansas,Show,Electronics,14851,27,10841.23,4,Credit Card,810.8
BF01538,23-01-2024,April Carpenter,46-60,Female,Lake Teresa,Virginia,Parent,Beauty,33127,32,22526.36,4,Cash,5213.94
BF01539,05-02-2024,Guy Little,60+,Other,Davidport,Utah,Notice,Toys,27514,78,6053.08,1,Credit Card,800.15
BF01540,25-12-2023,Anthony Rodriguez,60+,Male,East Katherine,Oklahoma,Official,Electronics,35712,74,9285.12,2,Gift Card,1166.53
BF01541,20-03-2024,Luis Sparks,36-45,Female,New Craig,Tennessee,Score,Home Appliances,27439,73,7408.53,4,UPI,1332.97
BF01542,16-02-2024,Barbara Swanson,60+,Male,Cynthiatown,Alaska,Suddenly,Clothing,40307,34,26602.62,2,UPI,4794.7
BF01543,05-03-2024,Christina Sloan,46-60,Female,Johnsonchester,Utah,Mr,Beauty,18897,79,3968.37,2,Gift Card,727.18
BF01544,28-01-2024,Matthew James,36-45,Male,Sarahview,South Carolina,Hit,Home Appliances,13552,17,11248.16,4,Gift Card,957.4
BF01545,04-05-2024,Brittany Thompson,36-45,Other,East Sara,Massachusetts,Reduce,Clothing,5910,11,5259.9,2,Credit Card,1095.59
BF01546,29-02-2024,Stacey Shaffer,36-45,Female,New John,California,Among,Electronics,23500,72,6580,1,UPI,374.77
BF01547,06-01-2024,Linda Matthews,60+,Other,Port Tonya,Alabama,Seem,Toys,49878,74,12968.28,2,Gift Card,1849.71
BF01548,26-04-2024,Lisa Smith,36-45,Male,East Josephtown,Montana,Serious,Home Appliances,38276,19,31003.56,3,Gift Card,6526.67
BF01549,24-08-2024,Patrick Owens,60+,Female,Lake Johnton,Oklahoma,Product,Clothing,13718,12,12071.84,1,Debit Card,2184.37
BF01550,29-11-2023,Kathleen Bullock,36-45,Female,Stephensonmouth,Nevada,Issue,Clothing,32909,26,24352.66,1,UPI,4129.98
BF01551,11-07-2024,Christopher Bates,46-60,Female,Thomasberg,Tennessee,Common,Sports,2396,78,527.12,4,Debit Card,28.38
BF01552,07-12-2023,Kathleen Dominguez,36-45,Female,Lake Dianabury,Rhode Island,Level,Home Appliances,28325,17,23509.75,3,UPI,4537.73
BF01553,13-07-2024,John Baker,46-60,Other,East Cherylview,Idaho,Fire,Toys,28372,20,22697.6,2,Cash,4390.05
BF01554,20-01-2024,Javier Johnson,36-45,Male,South Angelamouth,Mississippi,Into,Sports,49103,66,16695.02,1,UPI,1938.95
BF01555,27-07-2024,Nicole Valdez,60+,Other,Gilesbury,Ohio,Still,Home Appliances,44896,55,20203.2,2,Gift Card,2093.26
BF01556,09-09-2024,Kathleen Smith,60+,Male,East Kristinaburgh,Nebraska,Daughter,Home Appliances,21258,34,14030.28,2,Cash,3427.46
BF01557,03-06-2024,Benjamin Robbins,18-25,Female,South Kelsey,Pennsylvania,Deal,Electronics,17001,31,11730.69,1,Cash,1891.7
BF01558,28-12-2023,Jennifer Coleman,26-35,Female,Hamiltonfort,Kansas,Community,Home Appliances,37856,53,17792.32,4,Debit Card,4261.13
BF01559,17-07-2024,Aaron Schultz,18-25,Male,South Kristinhaven,Minnesota,Picture,Beauty,24211,62,9200.18,1,Cash,2212.12
BF01560,08-02-2024,Jacob Moss,60+,Female,East Alyssaland,Colorado,Think,Toys,40508,41,23899.72,2,Cash,4709.79
BF01561,20-11-2023,Brett Diaz,36-45,Male,Turnerhaven,Maine,Include,Beauty,17804,62,6765.52,2,Cash,1150.29
BF01562,02-07-2024,Tara Patton,46-60,Female,East Teresaville,Nebraska,Through,Toys,47975,25,35981.25,1,UPI,6490.77
BF01563,22-11-2023,Kevin Lucero,36-45,Female,Kennethchester,Alaska,We,Home Appliances,45396,77,10441.08,3,Debit Card,1607.13
BF01564,30-08-2024,James Walker,36-45,Female,East Alexisshire,Missouri,Which,Clothing,15648,35,10171.2,2,UPI,1129.17
BF01565,25-01-2024,Steven Perry,18-25,Female,Brittanyport,Louisiana,Them,Toys,35798,20,28638.4,1,Cash,6854.23
BF01566,10-09-2024,Jennifer Farley,60+,Male,Christinechester,Montana,War,Toys,25639,67,8460.87,2,UPI,1902.07
BF01567,09-06-2024,William Smith,18-25,Female,Lopezhaven,New Hampshire,Trial,Electronics,7127,43,4062.39,2,Gift Card,702.69
BF01568,27-09-2024,Sandra Erickson,18-25,Female,Pittmanport,Vermont,Sure,Electronics,32986,50,16493,4,Credit Card,4092.91
BF01569,03-06-2024,Rebecca Lee,36-45,Other,Nicolehaven,Vermont,Data,Clothing,19923,51,9762.27,4,Debit Card,1011.66
BF01570,09-01-2024,Eric Gomez,46-60,Other,Wrightview,Utah,We,Clothing,7946,77,1827.58,3,Cash,138.45
BF01571,21-09-2024,Linda Anderson,26-35,Male,Dianatown,New Jersey,Effect,Toys,35520,31,24508.8,4,Cash,3821.3
BF01572,17-01-2024,Melissa Dennis,26-35,Other,Margaretport,Arkansas,Report,Beauty,17430,39,10632.3,4,Cash,2339.21
BF01573,22-07-2024,Ashley Dickerson,26-35,Female,Simpsonside,Arkansas,Kid,Clothing,21702,46,11719.08,2,Gift Card,1292.05
BF01574,13-10-2023,Brandon Campbell,60+,Female,New Lawrence,Montana,Old,Beauty,23168,68,7413.76,3,Debit Card,1734.92
BF01575,20-04-2024,Ernest Adams,18-25,Female,Jessemouth,Utah,Prove,Sports,3793,40,2275.8,2,Gift Card,267.65
BF01576,13-03-2024,Michael Young,46-60,Female,Lake Yvettemouth,New Mexico,Star,Clothing,41070,62,15606.6,4,Debit Card,2450.9
BF01577,26-09-2024,Lisa Garcia,36-45,Male,North Nathanborough,Mississippi,Hair,Clothing,33600,36,21504,2,Credit Card,4379.57
BF01578,07-01-2024,Alan Mcdonald,18-25,Male,New Jamie,Oklahoma,Chair,Toys,1021,39,622.81,4,UPI,125.83
BF01579,16-01-2024,Johnathan Vaughn,60+,Female,New Michael,North Carolina,Over,Beauty,15831,21,12506.49,1,Debit Card,2482.01
BF01580,02-06-2024,Trevor Rose,36-45,Female,West Michael,Utah,Society,Clothing,49562,21,39153.98,4,UPI,9719.79
BF01581,16-11-2023,Natalie Powers,60+,Other,East Victorhaven,West Virginia,Condition,Sports,34522,59,14154.02,3,Gift Card,799.79
BF01582,19-07-2024,Daniel Sanders,60+,Male,Brandimouth,California,Market,Clothing,25762,36,16487.68,4,Debit Card,1496.47
BF01583,13-05-2024,Anna Blackwell,18-25,Female,West Isaiahmouth,Louisiana,Environment,Toys,33504,23,25798.08,2,Gift Card,2901.28
BF01584,27-05-2024,Stephanie Ross,36-45,Female,North Tina,North Dakota,Of,Clothing,33668,52,16160.64,4,Cash,3484.72
BF01585,22-08-2024,Andres Torres,26-35,Female,South Allison,Massachusetts,Talk,Toys,27608,73,7454.16,3,Credit Card,1452.17
BF01586,15-09-2024,Jacqueline Kramer,26-35,Other,Port Jeffreytown,New Hampshire,State,Sports,11437,18,9378.34,3,Gift Card,2344.49
BF01587,18-01-2024,Annette Rivera,36-45,Male,Port Samuelport,Indiana,Physical,Beauty,47355,10,42619.5,4,Debit Card,8687.94
BF01588,24-09-2024,Michael Jones,26-35,Male,Baxtermouth,Oregon,However,Beauty,11209,77,2578.07,3,UPI,192.83
BF01589,16-01-2024,Melissa Simmons,26-35,Male,Port Ashley,Arkansas,Nothing,Electronics,40585,59,16639.85,3,UPI,2808.54
BF01590,06-07-2024,Robert Long,26-35,Female,Maryport,South Carolina,Election,Sports,27887,51,13664.63,4,Cash,3295.61
BF01591,14-01-2024,Stacy Mccoy,18-25,Female,Port Johnmouth,South Dakota,It,Clothing,47860,71,13879.4,1,Cash,3072.76
BF01592,29-10-2023,Danielle Pruitt,36-45,Other,East Joseph,Washington,Scene,Home Appliances,11910,10,10719,1,Credit Card,2623.46
BF01593,07-05-2024,Ronald Higgins,60+,Female,Natalieborough,North Dakota,Animal,Clothing,18592,74,4833.92,4,UPI,1077.23
BF01594,28-04-2024,Eric Cruz,18-25,Male,Markhaven,Wyoming,Per,Home Appliances,18621,74,4841.46,1,Credit Card,1185.47
BF01595,28-08-2024,Karen Silva,46-60,Female,South Samuelmouth,Alaska,Action,Toys,21016,62,7986.08,2,Cash,719.72
BF01596,19-12-2023,Jon Martinez,18-25,Female,East Brianhaven,West Virginia,Debate,Sports,30784,45,16931.2,3,Cash,2167.66
BF01597,07-09-2024,Jodi Hale,60+,Male,Lake Mark,Georgia,Best,Electronics,9100,65,3185,1,UPI,630
BF01598,05-01-2024,Nicholas Aguilar,36-45,Male,Craigville,Alaska,Itself,Clothing,15833,31,10924.77,2,Gift Card,1717.2
BF01599,27-10-2023,Taylor Brooks,36-45,Other,Michaelside,Oklahoma,Subject,Toys,46122,44,25828.32,3,Gift Card,2045.4
BF01600,15-06-2024,Jaclyn Holt,36-45,Male,Alexiston,Missouri,Simply,Beauty,37988,44,21273.28,1,Gift Card,2467.7
BF01601,30-01-2024,Madison Walker,18-25,Female,Reevesmouth,Maine,Property,Electronics,41802,52,20064.96,1,Cash,3632.91
BF01602,13-11-2023,Stephanie Cabrera,26-35,Female,Steventown,Hawaii,Where,Sports,32488,23,25015.76,1,Cash,5771.56
BF01603,04-11-2023,Ruben Bird,60+,Female,Alexandraview,Iowa,Generation,Toys,16409,15,13947.65,2,UPI,2306.03
BF01604,21-03-2024,Angela Barnes,18-25,Male,Jasonborough,Wisconsin,Assume,Beauty,9903,35,6436.95,1,Cash,916.29
BF01605,02-01-2024,David Miller,46-60,Female,West Williamfurt,Louisiana,Page,Clothing,43942,12,38668.96,2,Credit Card,3373.27
BF01606,10-12-2023,Christopher Glover,18-25,Female,Paulburgh,Massachusetts,Arrive,Home Appliances,3421,60,1368.4,1,Cash,181.05
BF01607,13-12-2023,Teresa Moreno,60+,Male,Thompsonside,Oklahoma,Rest,Beauty,43165,68,13812.8,3,Cash,2377.54
BF01608,29-04-2024,Amanda Richardson,18-25,Female,Maldonadoville,Idaho,Anyone,Toys,45488,26,33661.12,2,UPI,5529.49
BF01609,24-03-2024,Lisa Boyd,36-45,Female,North Angela,New Jersey,Evening,Beauty,45699,22,35645.22,1,Debit Card,2042.89
BF01610,01-06-2024,James Jones DVM,26-35,Other,Bowenchester,Indiana,Throw,Home Appliances,46927,57,20178.61,4,Credit Card,3727.5
BF01611,08-06-2024,Kevin Wright,26-35,Other,North Louis,Alaska,Nor,Home Appliances,29525,65,10333.75,4,Gift Card,625.34
BF01612,24-01-2024,Victoria Morales,26-35,Female,New Heather,Wisconsin,Lawyer,Sports,40747,29,28930.37,4,Gift Card,3690.13
BF01613,08-12-2023,Mary Collins,26-35,Other,Simmonsburgh,Hawaii,Health,Home Appliances,49430,51,24220.7,2,Cash,4819.71
BF01614,28-01-2024,Jerome Moreno,46-60,Female,Lake Debraton,Idaho,Him,Beauty,9054,31,6247.26,3,UPI,449.2
BF01615,06-12-2023,Christian Drake,46-60,Other,South Jeffreytown,Ohio,Record,Clothing,49210,67,16239.3,4,UPI,4025.94
BF01616,29-08-2024,Christopher Wood,60+,Other,Hawkinston,Hawaii,Whether,Beauty,42970,43,24492.9,4,Cash,2108.66
BF01617,15-02-2024,Rebecca Garcia,26-35,Male,Drewhaven,Florida,Respond,Sports,35148,34,23197.68,1,Cash,4886.28
BF01618,04-10-2024,Clinton Harris,36-45,Other,Vaughnville,Ohio,Yard,Toys,39686,79,8334.06,1,Cash,1374.09
BF01619,13-06-2024,Kyle Fuentes,36-45,Other,Lake Virginiahaven,Maine,Wrong,Home Appliances,37203,37,23437.89,2,UPI,4489.67
BF01620,21-12-2023,Lisa Velez,36-45,Female,South Rachel,Maryland,National,Beauty,49608,23,38198.16,3,Credit Card,4080.18
BF01621,04-12-2023,Scott Smith,18-25,Female,Reyesberg,Hawaii,Maybe,Beauty,33984,57,14613.12,1,Gift Card,854.69
BF01622,24-05-2024,Michelle Reed,26-35,Male,Dianemouth,Tennessee,Result,Sports,8631,29,6128.01,3,Cash,1411.61
BF01623,12-06-2024,Dean Cook,36-45,Male,West Thomas,Illinois,Successful,Toys,16294,16,13686.96,1,Gift Card,1563.26
BF01624,12-02-2024,Emily Cowan,26-35,Female,North Christopher,Georgia,Specific,Toys,2345,39,1430.45,4,Cash,186.06
BF01625,14-06-2024,Michelle Evans,46-60,Female,Johnsonland,Hawaii,Space,Home Appliances,21119,77,4857.37,2,Gift Card,861.03
BF01626,11-07-2024,Eric Walker,46-60,Female,Lake Dana,Mississippi,Behind,Electronics,24849,12,21867.12,3,Debit Card,4911.36
BF01627,17-10-2023,Elizabeth Oneill,46-60,Male,East Raymond,Wyoming,Food,Toys,36337,78,7994.14,2,Debit Card,1853.14
BF01628,18-01-2024,Brian Davis MD,46-60,Other,West Manuel,Rhode Island,South,Toys,9456,60,3782.4,1,UPI,284.97
BF01629,21-05-2024,Zachary Kennedy,18-25,Other,Mitchellhaven,Wyoming,Training,Beauty,38246,79,8031.66,3,Cash,1768.24
BF01630,06-12-2023,Victor Guzman,26-35,Male,East Savannahfurt,Vermont,Sport,Toys,44932,60,17972.8,1,UPI,2460.97
BF01631,05-07-2024,Terry Stevens,60+,Female,Lauraside,Florida,Live,Clothing,36460,51,17865.4,4,Credit Card,2095.4
BF01632,30-09-2024,Chelsea Knight,46-60,Female,New Jeffery,Wisconsin,Rest,Electronics,25262,57,10862.66,3,Gift Card,2657.31
BF01633,11-02-2024,Bonnie Flores,26-35,Female,Samanthaview,Louisiana,Whatever,Clothing,37404,40,22442.4,3,Cash,1373.28
BF01634,25-02-2024,Betty Mckenzie,18-25,Female,Elliottville,Louisiana,Less,Sports,5658,77,1301.34,1,Gift Card,280.75
BF01635,26-08-2024,Stephanie Bautista,46-60,Female,Gomezburgh,Arizona,Issue,Beauty,8504,52,4081.92,4,Cash,753.5
BF01636,01-05-2024,Garrett Ellis,60+,Female,East Sara,South Carolina,Daughter,Clothing,13811,18,11325.02,3,Cash,2078.78
BF01637,10-09-2024,Michael Simpson,46-60,Other,Woodsside,Idaho,Often,Sports,45429,14,39068.94,2,Gift Card,3864.55
BF01638,21-02-2024,Janice Brown,60+,Male,Carterborough,Utah,Central,Home Appliances,26270,18,21541.4,3,Cash,3998.52
BF01639,14-09-2024,Isaac Beck DDS,60+,Female,West Michaelbury,California,Vote,Sports,11544,18,9466.08,2,UPI,2129.8
BF01640,18-03-2024,Heather Juarez,26-35,Other,South Jose,Vermont,Result,Sports,28090,53,13202.3,1,Credit Card,3241.56
BF01641,15-07-2024,Justin Griffith,60+,Other,West Timothy,Arizona,Government,Home Appliances,21210,58,8908.2,1,Debit Card,1797.18
BF01642,30-08-2024,Richard Fowler,46-60,Female,Lake Sabrina,Maryland,Game,Electronics,23721,27,17316.33,3,Cash,1649.43
BF01643,09-01-2024,Adam Martin,46-60,Other,Lake Jessica,Washington,Foot,Toys,40044,21,31634.76,3,Gift Card,5979.07
BF01644,25-07-2024,Neil Wheeler,46-60,Male,East Jennifermouth,Louisiana,Especially,Clothing,21734,28,15648.48,3,Cash,2909.59
BF01645,03-12-2023,Joseph Schmidt,36-45,Female,South Matthew,New York,Why,Electronics,19325,48,10049,1,UPI,1459.66
BF01646,28-05-2024,Joshua Carter,18-25,Male,West Joseph,Kansas,Federal,Toys,45075,75,11268.75,1,Debit Card,1799
BF01647,12-02-2024,Anita Thomas,26-35,Other,Christensenport,Florida,Financial,Clothing,9883,77,2273.09,4,Gift Card,217.62
BF01648,18-07-2024,Elizabeth May,18-25,Male,Henrystad,Michigan,Though,Electronics,11499,34,7589.34,1,Gift Card,528.13
BF01649,14-09-2024,Morgan Sanders,60+,Female,Bonniechester,Virginia,Ten,Clothing,6905,57,2969.15,1,Cash,543.38
BF01650,02-12-2023,Rachel Valenzuela,60+,Male,Jamesmouth,New Hampshire,Society,Electronics,19667,35,12783.55,2,Gift Card,1618.72
BF01651,12-04-2024,Richard Wright,60+,Other,Watsonstad,Nebraska,I,Beauty,6507,44,3643.92,2,Gift Card,474.54
BF01652,26-08-2024,Jenna Moreno,46-60,Male,North Charles,Ohio,Former,Toys,46527,61,18145.53,1,Debit Card,4198.64
BF01653,15-09-2024,Jason Wyatt,46-60,Female,Anthonyside,Missouri,News,Toys,30059,79,6312.39,3,Gift Card,1001.68
BF01654,29-05-2024,Ian Garza,60+,Female,Lake Adrianfurt,Nebraska,White,Beauty,6623,40,3973.8,3,Debit Card,363.18
BF01655,04-12-2023,Matthew Thompson,60+,Other,North Williechester,Louisiana,Then,Toys,28657,77,6591.11,4,UPI,1135.3
BF01656,14-11-2023,Joshua Wong,36-45,Male,Audreytown,Kentucky,How,Beauty,49121,18,40279.22,2,Cash,9904.81
BF01657,13-05-2024,Joshua Lopez,26-35,Male,Johnsonport,California,Bank,Beauty,26757,31,18462.33,2,UPI,1690.8
BF01658,18-06-2024,Sarah Wolfe,36-45,Male,Tonyahaven,Maine,Gas,Clothing,48839,26,36140.86,2,Credit Card,7307.9
BF01659,25-08-2024,Jason Herrera,60+,Female,Bakermouth,Missouri,Over,Sports,573,73,154.71,1,UPI,32.63
BF01660,18-09-2024,Derrick Williams,46-60,Female,Port Tracey,Florida,Accept,Electronics,43354,41,25578.86,1,Credit Card,3994.07
BF01661,29-05-2024,Wendy Garcia,36-45,Other,Port Daniel,Delaware,Front,Toys,5723,77,1316.29,4,Gift Card,273.35
BF01662,04-11-2023,Ryan Maddox,46-60,Male,Colemanhaven,Ohio,Term,Electronics,29396,47,15579.88,3,Cash,1882.2
BF01663,08-09-2024,Kim Johnson,26-35,Female,Lake Ashley,Illinois,Live,Toys,17273,79,3627.33,2,Debit Card,897.94
BF01664,26-06-2024,Kevin Carrillo,36-45,Female,North Andrewview,Tennessee,Door,Electronics,39955,73,10787.85,1,Debit Card,1545.58
BF01665,27-03-2024,Jerry Bradshaw,60+,Other,Port Brandyfort,South Dakota,Them,Beauty,48718,27,35564.14,2,Debit Card,4381.42
BF01666,27-09-2024,Amy Martinez,60+,Male,North Robert,Maryland,Difference,Toys,48941,72,13703.48,1,Credit Card,3258.42
BF01667,10-06-2024,Jorge Goodwin,60+,Male,Phyllisberg,Nebraska,Him,Electronics,3198,13,2782.26,4,Credit Card,441.84
BF01668,10-08-2024,Tina Matthews,36-45,Female,Kathleenville,Texas,Others,Home Appliances,26733,69,8287.23,1,Debit Card,1287.07
BF01669,17-07-2024,Paul Jones,60+,Female,Johnburgh,Delaware,Great,Beauty,47639,44,26677.84,1,UPI,2855.91
BF01670,04-02-2024,Cheyenne Davenport,46-60,Male,New Carlatown,Louisiana,Economic,Home Appliances,24371,74,6336.46,4,UPI,1051.77
BF01671,11-07-2024,Stephen Powell,36-45,Male,Port Patrickfurt,Minnesota,Middle,Electronics,5083,18,4168.06,3,Debit Card,239.68
BF01672,13-02-2024,Desiree Stewart,60+,Male,Frankmouth,Maryland,Follow,Electronics,49744,11,44272.16,2,Gift Card,7036.01
BF01673,02-08-2024,Victoria Jacobs,18-25,Male,Emilyburgh,Maine,Must,Home Appliances,38690,55,17410.5,3,Cash,1635.33
BF01674,10-12-2023,Jonathan Rice,60+,Other,Mezaborough,New Hampshire,Under,Electronics,16210,55,7294.5,3,Gift Card,1119.74
BF01675,30-05-2024,Jeanne Cooper,60+,Female,Fitzpatrickberg,Missouri,Forget,Clothing,21940,54,10092.4,3,Credit Card,1344.65
BF01676,14-06-2024,Dawn Donovan,26-35,Male,Herreraland,New Mexico,Laugh,Electronics,18072,12,15903.36,2,Cash,3225.16
BF01677,07-04-2024,Matthew Scott,46-60,Male,New Michaelbury,Virginia,Age,Beauty,37612,71,10907.48,3,Credit Card,2396.6
BF01678,17-03-2024,James Jenkins,36-45,Male,North Alexandrastad,Utah,Thought,Home Appliances,15465,46,8351.1,2,Cash,892.38
BF01679,22-03-2024,Thomas Maynard,26-35,Male,North Rickymouth,Florida,Happy,Sports,38504,27,28107.92,4,Credit Card,3349.72
BF01680,01-08-2024,Jesse Turner,26-35,Female,Lake Marybury,Oklahoma,Central,Home Appliances,34679,52,16645.92,4,Cash,3242.67
BF01681,27-11-2023,Brian Jones,36-45,Female,Ricemouth,Idaho,Heavy,Home Appliances,39710,64,14295.6,2,Credit Card,3223.91
BF01682,28-08-2024,Patrick Thompson,36-45,Male,Jacquelineview,Wyoming,Teacher,Beauty,20738,63,7673.06,4,UPI,1910.05
BF01683,29-10-2023,Jacob Armstrong,26-35,Female,Barronhaven,Connecticut,Seek,Home Appliances,2119,27,1546.87,3,Credit Card,381.64
BF01684,11-06-2024,Gregory Anderson,36-45,Female,Smithburgh,Oklahoma,Across,Sports,10323,68,3303.36,3,Credit Card,282.14
BF01685,04-06-2024,Kyle Kerr,18-25,Male,Stephenville,West Virginia,Table,Electronics,29904,44,16746.24,3,Cash,4146.72
BF01686,12-11-2023,Michael Rogers,46-60,Male,West Alishabury,Ohio,Attention,Electronics,44799,24,34047.24,2,Debit Card,2985.1
BF01687,01-06-2024,Taylor Edwards,26-35,Male,East Ernestside,New York,Very,Beauty,35104,34,23168.64,3,Credit Card,2617.59
BF01688,16-03-2024,Tony Erickson,60+,Other,North Amber,Florida,Need,Home Appliances,29460,53,13846.2,3,Cash,2934.83
BF01689,01-12-2023,Mark Hogan,60+,Male,Alyssafurt,South Carolina,Talk,Sports,46161,40,27696.6,1,Gift Card,2668.79
BF01690,16-09-2024,Jason Young,36-45,Other,Lake Joseph,Colorado,Write,Sports,35050,43,19978.5,3,Cash,2388.33
BF01691,10-02-2024,Yolanda French,46-60,Other,East Trevorhaven,Pennsylvania,Film,Home Appliances,36016,13,31333.92,1,Gift Card,2284.98
BF01692,27-02-2024,Mr. Nathan Massey,36-45,Male,Alyssatown,Alabama,Between,Home Appliances,16819,19,13623.39,4,Debit Card,2503.89
BF01693,28-01-2024,Christopher Reese,46-60,Male,Collinmouth,Idaho,Its,Clothing,36317,75,9079.25,3,Gift Card,840.02
BF01694,14-10-2023,Andrew Marshall,26-35,Other,South Barbaratown,Rhode Island,Over,Beauty,39557,47,20965.21,2,Cash,3081.89
BF01695,23-08-2024,Anthony Brown,26-35,Female,Aaronburgh,South Carolina,Happy,Toys,24965,27,18224.45,1,Cash,4455.84
BF01696,28-06-2024,Wayne Christensen,18-25,Male,Port Meredithhaven,Kentucky,Million,Home Appliances,9633,13,8380.71,2,Debit Card,1934.48
BF01697,13-11-2023,Jason Moyer,60+,Female,Davisborough,Montana,Expect,Sports,31811,38,19722.82,3,Debit Card,2309.88
BF01698,25-02-2024,Sarah Moore,36-45,Female,Janetmouth,North Dakota,Hope,Sports,18484,70,5545.2,3,Credit Card,884.71
BF01699,12-08-2024,Lucas Clay,60+,Male,Angelaport,Alabama,Management,Toys,21202,55,9540.9,4,Debit Card,1747.29
BF01700,27-09-2024,Daniel Schwartz,46-60,Male,East Bethany,South Carolina,Though,Beauty,15084,19,12218.04,4,Debit Card,2893
BF01701,31-03-2024,Regina Humphrey,36-45,Other,Port Megan,Georgia,May,Sports,20213,51,9904.37,1,Cash,1866.6
BF01702,01-12-2023,Christina Reyes,60+,Male,Jessicaburgh,Utah,Knowledge,Sports,26765,42,15523.7,4,UPI,2116.68
BF01703,08-08-2024,Betty Floyd,46-60,Female,Sparksfurt,Ohio,Book,Toys,35415,22,27623.7,4,Cash,6543.62
BF01704,26-05-2024,Susan Martin,60+,Female,Duffyview,Oregon,Top,Beauty,32573,75,8143.25,2,Debit Card,1924.86
BF01705,19-04-2024,James Jones,26-35,Male,Brentstad,Minnesota,Movement,Toys,30305,11,26971.45,1,UPI,5326.1
BF01706,08-02-2024,Jeffrey Rodriguez,26-35,Female,South Nathaniel,Minnesota,Doctor,Sports,30009,34,19805.94,2,UPI,3031.05
BF01707,20-07-2024,Michelle Herrera,60+,Other,New Mariabury,Arkansas,Why,Toys,30787,70,9236.1,4,Cash,1460.21
BF01708,27-11-2023,Lindsey Holden,26-35,Other,South Kirsten,Kentucky,Despite,Home Appliances,8627,66,2933.18,1,Debit Card,546.7
BF01709,15-05-2024,Michael Williams,26-35,Female,Youngville,Texas,Power,Sports,34716,30,24301.2,4,UPI,3547.89
BF01710,07-02-2024,Jeffery Miller,46-60,Female,Port Seth,New Jersey,Dream,Home Appliances,33055,58,13883.1,2,UPI,2861.48
BF01711,18-01-2024,Jordan Brooks,18-25,Male,Port Timothymouth,Indiana,Seat,Sports,47249,19,38271.69,2,Credit Card,8010.17
BF01712,22-01-2024,Amber Burgess,18-25,Female,North Anamouth,Kansas,Why,Clothing,7063,50,3531.5,3,Gift Card,432.88
BF01713,21-02-2024,Megan Mahoney,46-60,Other,Lake Kylemouth,Washington,Item,Beauty,31538,66,10722.92,3,Credit Card,1427.77
BF01714,17-11-2023,Jennifer Robinson,60+,Other,Port Jameston,Michigan,Major,Sports,15500,32,10540,1,Gift Card,1866.27
BF01715,29-05-2024,Ann Silva,18-25,Other,Port Sharonchester,Florida,Important,Beauty,17615,42,10216.7,3,Gift Card,1057.21
BF01716,18-10-2023,Patricia Keller,36-45,Other,Lake Joshua,Washington,Star,Sports,1622,28,1167.84,1,UPI,140.13
BF01717,14-08-2024,Evelyn Marks,60+,Female,Richfort,Delaware,Half,Toys,9087,29,6451.77,3,Gift Card,586
BF01718,20-01-2024,Daniel Guerra,26-35,Male,Cookton,North Carolina,Economy,Clothing,2696,43,1536.72,3,Debit Card,97.23
BF01719,18-01-2024,Dr. Billy Wilcox,46-60,Other,Reyesville,West Virginia,Environmental,Beauty,30035,23,23126.95,1,Credit Card,3169.63
BF01720,25-06-2024,Joel Williams,36-45,Female,New Kevinfort,Louisiana,Study,Beauty,25012,61,9754.68,3,UPI,776.44
BF01721,25-11-2023,Brittany Miles,60+,Other,Port Jonathanshire,Maine,Major,Electronics,2663,57,1145.09,4,Credit Card,277.2
BF01722,10-08-2024,Kevin Andrade PhD,18-25,Female,Lake Elizabethburgh,New Hampshire,Whole,Toys,15242,46,8230.68,3,Cash,1445.16
BF01723,15-10-2023,Lauren Pineda,18-25,Other,Patriciatown,Oklahoma,Which,Beauty,9591,41,5658.69,3,Cash,385.83
BF01724,06-09-2024,Jeffrey Odonnell,26-35,Male,Fordview,Hawaii,Born,Home Appliances,23040,24,17510.4,2,Credit Card,1371.2
BF01725,10-10-2024,Daniel Randolph,46-60,Male,Barbaraberg,Texas,Degree,Clothing,37772,36,24174.08,1,Credit Card,2267.05
BF01726,13-11-2023,Leslie Huerta,26-35,Female,Philliphaven,Wyoming,Keep,Electronics,35710,56,15712.4,4,Gift Card,3030.08
BF01727,09-11-2023,William Jones,60+,Female,Leblanchaven,Maryland,Report,Home Appliances,29979,42,17387.82,1,Cash,2667.15
BF01728,24-12-2023,Jeffrey Tate,26-35,Male,East Daniel,Montana,Month,Clothing,22810,65,7983.5,2,UPI,1382.33
BF01729,20-09-2024,Louis Cobb,26-35,Male,Wilsonville,Massachusetts,Eight,Clothing,14603,24,11098.28,2,Credit Card,930.42
BF01730,22-01-2024,Sean Martinez,26-35,Other,Perezview,Tennessee,Wide,Home Appliances,1544,72,432.32,4,Credit Card,59.62
BF01731,08-03-2024,Mr. Dustin Ramirez,36-45,Male,Elizabethborough,Missouri,Walk,Electronics,31996,25,23997,1,Gift Card,3846.79
BF01732,21-11-2023,Shelly Castro,60+,Other,Williamsshire,Minnesota,Knowledge,Electronics,4316,77,992.68,1,Debit Card,150.39
BF01733,21-06-2024,Sara Miller,26-35,Female,Cookton,West Virginia,Page,Home Appliances,30156,11,26838.84,2,Credit Card,4985.82
BF01734,25-02-2024,Barry Mooney,26-35,Female,East Rebeccachester,Texas,Listen,Home Appliances,37209,59,15255.69,1,UPI,2488.06
BF01735,16-02-2024,Christopher Le,36-45,Female,North Danieltown,Utah,Effort,Home Appliances,8272,54,3805.12,2,UPI,212.67
BF01736,20-05-2024,Melissa Hammond,36-45,Female,East Kennethmouth,Maine,Clear,Beauty,23618,50,11809,1,Credit Card,701.5
BF01737,23-12-2023,Roberta Kane,18-25,Male,Smithside,North Dakota,Hand,Electronics,30148,58,12662.16,1,UPI,1803.82
BF01738,06-08-2024,Connie Clark,26-35,Female,Josephport,Kentucky,Visit,Clothing,20346,54,9359.16,2,Debit Card,1951.93
BF01739,03-04-2024,Brandon Flores,18-25,Female,North Michellechester,Kentucky,Family,Clothing,10782,33,7223.94,4,Cash,1454.2
BF01740,15-10-2023,Timothy Jordan,36-45,Female,Angelahaven,Minnesota,Indeed,Home Appliances,19149,60,7659.6,1,Credit Card,707.43
BF01741,03-09-2024,Lisa Parsons,60+,Other,Port Samantha,South Dakota,Certainly,Toys,24452,45,13448.6,3,Cash,1328.03
BF01742,07-08-2024,Dennis Baker,46-60,Other,Hudsonbury,West Virginia,Tree,Home Appliances,18539,62,7044.82,4,Gift Card,1530.71
BF01743,19-11-2023,Debbie Santiago,36-45,Other,Kellymouth,Arizona,Must,Clothing,34273,14,29474.78,2,UPI,2018.87
BF01744,17-06-2024,Marc Smith,18-25,Female,New Philip,Arkansas,Price,Home Appliances,792,65,277.2,4,Gift Card,25.3
BF01745,23-08-2024,Carol Johnson,36-45,Male,West Samantha,Kentucky,Phone,Electronics,20543,23,15818.11,1,Credit Card,2800.61
BF01746,29-02-2024,Sharon Harvey,60+,Male,East Heather,South Carolina,Rock,Electronics,18480,75,4620,4,Credit Card,262.44
BF01747,26-07-2024,Michael Rios,60+,Other,West Margaret,Alabama,Away,Electronics,42083,35,27353.95,2,Gift Card,3304.5
BF01748,16-12-2023,Daryl Henry,18-25,Other,East Allisonmouth,West Virginia,Dog,Home Appliances,45246,33,30314.82,3,Gift Card,6894.38
BF01749,02-12-2023,Ronald Spence,26-35,Other,West Thomaston,Iowa,That,Clothing,38537,32,26205.16,2,Debit Card,5905.64
BF01750,26-09-2024,Zachary Wilson,26-35,Female,Schultzshire,Iowa,Physical,Clothing,30161,67,9953.13,2,Cash,1260.77
BF01751,05-05-2024,Debra Walsh,26-35,Other,Hernandezhaven,Indiana,Development,Sports,9454,32,6428.72,1,UPI,1313.67
BF01752,04-04-2024,Mary Estrada,46-60,Male,Lake Jessicafort,Vermont,Present,Toys,24989,76,5997.36,1,Gift Card,1014.27
BF01753,05-03-2024,Michelle Ford,46-60,Female,New Brenda,Vermont,Throw,Beauty,44457,25,33342.75,1,Cash,5133.86
BF01754,01-11-2023,Chelsea Tucker,46-60,Male,Mackenziebury,California,Much,Beauty,12761,46,6890.94,2,UPI,1682.13
BF01755,29-07-2024,Justin Woods,18-25,Female,Michaelbury,New Mexico,West,Beauty,5335,40,3201,3,Gift Card,204.08
BF01756,03-06-2024,Carol Cook,46-60,Other,South Marissahaven,Kentucky,Visit,Home Appliances,4753,49,2424.03,3,Gift Card,195.18
BF01757,21-02-2024,Shane Alexander,46-60,Female,West Charles,Minnesota,These,Clothing,23036,70,6910.8,3,Credit Card,421.5
BF01758,04-06-2024,Veronica Adams,46-60,Male,North Jessica,Virginia,Bank,Clothing,45410,74,11806.6,4,Cash,2283.57
BF01759,12-11-2023,Kayla Williams,46-60,Male,Phillipland,Kansas,Movie,Electronics,33804,51,16563.96,2,Gift Card,3678.97
BF01760,13-01-2024,Brett Nguyen,46-60,Male,Lisastad,Montana,Particular,Sports,24344,53,11441.68,3,Cash,2379.17
BF01761,28-04-2024,Keith Bennett,18-25,Male,Tiffanyland,Kentucky,Care,Beauty,30747,17,25520.01,1,UPI,3449.74
BF01762,10-12-2023,Marco Huber,26-35,Male,Kevinport,South Dakota,Chance,Clothing,26349,70,7904.7,3,Debit Card,1431.22
BF01763,06-11-2023,Micheal Gill,60+,Female,Victorstad,Colorado,Talk,Home Appliances,26730,36,17107.2,1,Gift Card,1654.66
BF01764,03-04-2024,Joseph Mills,46-60,Female,Maryside,Pennsylvania,Have,Beauty,14168,40,8500.8,4,Cash,1382.12
BF01765,14-12-2023,Kathryn Davis,18-25,Male,South Joseph,Michigan,Floor,Beauty,42405,24,32227.8,3,Cash,6440.25
BF01766,21-01-2024,Miguel Paul,18-25,Male,North Andrewborough,Missouri,Worry,Clothing,14822,19,12005.82,1,UPI,1473.93
BF01767,26-04-2024,Justin Osborne,18-25,Male,Port Sarahtown,Vermont,Glass,Electronics,31868,72,8923.04,3,Cash,1899.94
BF01768,21-06-2024,Jacob Jones,60+,Other,Lindseymouth,Louisiana,Play,Electronics,19196,43,10941.72,1,Gift Card,1960.08
BF01769,10-07-2024,Drew Brown,18-25,Other,Tuckerchester,Texas,Maybe,Clothing,38692,53,18185.24,3,Credit Card,3683.86
BF01770,30-11-2023,Kelly Young,18-25,Male,Scottmouth,Oregon,Beat,Electronics,30795,53,14473.65,2,Gift Card,1456.62
BF01771,22-10-2023,Alexander Horton,18-25,Male,Lake William,West Virginia,Level,Toys,38061,66,12940.74,2,UPI,3072.59
BF01772,06-06-2024,William Chase,26-35,Female,Cookbury,Ohio,Final,Electronics,11146,50,5573,2,UPI,373.93
BF01773,19-01-2024,Brian Fuller,26-35,Female,Younghaven,Alabama,Total,Electronics,25337,56,11148.28,1,Credit Card,1640.92
BF01774,16-12-2023,Jacqueline Hernandez,36-45,Female,Gabrielburgh,West Virginia,Daughter,Toys,36882,74,9589.32,1,Gift Card,1652.21
BF01775,18-07-2024,Angela Clark,26-35,Other,Carrieburgh,Nevada,Tend,Toys,40840,77,9393.2,3,Cash,1769.5
BF01776,01-01-2024,Kimberly Jones,36-45,Female,Gibbsburgh,Virginia,Financial,Clothing,19410,47,10287.3,2,Credit Card,2439.08
BF01777,17-10-2023,Anita Flynn,18-25,Other,Port Christopher,Maryland,Police,Sports,18360,50,9180,3,UPI,2106.45
BF01778,08-06-2024,Hannah Rogers,18-25,Male,Port Shannon,Nebraska,Mention,Toys,26066,75,6516.5,1,Debit Card,1216.52
BF01779,09-01-2024,David Hernandez,18-25,Male,West Rachelville,Texas,Myself,Electronics,15780,17,13097.4,3,UPI,1882.54
BF01780,23-11-2023,Benjamin Bridges,36-45,Female,Port Lindaside,Kansas,Vote,Toys,15526,46,8384.04,3,Gift Card,1170.1
BF01781,07-04-2024,Shelby Collins,46-60,Female,South Thomasbury,Illinois,Attack,Clothing,32527,20,26021.6,1,UPI,4195.66
BF01782,03-03-2024,Tracy Hayes,36-45,Male,Turnertown,Georgia,Argue,Toys,938,41,553.42,2,Gift Card,28.43
BF01783,26-03-2024,Steven Perez,46-60,Other,North Sherry,South Carolina,Safe,Electronics,43890,15,37306.5,3,Debit Card,8216.82
BF01784,01-02-2024,Matthew Kim,26-35,Female,Margaretchester,West Virginia,Common,Sports,4285,26,3170.9,4,Gift Card,377.84
BF01785,08-01-2024,Tina Schmidt,46-60,Male,Silvashire,Iowa,Here,Toys,4831,19,3913.11,3,Gift Card,861.21
BF01786,12-07-2024,James Wilson,18-25,Female,New Thomas,Mississippi,Bed,Sports,11361,24,8634.36,1,Credit Card,2115.32
BF01787,11-01-2024,Sierra Jones,46-60,Female,Brittanyview,Georgia,Hear,Sports,13459,79,2826.39,3,Debit Card,589.04
BF01788,11-12-2023,Tiffany Ruiz,36-45,Female,Jacobstad,Indiana,Car,Sports,17013,76,4083.12,4,Gift Card,290.13
BF01789,22-09-2024,Kenneth Arnold,18-25,Other,East Davidville,New York,Husband,Sports,27945,19,22635.45,4,UPI,3732.45
BF01790,12-02-2024,Jamie Ramsey,46-60,Female,Annetteborough,New York,Society,Beauty,19768,35,12849.2,4,Cash,2661.86
BF01791,25-07-2024,Melinda Beasley,18-25,Other,Zavalaburgh,Louisiana,Personal,Clothing,35110,27,25630.3,4,UPI,1966.86
BF01792,05-07-2024,Justin Garner,46-60,Male,Hillfort,Alabama,Ten,Sports,11731,37,7390.53,1,Debit Card,1426.5
BF01793,01-11-2023,Paul Gilmore,26-35,Other,Reedfurt,West Virginia,Security,Sports,11776,14,10127.36,3,Debit Card,2018.52
BF01794,13-02-2024,Pamela Simpson,46-60,Female,East Annettemouth,Hawaii,Dark,Toys,13848,13,12047.76,2,Cash,780.59
BF01795,29-08-2024,George Shaw,36-45,Female,West Stephanie,Idaho,Security,Electronics,44334,23,34137.18,2,Credit Card,2980.9
BF01796,05-09-2024,Jasmine Rodgers,18-25,Female,Donnaside,Illinois,Information,Clothing,40293,74,10476.18,4,Debit Card,1458.71
BF01797,09-11-2023,Crystal Quinn,60+,Male,West Peter,Idaho,This,Sports,38619,47,20468.07,1,Cash,4216.97
BF01798,04-05-2024,Stephen Massey,18-25,Other,South Heather,Wisconsin,Green,Home Appliances,37072,33,24838.24,3,Cash,2561.74
BF01799,20-09-2024,Natalie Stout,60+,Other,East Bryan,Idaho,Before,Clothing,14409,68,4610.88,4,UPI,755.41
BF01800,01-06-2024,Jeremiah Hill,18-25,Male,West Josephberg,North Dakota,College,Electronics,36662,64,13198.32,3,Cash,2389.51
BF01801,21-10-2023,Daniel Garcia,46-60,Male,New Lisafurt,New Hampshire,Most,Toys,30378,15,25821.3,3,UPI,4564.91
BF01802,31-05-2024,Phillip Hines,26-35,Female,Cummingsshire,Illinois,To,Toys,29741,45,16357.55,1,Credit Card,2173.58
BF01803,06-09-2024,Joshua Arnold,60+,Female,Richmondhaven,Indiana,Respond,Sports,44726,56,19679.44,4,Cash,2895.72
BF01804,28-10-2023,Samantha Lester,60+,Male,Brucebury,Maryland,Cultural,Electronics,10738,64,3865.68,3,Debit Card,568.46
BF01805,05-08-2024,John Smith,18-25,Female,East Kimberly,Hawaii,Throughout,Toys,4260,35,2769,3,UPI,286.08
BF01806,27-10-2023,Kelly Bailey,36-45,Male,Port Nicholas,North Carolina,Toward,Toys,10038,39,6123.18,4,Debit Card,627.73
BF01807,19-11-2023,Michael Nicholson,46-60,Other,Kathleenland,Minnesota,Together,Electronics,9998,38,6198.76,2,Cash,1520.66
BF01808,25-02-2024,Angela Jordan,36-45,Female,Lake Jenniferland,Alabama,Often,Electronics,32320,22,25209.6,2,Cash,4788.62
BF01809,17-11-2023,John Green,18-25,Other,Cooketon,Montana,Including,Home Appliances,11053,34,7294.98,2,Debit Card,775.74
BF01810,31-01-2024,James Young,60+,Other,Jimenezville,Oklahoma,Live,Home Appliances,29355,22,22896.9,3,UPI,4500.75
BF01811,29-04-2024,Melissa Moreno,36-45,Male,Hayesmouth,Washington,Baby,Beauty,46785,36,29942.4,2,UPI,3842.01
BF01812,28-10-2023,Amanda Ferguson,36-45,Female,New Lisaport,Georgia,Develop,Clothing,28040,51,13739.6,3,UPI,2039.56
BF01813,31-07-2024,Kyle Simmons,26-35,Other,New Elizabeth,New Jersey,Image,Electronics,21619,49,11025.69,2,Cash,2567.04
BF01814,06-06-2024,Elizabeth Davis,60+,Male,North Adrianside,Georgia,Reduce,Sports,2269,74,589.94,1,Gift Card,54.27
BF01815,13-02-2024,Jimmy Young,36-45,Female,Anthonyport,Hawaii,Artist,Toys,15392,32,10466.56,4,UPI,1914.15
BF01816,26-12-2023,Brenda Murphy,36-45,Male,Timothyfort,Idaho,Point,Sports,49239,49,25111.89,1,Cash,1978.23
BF01817,17-12-2023,Garrett Moran,26-35,Other,East Jenniferton,Florida,Will,Home Appliances,6911,58,2902.62,1,Credit Card,277.11
BF01818,07-08-2024,Christopher Scott,36-45,Other,Port William,New Hampshire,Help,Toys,20540,22,16021.2,4,Credit Card,1976.36
BF01819,09-04-2024,Jodi Hernandez,60+,Other,New John,Colorado,Deal,Toys,8201,23,6314.77,3,UPI,884.5
BF01820,15-04-2024,Gregory Horne,60+,Male,Camachoville,Arizona,Goal,Clothing,32436,14,27894.96,2,Credit Card,3006.8
BF01821,31-03-2024,Michael Charles,46-60,Female,Jessicafort,South Dakota,Standard,Clothing,3848,14,3309.28,2,Debit Card,531.51
BF01822,18-12-2023,Alicia Miller,18-25,Other,Samanthafort,Maine,Provide,Clothing,28426,15,24162.1,4,Cash,5221.2
BF01823,29-03-2024,Pamela Russell,36-45,Other,South Kristen,Montana,Election,Toys,28831,23,22199.87,2,UPI,4303.05
BF01824,27-05-2024,Ian Johnston,26-35,Female,East Timothy,New Hampshire,Draw,Sports,3585,34,2366.1,4,Credit Card,262.81
BF01825,06-10-2024,Bradley Austin,26-35,Male,New Nicholas,Hawaii,Serious,Home Appliances,30499,57,13114.57,2,UPI,2800.44
BF01826,09-01-2024,Lisa Moore,26-35,Other,South Amanda,Indiana,Push,Beauty,1725,16,1449,1,Debit Card,167.82
BF01827,13-04-2024,Sandra Walker,60+,Female,West Jasonton,Pennsylvania,Hand,Electronics,19383,42,11242.14,1,Credit Card,1890.96
BF01828,03-03-2024,Darlene Jackson,60+,Female,New Rodney,New York,Chance,Beauty,18682,49,9527.82,3,Gift Card,542.4
BF01829,07-01-2024,Ethan Smith,18-25,Other,Kristinland,Delaware,Age,Toys,921,63,340.77,4,Credit Card,59.14
BF01830,21-02-2024,Christian Hall,26-35,Other,East Gregoryborough,Pennsylvania,Certain,Sports,43427,73,11725.29,3,Cash,704.53
BF01831,05-07-2024,Sarah Rhodes,46-60,Female,Collinschester,Maryland,Church,Home Appliances,27642,74,7186.92,4,Gift Card,1441.72
BF01832,22-10-2023,Jason Rodriguez,18-25,Male,South Felicia,Wisconsin,Half,Clothing,41452,11,36892.28,3,Cash,2467.38
BF01833,29-01-2024,Emily Mills,60+,Male,Reedburgh,New Hampshire,Close,Toys,23145,63,8563.65,2,Debit Card,1674.66
BF01834,21-10-2023,Aaron Barker,46-60,Female,Castroland,Pennsylvania,Task,Toys,19832,27,14477.36,2,Cash,2523.09
BF01835,22-07-2024,Edward Gibson,46-60,Female,Lake Reginald,Maryland,Part,Home Appliances,27694,10,24924.6,1,Debit Card,4602.16
BF01836,22-05-2024,Madison Willis,18-25,Female,New Johnton,Washington,Notice,Home Appliances,6705,42,3888.9,1,Gift Card,620.97
BF01837,25-10-2023,Tiffany Cox,26-35,Male,Port Travisberg,Louisiana,Join,Electronics,5014,32,3409.52,1,Credit Card,367.76
BF01838,07-03-2024,Daniel Williams,36-45,Female,South Paige,Arkansas,Certain,Electronics,39120,37,24645.6,2,Gift Card,1968.25
BF01839,03-01-2024,Mary Wilson,18-25,Other,Troyhaven,California,Community,Electronics,2394,21,1891.26,1,Gift Card,376.36
BF01840,03-06-2024,Jill Miller,26-35,Male,Mcgeeburgh,Missouri,Security,Home Appliances,18132,28,13055.04,4,Cash,1663.73
BF01841,09-05-2024,Jeremy Kelley,60+,Other,Meganfurt,Colorado,Traditional,Toys,8536,10,7682.4,3,Gift Card,1222.68
BF01842,29-05-2024,Tina Rowe,36-45,Other,Owenston,Rhode Island,Peace,Sports,9257,57,3980.51,3,Cash,202.52
BF01843,27-03-2024,Juan Villanueva,18-25,Female,Robertofort,Vermont,Fine,Electronics,48004,20,38403.2,2,Gift Card,6460.07
BF01844,17-03-2024,Sara Webster,18-25,Male,South Tinafurt,Arizona,Too,Home Appliances,47091,73,12714.57,1,Credit Card,2225.45
BF01845,20-03-2024,Sue Richardson,46-60,Male,Hudsonfurt,Pennsylvania,Key,Sports,18822,52,9034.56,2,Credit Card,2106.63
BF01846,06-10-2024,Erik Clark,18-25,Female,Allenborough,Colorado,Accept,Electronics,26892,54,12370.32,3,Cash,2332.37
BF01847,28-04-2024,Stephanie Schultz,36-45,Male,North Jerry,Massachusetts,Could,Sports,20331,24,15451.56,1,Cash,2365.76
BF01848,15-10-2023,Greg Dorsey,46-60,Male,East Victoria,Mississippi,Hundred,Clothing,14502,29,10296.42,3,Gift Card,771
BF01849,10-07-2024,Jessica Hensley,36-45,Other,Deniseview,Virginia,Least,Beauty,16949,22,13220.22,3,Gift Card,2683.45
BF01850,05-08-2024,James Fisher Jr.,26-35,Male,Matthewport,Arkansas,Professor,Home Appliances,14634,16,12292.56,1,Credit Card,677.75
BF01851,11-01-2024,Anthony Harris,18-25,Female,Lake Gregoryville,Arkansas,Agent,Sports,2698,57,1160.14,1,Cash,171.85
BF01852,16-09-2024,Courtney Beltran,60+,Male,Turnerfort,North Dakota,Rise,Beauty,46866,19,37961.46,1,Debit Card,5023.1
BF01853,19-11-2023,Michelle Vargas,46-60,Other,West Rhondafurt,Minnesota,Space,Clothing,16780,30,11746,3,Gift Card,1219.48
BF01854,26-08-2024,Yvonne Murphy,26-35,Male,Michaeltown,Massachusetts,Arm,Beauty,37881,76,9091.44,3,UPI,1097.22
BF01855,20-06-2024,Barbara Campbell,26-35,Male,Robertbury,Minnesota,Project,Sports,35325,62,13423.5,2,Gift Card,857.1
BF01856,22-04-2024,Carla Strong,36-45,Female,North Tonyfort,Arizona,Bag,Sports,22349,77,5140.27,3,Gift Card,908.21
BF01857,09-10-2024,Phillip Adams,26-35,Other,North Allenfurt,Nevada,Especially,Toys,15597,62,5926.86,2,Credit Card,572.82
BF01858,09-11-2023,Tamara Hamilton,26-35,Male,West Levi,Nevada,Behind,Home Appliances,10868,23,8368.36,1,Debit Card,693.43
BF01859,23-01-2024,Paige Reynolds,26-35,Male,Monicamouth,Mississippi,Who,Home Appliances,9487,61,3699.93,4,UPI,635.94
BF01860,11-07-2024,Angelica Herman,46-60,Other,Michaelland,Florida,Add,Sports,13219,78,2908.18,4,Cash,442.26
BF01861,08-12-2023,Rebecca Singh,36-45,Other,Rickyview,Minnesota,Ready,Clothing,2811,70,843.3,4,Debit Card,47.47
BF01862,08-01-2024,Carrie Bush,36-45,Other,South Robert,New Hampshire,During,Clothing,26065,21,20591.35,1,Debit Card,2101.4
BF01863,09-12-2023,Michael Gardner,36-45,Other,Port Jessica,New York,Southern,Beauty,12286,12,10811.68,4,Debit Card,2437.32
BF01864,11-05-2024,Dr. Cristina Haynes,18-25,Male,North Jerry,Alabama,Card,Toys,11711,74,3044.86,1,Gift Card,671.58
BF01865,06-07-2024,Tony Le,26-35,Female,Mccoytown,Delaware,White,Clothing,15769,35,10249.85,2,Credit Card,1709.43
BF01866,27-02-2024,Lindsay Kennedy,26-35,Male,Ryanland,New Mexico,Lead,Toys,34070,52,16353.6,3,Gift Card,2100.66
BF01867,02-09-2024,Alicia Robinson,18-25,Female,Johnsonburgh,New Mexico,Answer,Clothing,2586,50,1293,1,UPI,122.53
BF01868,20-08-2024,Jesse Hernandez,18-25,Male,Kennethton,Michigan,Third,Clothing,48785,66,16586.9,2,UPI,981.16
BF01869,03-12-2023,Scott Mejia,26-35,Female,Dixonport,Wisconsin,It,Sports,43110,38,26728.2,1,Debit Card,4789.91
BF01870,28-06-2024,William Ramirez,46-60,Other,East Kathrynfurt,Vermont,Forget,Electronics,10958,37,6903.54,3,Debit Card,663.54
BF01871,08-02-2024,John Newman,60+,Female,Calderonmouth,Iowa,When,Electronics,44234,69,13712.54,1,UPI,2686.58
BF01872,07-01-2024,Steven Mcdonald,26-35,Male,Lake Kyle,Washington,Expert,Electronics,8131,13,7073.97,3,Credit Card,1515.22
BF01873,03-11-2023,Frank Schmidt,18-25,Other,Cunninghamfurt,South Carolina,Kitchen,Home Appliances,15168,57,6522.24,3,Gift Card,1196.25
BF01874,15-10-2023,Matthew Thomas,60+,Male,Bradleyfurt,Iowa,Recently,Toys,21820,58,9164.4,2,Cash,1089.12
BF01875,17-05-2024,Tanya Buckley,46-60,Other,Burtonfort,Connecticut,Herself,Beauty,25203,73,6804.81,2,Credit Card,940.21
BF01876,07-01-2024,Pedro Jones,46-60,Female,Raymondburgh,Illinois,Inside,Sports,42886,60,17154.4,1,UPI,1683.94
BF01877,26-04-2024,Danielle Hernandez,46-60,Other,North Deborahborough,Nebraska,Over,Beauty,45159,29,32062.89,3,Cash,3655.31
BF01878,23-08-2024,David Mccann,46-60,Male,Lake Alexander,Vermont,Across,Sports,11565,32,7864.2,1,Debit Card,1855.83
BF01879,04-10-2024,Sara Lowe,46-60,Other,Robertsonton,Kansas,Watch,Electronics,46080,13,40089.6,3,UPI,2893.68
BF01880,25-03-2024,Julie Logan,36-45,Female,New Robert,Oregon,Front,Sports,48315,34,31887.9,4,Cash,3206.16
BF01881,11-01-2024,Andrea Watson,46-60,Other,Marymouth,New Hampshire,Play,Beauty,44015,47,23327.95,3,UPI,3713.1
BF01882,22-06-2024,Mercedes Bates,46-60,Male,Christopherhaven,Indiana,Respond,Home Appliances,33585,24,25524.6,2,Cash,1315.99
BF01883,02-01-2024,Dawn Johnson,26-35,Female,Markfurt,Hawaii,For,Sports,14396,47,7629.88,1,Gift Card,861.86
BF01884,13-08-2024,Preston Reed,36-45,Female,Stevenport,Kansas,Reason,Beauty,23105,53,10859.35,4,Cash,1087.7
BF01885,27-04-2024,Kaylee Martin,60+,Other,West Kenneth,Oregon,Movie,Clothing,30833,41,18191.47,4,Gift Card,2563.72
BF01886,02-08-2024,Richard Levy,26-35,Male,Port William,South Dakota,Heavy,Electronics,43503,70,13050.9,1,Debit Card,2738.32
BF01887,03-09-2024,Megan Pacheco,60+,Other,North Joseborough,South Dakota,Blood,Electronics,36194,33,24249.98,4,Credit Card,4277.26
BF01888,17-07-2024,Michelle Mendoza,26-35,Female,East Kathryn,Idaho,Oil,Beauty,47532,17,39451.56,4,Gift Card,2649.79
BF01889,11-05-2024,Tara Smith,46-60,Female,Nicoleville,Colorado,Remain,Electronics,13374,76,3209.76,2,Gift Card,607.69
BF01890,24-01-2024,Dr. Charles Ruiz,46-60,Female,Lake Michaelhaven,New York,Answer,Beauty,23045,29,16361.95,1,Gift Card,2366.88
BF01891,04-04-2024,Nathan Wells,26-35,Male,Danielchester,Nebraska,Account,Toys,22393,50,11196.5,1,Cash,1987.75
BF01892,07-01-2024,Sandra Vargas,46-60,Female,Mariahbury,Arizona,Into,Beauty,15027,67,4958.91,2,UPI,639.29
BF01893,30-12-2023,Jeffrey Humphrey,46-60,Other,Wrightmouth,Illinois,It,Electronics,9600,66,3264,1,Credit Card,345.36
BF01894,10-10-2024,Regina Knight,60+,Male,South Margaret,Nevada,About,Beauty,26553,78,5841.66,2,Cash,570.92
BF01895,26-03-2024,Lori Mason,60+,Other,East Kylebury,Kentucky,Democrat,Toys,877,44,491.12,4,Gift Card,44.5
BF01896,09-07-2024,Greg Parker,26-35,Male,North Ashley,Florida,Ball,Toys,23906,18,19602.92,1,Gift Card,4780.64
BF01897,17-06-2024,Melissa Evans,18-25,Male,Lake Kristin,Nebraska,So,Clothing,15534,49,7922.34,2,Credit Card,399.61
BF01898,16-12-2023,Michele Evans,60+,Female,New Paulmouth,Delaware,Wall,Electronics,42494,58,17847.48,3,Credit Card,2680.44
BF01899,08-02-2024,Mr. Andrew Williamson,26-35,Other,East Samuel,Florida,Here,Toys,3274,28,2357.28,2,Gift Card,437.91
BF01900,16-04-2024,Ashley Peterson,36-45,Other,Lawrenceshire,South Dakota,Themselves,Electronics,18863,55,8488.35,3,UPI,1503.77
BF01901,16-02-2024,Vanessa Johnson,46-60,Male,New Cynthiamouth,Nevada,Science,Home Appliances,41859,41,24696.81,2,Credit Card,4471.1
BF01902,09-11-2023,Casey Burns,36-45,Female,Jacksonborough,Arkansas,Friend,Toys,28977,24,22022.52,4,Cash,2483.47
BF01903,26-06-2024,Krista Sanders,60+,Female,Brownmouth,Montana,Race,Electronics,6858,52,3291.84,4,Debit Card,407.44
BF01904,29-11-2023,Joanna Hall,36-45,Other,Coltonbury,Missouri,Hundred,Electronics,36512,18,29939.84,2,Credit Card,2668.76
BF01905,07-01-2024,Brian Levine,46-60,Other,Amandafort,Colorado,Forget,Home Appliances,10525,17,8735.75,4,Credit Card,1257.82
BF01906,31-10-2023,Brandon Wade,60+,Male,Penachester,New Jersey,Sometimes,Sports,29816,69,9242.96,2,Debit Card,2237.06
BF01907,05-07-2024,Christopher Saunders,46-60,Male,Leefort,Tennessee,House,Toys,4381,45,2409.55,2,Credit Card,498.98
BF01908,10-10-2024,Robert Oliver,36-45,Female,North Johnland,Oklahoma,Side,Toys,1571,35,1021.15,4,UPI,238.18
BF01909,18-10-2023,Edward Cummings,26-35,Other,Lauraborough,Illinois,Team,Beauty,15781,61,6154.59,3,Gift Card,834.89
BF01910,17-03-2024,Lisa Nguyen,36-45,Female,Alexandermouth,New Mexico,Box,Clothing,12400,52,5952,2,Gift Card,1070.89
BF01911,26-09-2024,Michael Robinson,46-60,Male,Stantonside,Washington,Film,Toys,42051,51,20604.99,3,Cash,4633.56
BF01912,29-07-2024,Rita Michael,18-25,Male,Port Robert,Minnesota,Past,Electronics,13949,61,5440.11,2,Debit Card,461.48
BF01913,04-01-2024,Alexis Patrick,26-35,Other,Mauricemouth,Maine,Down,Beauty,8292,23,6384.84,1,Gift Card,1077.07
BF01914,12-02-2024,Christopher Valdez,46-60,Male,Hollandburgh,Idaho,Talk,Clothing,42593,29,30241.03,4,UPI,3770.29
BF01915,11-09-2024,Anne Hawkins MD,46-60,Male,Medinatown,Mississippi,Project,Clothing,7292,54,3354.32,3,Cash,724.78
BF01916,11-01-2024,William Baxter,18-25,Other,East Deborah,Delaware,Laugh,Beauty,29963,62,11385.94,4,UPI,2735.25
BF01917,16-11-2023,Amanda Francis,18-25,Other,Kariberg,Utah,Join,Home Appliances,22924,40,13754.4,2,Gift Card,2170.68
BF01918,29-11-2023,Dr. Angela Smith,60+,Female,New Kendra,Oklahoma,Represent,Beauty,49371,42,28635.18,4,Gift Card,1908.14
BF01919,11-01-2024,Nichole Keith,36-45,Male,Mariochester,Oklahoma,Every,Clothing,39491,24,30013.16,3,Gift Card,4185.7
BF01920,16-02-2024,Paul Torres,26-35,Male,North Lauraville,North Dakota,Eight,Beauty,14468,17,12008.44,3,Cash,1379.08
BF01921,10-08-2024,Robert Harris,18-25,Female,New Joy,New Hampshire,Hair,Sports,40201,56,17688.44,2,Debit Card,2480.46
BF01922,03-03-2024,Daniel Jackson,18-25,Male,New Melinda,Arizona,Picture,Electronics,24820,15,21097,4,Gift Card,2181.32
BF01923,16-08-2024,Sherry Daugherty,26-35,Other,Terrimouth,Illinois,Time,Home Appliances,22793,13,19829.91,2,Gift Card,4409.77
BF01924,28-01-2024,Jennifer Marshall,18-25,Female,West Chad,Connecticut,Lose,Electronics,48664,56,21412.16,1,Debit Card,2010.42
BF01925,28-05-2024,Samantha Ward,46-60,Other,Port Danaville,West Virginia,Final,Clothing,47055,16,39526.2,4,Credit Card,3727.89
BF01926,08-02-2024,Luis Cowan,46-60,Female,South Cynthia,Minnesota,Eight,Toys,36960,22,28828.8,4,Cash,4859.18
BF01927,23-09-2024,Tammy Higgins,46-60,Other,Port Tiffany,Oregon,Well,Electronics,4792,29,3402.32,1,Credit Card,572.14
BF01928,24-04-2024,Zachary Smith,26-35,Other,Alexiston,Wyoming,Picture,Sports,15637,21,12353.23,1,UPI,1590.3
BF01929,19-07-2024,Samuel Peters,18-25,Other,Reedville,Kansas,Myself,Clothing,36678,52,17605.44,3,Gift Card,910.39
BF01930,14-04-2024,Christopher Wright,18-25,Male,Lake Andrew,Minnesota,Song,Electronics,45553,32,30976.04,2,Debit Card,2742.94
BF01931,28-01-2024,Carly Phillips,26-35,Female,East Ashley,North Carolina,Experience,Clothing,25242,61,9844.38,4,Debit Card,2135.01
BF01932,12-04-2024,Robyn King,46-60,Male,West Susanshire,Rhode Island,Develop,Electronics,17494,21,13820.26,1,Gift Card,3214.49
BF01933,04-10-2024,Shannon Moore,36-45,Male,South Jacob,New Jersey,Person,Electronics,29891,70,8967.3,4,Credit Card,1643.37
BF01934,28-12-2023,Glen Peterson,26-35,Female,Andreatown,Alabama,Coach,Sports,15743,33,10547.81,4,UPI,1135.81
BF01935,29-01-2024,Ellen Phillips,60+,Male,New Shariview,Montana,Lay,Sports,16496,39,10062.56,1,Gift Card,1669.75
BF01936,29-11-2023,Paul Whitaker,36-45,Male,East Steven,Maryland,Place,Electronics,17548,70,5264.4,1,Credit Card,1213.18
BF01937,18-07-2024,Courtney Wheeler,60+,Other,Thomasview,Utah,President,Electronics,33233,60,13293.2,4,Cash,2416.16
BF01938,23-11-2023,Randall Stokes,46-60,Female,East Leslieberg,Utah,Play,Home Appliances,28859,39,17603.99,1,Cash,2454.22
BF01939,19-09-2024,Theresa Thompson,18-25,Other,East Marcus,New Jersey,Until,Electronics,15237,23,11732.49,3,Credit Card,1046.51
BF01940,08-01-2024,Jeffrey Bender,60+,Female,South Alexanderstad,Illinois,Fire,Home Appliances,7126,15,6057.1,1,Cash,1425.45
BF01941,09-11-2023,Stephanie Atkinson,46-60,Female,East Francisco,Georgia,Suggest,Clothing,45256,50,22628,3,Debit Card,4446.27
BF01942,01-09-2024,Rachel Bell,46-60,Male,North Davidtown,New Mexico,Discussion,Sports,48569,30,33998.3,3,Gift Card,2959.84
BF01943,15-03-2024,Derek Fuller,46-60,Male,Matthewville,Arkansas,Bag,Beauty,20308,37,12794.04,2,UPI,688.66
BF01944,27-08-2024,Jason Johnson,36-45,Other,Lake Renee,West Virginia,Evidence,Toys,23974,68,7671.68,4,Cash,1184.34
BF01945,15-10-2023,Jeffrey Weiss,26-35,Female,Victoriahaven,Oklahoma,Street,Electronics,7338,51,3595.62,1,Debit Card,317
BF01946,29-01-2024,Carol Burns,46-60,Male,Woodbury,Georgia,Life,Toys,11218,25,8413.5,1,Credit Card,631.88
BF01947,22-05-2024,Kristen Guzman,46-60,Female,West Elizabeth,Delaware,Send,Home Appliances,6629,20,5303.2,4,Credit Card,1247.16
BF01948,08-05-2024,Paul Jones,46-60,Female,New Melissa,Kansas,Floor,Home Appliances,3016,68,965.12,1,Debit Card,97.04
BF01949,30-04-2024,Rebecca Gardner,26-35,Male,Ayersmouth,Florida,Campaign,Clothing,46657,57,20062.51,3,Credit Card,3666.22
BF01950,30-05-2024,Tammy Price,60+,Other,Lake Kylie,Nevada,Speak,Beauty,30352,60,12140.8,4,Credit Card,2539.27
BF01951,22-04-2024,Kristin Williams,60+,Male,Matthewchester,Tennessee,Trouble,Electronics,39860,75,9965,1,Cash,2373.11
BF01952,24-10-2023,Cindy Coleman,46-60,Female,Osbornefort,Indiana,Goal,Toys,16404,45,9022.2,4,Debit Card,1427.3
BF01953,24-05-2024,Renee Stein,60+,Female,Maureenmouth,Wisconsin,Not,Toys,11318,79,2376.78,1,Gift Card,531.18
BF01954,22-05-2024,Anna Obrien,18-25,Female,Kingland,Nebraska,Half,Home Appliances,34963,72,9789.64,3,Gift Card,673.96
BF01955,04-06-2024,Shannon Jimenez,26-35,Other,Port Malloryhaven,Illinois,Everyone,Clothing,42427,60,16970.8,1,Gift Card,2811.34
BF01956,16-10-2023,Jessica Fox,46-60,Other,West John,Wisconsin,Through,Beauty,19819,55,8918.55,2,Gift Card,451.93
BF01957,12-12-2023,Monica Franklin,46-60,Other,West Staceychester,North Dakota,When,Beauty,23644,16,19860.96,4,Credit Card,4759.35
BF01958,20-03-2024,Dominique Peck,26-35,Male,North Robert,South Dakota,Land,Beauty,1133,64,407.88,3,Credit Card,90.13
BF01959,22-11-2023,Kimberly Little,36-45,Female,Port Frederick,Pennsylvania,Local,Sports,26137,21,20648.23,2,UPI,2959.28
BF01960,15-12-2023,Ryan Warren,36-45,Female,Carterborough,New Jersey,Include,Sports,45320,28,32630.4,2,Cash,1716.11
BF01961,21-11-2023,Randy Woods,26-35,Male,Pattersonberg,Pennsylvania,Measure,Clothing,33960,38,21055.2,3,Gift Card,2516.57
BF01962,01-11-2023,Robert Scott,18-25,Other,Heidiborough,Massachusetts,Close,Sports,16274,21,12856.46,3,Debit Card,1043.38
BF01963,12-03-2024,Daniel Johns,36-45,Male,Scottport,Idaho,Discuss,Sports,46147,20,36917.6,3,UPI,6988.34
BF01964,19-06-2024,Omar Garcia,46-60,Female,South Yeseniafort,Tennessee,First,Home Appliances,38301,51,18767.49,3,Cash,2286.71
BF01965,31-08-2024,Gabrielle Barry,36-45,Male,New Veronica,Minnesota,Find,Electronics,20874,37,13150.62,4,Debit Card,886.48
BF01966,14-05-2024,Casey Jacobs,26-35,Other,New Denisefurt,Michigan,Sister,Home Appliances,36071,73,9739.17,2,Credit Card,923.37
BF01967,08-07-2024,Beth Skinner,46-60,Female,Juliashire,Washington,Less,Beauty,9150,76,2196,4,Credit Card,161.65
BF01968,02-04-2024,Christopher Foster,36-45,Female,Shirleybury,New Mexico,Scientist,Clothing,6194,58,2601.48,1,UPI,515.45
BF01969,04-10-2024,Christopher Ray,36-45,Female,Lake Melissaport,New Hampshire,Help,Home Appliances,31518,20,25214.4,3,UPI,5599.99
BF01970,09-02-2024,Ryan Brewer,60+,Female,Anthonyside,California,Anything,Home Appliances,26975,10,24277.5,3,UPI,5581.79
BF01971,13-12-2023,Kevin Davis Jr.,46-60,Other,Jeremyshire,New Jersey,Learn,Clothing,2528,55,1137.6,4,Debit Card,252.31
BF01972,17-10-2023,Catherine Brown,26-35,Female,New Cynthiaton,Connecticut,Official,Sports,14887,54,6848.02,3,Cash,531.14
BF01973,14-06-2024,Laura Rich MD,26-35,Female,North Deborahborough,New York,Ago,Electronics,47944,50,23972,1,Credit Card,1889.33
BF01974,10-03-2024,Andrew Campbell,18-25,Female,Bryantmouth,Georgia,Available,Electronics,38486,38,23861.32,3,Gift Card,3771.7
BF01975,04-03-2024,Stephen Cooper,18-25,Male,Lake Chrisbury,Virginia,Land,Sports,48243,13,41971.41,3,Debit Card,6571.07
BF01976,06-06-2024,Kevin Walker,60+,Male,East Michael,Utah,Chair,Beauty,3454,33,2314.18,2,Debit Card,459.51
BF01977,14-04-2024,Gabriel Harding,46-60,Other,Marissahaven,Pennsylvania,Read,Home Appliances,15573,46,8409.42,2,Gift Card,1577.15
BF01978,09-01-2024,William Ewing,46-60,Male,Bankschester,Georgia,Mention,Beauty,38181,19,30926.61,3,Credit Card,6405.4
BF01979,20-11-2023,Stephen Young,18-25,Male,Michaelmouth,New York,Above,Home Appliances,47196,20,37756.8,1,Cash,2009.39
BF01980,03-12-2023,Dr. Anthony Hensley,46-60,Female,North John,Montana,Decide,Toys,20850,25,15637.5,4,Cash,1817.1
BF01981,16-10-2023,Joshua Cain,60+,Male,Port Wendy,Maryland,Many,Electronics,5460,61,2129.4,2,Gift Card,349.09
BF01982,15-01-2024,Deborah Mayer,60+,Female,Gregorymouth,Utah,Near,Home Appliances,44054,33,29516.18,3,Debit Card,2337.19
BF01983,02-06-2024,Mrs. Tammy Mann,26-35,Female,Matthewsport,Colorado,Best,Beauty,21313,17,17689.79,1,Cash,2497.62
BF01984,15-08-2024,Dylan Martinez,26-35,Female,New Nathanielstad,Missouri,Top,Toys,23842,42,13828.36,1,Cash,1114.99
BF01985,06-04-2024,Jacob Williamson,46-60,Female,Jasonmouth,Maine,Summer,Toys,20924,34,13809.84,1,Gift Card,1678.3
BF01986,14-01-2024,Matthew Richardson,60+,Female,Wardbury,Tennessee,Town,Home Appliances,605,59,248.05,3,Credit Card,43.15
BF01987,22-08-2024,Matthew Wright Jr.,46-60,Female,West Scottmouth,Iowa,Produce,Sports,1165,11,1036.85,1,UPI,102.9
BF01988,29-09-2024,Patrick Mcclure,18-25,Other,Hillmouth,Texas,Right,Sports,45176,62,17166.88,1,Gift Card,4287.2
BF01989,19-06-2024,Amy Jenkins,36-45,Female,Jorgestad,Missouri,Degree,Electronics,29147,32,19819.96,3,Debit Card,3195.96
BF01990,17-06-2024,Robert Miller,26-35,Other,New Elizabeth,Louisiana,Full,Clothing,7394,55,3327.3,2,Gift Card,182.93
BF01991,08-11-2023,Mr. Jeffrey Wilson,46-60,Male,Rachelfurt,Wisconsin,Adult,Clothing,43932,73,11861.64,4,UPI,2265.55
BF01992,30-04-2024,Paul Davidson,36-45,Other,West Kenneth,New Jersey,Executive,Toys,3032,56,1334.08,1,Debit Card,286.67
BF01993,25-01-2024,Samantha Rodriguez,60+,Other,East Clifford,Missouri,Friend,Clothing,45034,25,33775.5,1,Debit Card,6544.62
BF01994,17-01-2024,Sarah Alvarez,26-35,Other,Brandonmouth,Michigan,Three,Toys,44364,36,28392.96,2,Debit Card,2708.13
BF01995,23-12-2023,Michele Hudson,36-45,Male,New Rebeccastad,Kansas,Arm,Clothing,44779,35,29106.35,3,Cash,5025.52
BF01996,15-02-2024,David Hendricks,36-45,Female,Braunville,Idaho,Show,Sports,37402,49,19075.02,4,Credit Card,2227.6
BF01997,23-05-2024,Erica Miller,60+,Female,Annetteshire,Washington,Dark,Clothing,17632,26,13047.68,2,Gift Card,1418.34
BF01998,18-12-2023,Christine Thompson,18-25,Other,Markmouth,Oregon,His,Home Appliances,21163,66,7195.42,1,Cash,868.35
BF01999,19-02-2024,Spencer Anderson,26-35,Male,Rebekahland,Idaho,Pm,Electronics,35375,34,23347.5,1,UPI,3433.2
BF02000,22-08-2024,Jonathan Valentine,60+,Other,Gardnermouth,Ohio,Seek,Clothing,4364,62,1658.32,2,Cash,140.4
BF02001,21-12-2023,Jennifer Boone,18-25,Male,Lake Cheyennestad,Florida,Practice,Home Appliances,25890,54,11909.4,1,Gift Card,2405.26
BF02002,27-10-2023,Gary Brown,18-25,Female,Nicholsonhaven,Delaware,Itself,Clothing,44867,18,36790.94,3,UPI,8633.5
BF02003,18-08-2024,Jay Cooper,36-45,Female,Barnettborough,Alabama,During,Sports,39015,63,14435.55,2,Debit Card,3535.27
BF02004,20-06-2024,Samantha Bishop,18-25,Female,Janemouth,South Carolina,Professor,Sports,18936,39,11550.96,4,Credit Card,712.94
BF02005,02-04-2024,Thomas Simmons,26-35,Male,Valenzuelaton,Iowa,Enough,Home Appliances,39168,21,30942.72,2,Debit Card,1885.33
BF02006,06-01-2024,Jennifer Murray,36-45,Other,South John,Nebraska,Player,Toys,44453,58,18670.26,4,Credit Card,1412.59
BF02007,04-10-2024,Amber Singleton,26-35,Other,Jodyshire,South Dakota,Meeting,Beauty,31759,34,20960.94,3,Cash,3202.19
BF02008,23-09-2024,Tina Payne,26-35,Male,Patelside,Wyoming,Experience,Beauty,13780,63,5098.6,1,Cash,1116.14
BF02009,02-11-2023,Alicia Romero,46-60,Other,Markburgh,Washington,Appear,Electronics,23540,78,5178.8,3,Cash,976.85
BF02010,03-08-2024,Dylan Huffman,46-60,Other,East Susanfort,Connecticut,Wife,Clothing,8897,61,3469.83,4,UPI,312.22
BF02011,11-09-2024,Daniel Hill,46-60,Female,Seanshire,Maine,Require,Toys,43754,52,21001.92,1,Cash,2275.94
BF02012,27-02-2024,David Reyes,36-45,Other,Edwardsview,Montana,Better,Sports,46872,70,14061.6,4,Credit Card,2087.8
BF02013,18-09-2024,Sandra Collins,60+,Other,Milesshire,Maryland,Pretty,Toys,28996,65,10148.6,1,UPI,635.95
BF02014,25-03-2024,Crystal Torres,46-60,Other,North Kayla,New Hampshire,Issue,Beauty,24875,71,7213.75,1,Gift Card,681.29
BF02015,29-03-2024,Sara Jones,26-35,Other,Collinsstad,Arizona,Cost,Toys,28593,25,21444.75,1,Cash,1276.02
BF02016,27-04-2024,Paul Smith,60+,Other,Marialand,New Mexico,Student,Electronics,30780,33,20622.6,3,Debit Card,4200.48
BF02017,11-06-2024,Marissa Wells,26-35,Other,South Craigton,Kansas,Wind,Toys,8576,28,6174.72,4,UPI,895.73
BF02018,13-04-2024,Jesse Kent,60+,Other,Saraville,Virginia,Prepare,Toys,1771,26,1310.54,2,Debit Card,215.68
BF02019,05-01-2024,Bryan Haney,36-45,Male,Judychester,New Hampshire,Sister,Beauty,31922,47,16918.66,1,Credit Card,3743.84
BF02020,02-05-2024,Tanner Mckee,60+,Other,Maryport,Arkansas,Those,Toys,40649,31,28047.81,4,UPI,3872.45
BF02021,21-11-2023,Kelly Mcdonald,36-45,Male,Lake Shaunmouth,West Virginia,Western,Toys,48391,72,13549.48,4,Debit Card,2597.88
BF02022,08-05-2024,Susan Lewis,18-25,Female,Reevesmouth,North Carolina,Manager,Sports,36029,78,7926.38,3,Credit Card,1150.07
BF02023,15-05-2024,Walter Cantu,46-60,Other,Greenberg,Louisiana,Method,Home Appliances,10608,23,8168.16,4,Debit Card,811.07
BF02024,07-12-2023,Jessica Martinez,60+,Female,South Randallchester,Michigan,Cost,Clothing,45340,65,15869,4,Gift Card,1344.36
BF02025,21-01-2024,Jennifer Powers,18-25,Male,Silvaside,Florida,Environment,Clothing,8596,63,3180.52,3,Cash,352.73
BF02026,21-01-2024,Eric Martinez,26-35,Male,East Tracy,Virginia,No,Beauty,49128,39,29968.08,2,Debit Card,5245.87
BF02027,05-10-2024,Alexis Robinson,26-35,Female,Richardview,Rhode Island,Two,Sports,41079,47,21771.87,4,Credit Card,1118.65
BF02028,29-03-2024,Taylor Cabrera,46-60,Male,Josetown,Nevada,Different,Clothing,13039,31,8996.91,3,UPI,791.85
BF02029,28-05-2024,Dawn Anderson,60+,Male,Chadberg,Colorado,Member,Home Appliances,10104,76,2424.96,3,Gift Card,371.07
BF02030,15-12-2023,Barry Norton,46-60,Male,Karaport,Idaho,Mind,Clothing,47163,47,24996.39,1,Credit Card,3945.09
BF02031,21-04-2024,Kristen Nelson,46-60,Other,New Josephshire,Kansas,Message,Electronics,18532,49,9451.32,2,Gift Card,2045.05
BF02032,09-11-2023,Rachel Wright,46-60,Female,Daltonside,Nebraska,Consumer,Home Appliances,19555,69,6062.05,2,Cash,763.2
BF02033,09-09-2024,David Holloway,60+,Male,Pamelafort,Nebraska,Hard,Beauty,45140,43,25729.8,4,Debit Card,2715.6
BF02034,22-06-2024,Jasmine Landry,26-35,Male,Colemanshire,New Hampshire,Walk,Toys,41228,16,34631.52,1,Debit Card,4536.39
BF02035,22-03-2024,Erik Thompson,26-35,Female,West Curtischester,Texas,Blood,Beauty,35536,20,28428.8,3,Cash,4032.41
BF02036,05-04-2024,Donna Moore,46-60,Male,Jasonstad,New York,Impact,Toys,17426,60,6970.4,2,UPI,926.19
BF02037,07-12-2023,Joseph Myers,18-25,Female,West Michael,Florida,Current,Clothing,13218,20,10574.4,1,UPI,1439.15
BF02038,29-09-2024,Bryan Owens,18-25,Other,North Karenstad,Virginia,Somebody,Toys,40991,62,15576.58,2,UPI,2490.62
BF02039,06-01-2024,Kristina Duffy,18-25,Male,Port Trevormouth,Arkansas,Ball,Sports,9512,21,7514.48,4,Credit Card,1666.21
BF02040,10-01-2024,Anna Parker,36-45,Other,Andersonmouth,Oregon,Receive,Sports,34849,49,17772.99,3,Gift Card,1673.55
BF02041,04-01-2024,Kara Ford,46-60,Female,East Catherine,Ohio,Answer,Home Appliances,12360,34,8157.6,2,Cash,694.18
BF02042,31-07-2024,Stephanie Rodriguez,26-35,Female,Lake Debra,Tennessee,Bar,Home Appliances,6742,72,1887.76,3,UPI,317.91
BF02043,08-06-2024,Valerie Buchanan,60+,Male,Jacksonfurt,Iowa,White,Sports,14457,64,5204.52,4,Credit Card,907.14
BF02044,29-09-2024,Barbara Jones,46-60,Female,Melissafurt,Minnesota,Receive,Electronics,42375,18,34747.5,3,Debit Card,6673.55
BF02045,03-11-2023,Zoe Flores,60+,Male,New Jonathan,Louisiana,Claim,Beauty,21366,11,19015.74,4,UPI,1031.77
BF02046,09-05-2024,Brendan Stewart,36-45,Other,Danielmouth,South Carolina,It,Beauty,45640,54,20994.4,1,UPI,2049.16
BF02047,24-05-2024,Brooke Griffin,26-35,Male,South Brianmouth,Texas,Four,Home Appliances,27557,31,19014.33,3,Gift Card,3527.11
BF02048,24-04-2024,Amanda Larson,60+,Female,Christinafurt,Georgia,Professor,Toys,25184,33,16873.28,4,Credit Card,2688.17
BF02049,08-03-2024,Barbara Black,36-45,Male,West Katherineborough,Nebraska,Hospital,Electronics,36792,70,11037.6,4,UPI,824.3
BF02050,21-04-2024,Kim Rice,60+,Other,Williamfurt,Alabama,No,Electronics,41446,12,36472.48,2,Credit Card,3190.17
BF02051,31-03-2024,Larry George,36-45,Male,New Jesushaven,North Carolina,Do,Sports,43712,37,27538.56,3,Credit Card,2984.58
BF02052,11-05-2024,Ashley French,60+,Female,South Robertfurt,Iowa,Yes,Toys,1609,47,852.77,2,Credit Card,99.57
BF02053,14-12-2023,Anthony Martin,60+,Female,Port John,Illinois,Image,Electronics,4010,36,2566.4,3,Gift Card,603.3
BF02054,09-05-2024,Jamie Roy,46-60,Female,Ericfort,Utah,Well,Toys,38628,22,30129.84,1,Cash,4255.64
BF02055,05-11-2023,Ashley Cole,18-25,Female,Hollyville,Maryland,Another,Toys,21470,39,13096.7,2,Cash,1356.5
BF02056,11-01-2024,Maria Harmon,18-25,Other,Stephenport,Arizona,Southern,Toys,40170,10,36153,4,UPI,8029.48
BF02057,22-05-2024,Meredith Wells,36-45,Female,Joneshaven,Michigan,Enough,Clothing,2178,10,1960.2,3,Cash,313.14
BF02058,23-08-2024,Sydney Williams,18-25,Male,East Garyfurt,Nebraska,Road,Sports,10460,30,7322,2,Gift Card,760.14
BF02059,11-11-2023,Amanda Howard,26-35,Male,North Jonathon,Nevada,Beyond,Sports,22990,22,17932.2,4,Cash,3582.4
BF02060,05-06-2024,Allen Abbott,26-35,Other,Torresport,South Carolina,Current,Electronics,30103,67,9933.99,4,UPI,1058.75
BF02061,13-12-2023,Bradley Irwin,60+,Male,West Richard,Florida,Young,Clothing,33035,55,14865.75,4,UPI,1389.51
BF02062,05-08-2024,Vanessa Young,18-25,Male,Alecberg,Pennsylvania,Experience,Sports,45784,22,35711.52,3,Cash,8756.06
BF02063,30-06-2024,Dr. Kelly Sloan MD,46-60,Female,Lake Jamesmouth,Georgia,Amount,Electronics,44056,63,16300.72,1,UPI,3186.85
BF02064,02-12-2023,Tamara Kerr,26-35,Male,Johnmouth,Oregon,Fight,Electronics,20431,44,11441.36,2,Credit Card,1902.19
BF02065,02-02-2024,Jessica Larsen,36-45,Other,Andreachester,South Carolina,Possible,Clothing,16350,22,12753,2,Credit Card,2028.91
BF02066,02-11-2023,Susan Rodriguez,26-35,Female,Cheryltown,Maryland,Employee,Home Appliances,30150,54,13869,3,Cash,2080.89
BF02067,17-02-2024,Brandon Clark,60+,Other,New Angel,Montana,Note,Home Appliances,7762,47,4113.86,1,Cash,208.9
BF02068,22-01-2024,Katie Reed,60+,Male,Port Richardtown,Ohio,Finally,Clothing,22852,46,12340.08,4,UPI,740.06
BF02069,15-12-2023,Bobby Wilson,46-60,Female,Rodriguezport,Ohio,Cause,Sports,44166,31,30474.54,2,UPI,2842.2
BF02070,11-01-2024,Eric Horton,26-35,Other,New Sarahside,Indiana,Company,Toys,7919,47,4197.07,3,Debit Card,839.4
BF02071,22-01-2024,Jesse Dickson,36-45,Other,West Sarashire,Maine,After,Home Appliances,6525,30,4567.5,2,Cash,992.84
BF02072,18-07-2024,Emily Poole,46-60,Female,Anthonyton,Arkansas,Moment,Clothing,29197,23,22481.69,2,Cash,2975.48
BF02073,09-08-2024,Sarah Johnson,36-45,Female,Christopherberg,Colorado,Along,Beauty,38013,76,9123.12,4,Credit Card,994.53
BF02074,10-04-2024,Elizabeth Thompson,36-45,Male,Lake Andrea,New Jersey,Voice,Beauty,40589,43,23135.73,1,UPI,4141.87
BF02075,11-09-2024,David Walker,46-60,Female,North Phillip,Massachusetts,Wait,Toys,3819,16,3207.96,2,Credit Card,586.54
BF02076,30-07-2024,Michael Thompson,46-60,Female,Zacharyburgh,Utah,Day,Home Appliances,5551,79,1165.71,1,Gift Card,185.61
BF02077,10-01-2024,Linda Cummings,36-45,Male,Lake Angelashire,Ohio,Huge,Clothing,31920,29,22663.2,2,Credit Card,1290.96
BF02078,26-07-2024,John Phillips Jr.,46-60,Male,South Brandon,Connecticut,Series,Electronics,46162,77,10617.26,3,Gift Card,902.57
BF02079,04-07-2024,Melissa Day,36-45,Female,Port Calebton,Indiana,View,Home Appliances,15050,71,4364.5,3,Cash,652.42
BF02080,09-05-2024,Benjamin Miles,46-60,Male,Allisonhaven,Nebraska,Partner,Sports,38716,69,12001.96,1,UPI,1096.07
BF02081,04-04-2024,Angela Lewis,36-45,Female,New Angela,West Virginia,Bag,Toys,14486,47,7677.58,2,Credit Card,1196.5
BF02082,23-10-2023,Jessica Roberts,36-45,Female,North Gilbertshire,Kentucky,Start,Beauty,20483,65,7169.05,2,Credit Card,601.67
BF02083,03-03-2024,Dr. Melissa Holt,18-25,Other,South Johnfort,Maine,Citizen,Home Appliances,2515,60,1006,2,Debit Card,199.51
BF02084,09-02-2024,Brian Harris,36-45,Male,Smithborough,Minnesota,Ask,Electronics,16965,70,5089.5,2,Gift Card,729.64
BF02085,15-09-2024,Courtney Patterson,36-45,Female,Kellyhaven,Wisconsin,Nice,Electronics,18497,44,10358.32,3,Gift Card,908.66
BF02086,07-05-2024,Phillip Ferguson,60+,Male,Paulfort,Oklahoma,Scientist,Beauty,8532,50,4266,4,Gift Card,970.81
BF02087,24-07-2024,Austin Thompson,26-35,Male,Lake Paulshire,Alabama,Common,Home Appliances,27084,46,14625.36,4,Gift Card,2167.85
BF02088,11-04-2024,Joel Hodges,46-60,Male,Ericaburgh,Florida,Agency,Home Appliances,6615,23,5093.55,1,Gift Card,823.58
BF02089,22-05-2024,Alyssa Carroll,46-60,Male,New Hunter,Mississippi,Always,Clothing,49063,15,41703.55,1,UPI,6321.02
BF02090,25-06-2024,Robert Lyons,26-35,Male,West Davidton,Minnesota,Could,Electronics,48430,32,32932.4,2,Debit Card,2123.38
BF02091,04-11-2023,Tammy Hill,26-35,Female,Port Charlesside,Missouri,Note,Clothing,11718,41,6913.62,1,Cash,1650.7
BF02092,18-12-2023,Denise Mcbride,46-60,Male,Connormouth,Arkansas,Ahead,Home Appliances,30646,29,21758.66,1,Debit Card,5024.5
BF02093,22-10-2023,Chad Daniels,18-25,Other,Briggsberg,Wisconsin,Quality,Beauty,1076,50,538,4,Gift Card,58.95
BF02094,02-09-2024,Sara Walls,18-25,Female,West Danielle,Florida,Them,Clothing,17542,31,12103.98,1,Credit Card,724.68
BF02095,19-10-2023,Toni Fox,36-45,Other,Courtneyfurt,Connecticut,Our,Clothing,1492,49,760.92,1,Cash,129.57
BF02096,13-08-2024,Kelsey Fitzpatrick,36-45,Other,Lake Deborahtown,Alabama,Water,Electronics,24724,30,17306.8,3,UPI,1390.55
BF02097,05-08-2024,Alison Garcia,46-60,Female,North Patrickland,Virginia,Lose,Beauty,1443,73,389.61,2,Debit Card,21.04
BF02098,23-06-2024,Karen West,26-35,Female,Port Jenniferfort,Maine,Who,Home Appliances,49090,73,13254.3,1,Credit Card,1375.99
BF02099,24-06-2024,Sandra Stone,18-25,Male,Cheyennetown,New Mexico,Ability,Electronics,45554,47,24143.62,2,Cash,3064.32
BF02100,09-07-2024,Shelia Whitehead,60+,Male,New Ian,Florida,Bit,Home Appliances,20523,72,5746.44,3,Cash,1174.99
BF02101,12-09-2024,Megan Lane,60+,Other,Crystalchester,Kansas,You,Home Appliances,14266,79,2995.86,1,Cash,319.77
BF02102,09-06-2024,Jeffrey Peterson,26-35,Male,Mandyville,New Hampshire,Toward,Home Appliances,41148,15,34975.8,1,Cash,6325.43
BF02103,25-12-2023,Christopher Schwartz,18-25,Male,Port Kevin,Iowa,Certain,Clothing,5278,63,1952.86,1,UPI,399.98
BF02104,27-11-2023,Todd Martinez,18-25,Male,Lake Jason,Maine,Sign,Electronics,2037,18,1670.34,3,Credit Card,117.33
BF02105,01-05-2024,Joanna Thomas,46-60,Male,East Davidton,Hawaii,Throw,Clothing,18772,59,7696.52,4,Cash,1088.05
BF02106,16-07-2024,Eric Berry,36-45,Other,Watkinsborough,Tennessee,Thing,Toys,44256,23,34077.12,2,Debit Card,5988.49
BF02107,13-02-2024,Amy Thomas,46-60,Other,Andrewston,Wisconsin,Name,Home Appliances,40904,33,27405.68,3,UPI,3616.67
BF02108,12-10-2023,Michael Clark,60+,Other,Port Virginiaburgh,New Mexico,Agent,Sports,18446,35,11989.9,1,Cash,2236.98
BF02109,12-06-2024,Justin Dillon,46-60,Male,South Jerryport,Arizona,Hand,Beauty,49361,73,13327.47,1,Debit Card,1665.7
BF02110,15-03-2024,Samuel Burns,60+,Other,Anthonyburgh,New York,Test,Sports,38174,69,11833.94,1,Credit Card,1610.17
BF02111,23-10-2023,James Cox,18-25,Female,Michaelview,Kentucky,Safe,Sports,19740,67,6514.2,2,Credit Card,1480.04
BF02112,20-04-2024,Madeline Jenkins,60+,Male,Martinezberg,Georgia,Lose,Sports,24316,63,8996.92,2,Debit Card,1488.77
BF02113,23-09-2024,Ronald Lopez,60+,Other,Port Elizabethmouth,Delaware,Use,Home Appliances,10374,41,6120.66,2,UPI,1485.38
BF02114,06-02-2024,Ronald Gray,60+,Female,West Lance,Nevada,Talk,Toys,22389,28,16120.08,4,Debit Card,1024.87
BF02115,24-03-2024,Anthony Austin,26-35,Female,Amychester,Louisiana,Create,Toys,16550,13,14398.5,4,UPI,1542.78
BF02116,06-11-2023,Lee Ruiz,36-45,Male,South Angelaside,Montana,Woman,Electronics,33511,33,22452.37,4,Credit Card,2446.36
BF02117,18-09-2024,Joseph Cox,46-60,Female,Solisshire,Georgia,Pressure,Home Appliances,49077,50,24538.5,2,UPI,2104.36
BF02118,05-07-2024,Amanda Garcia,26-35,Other,Grahamburgh,Arizona,Yes,Electronics,40116,29,28482.36,2,Cash,3188.76
BF02119,31-07-2024,Michael Carney,60+,Female,Wardmouth,Ohio,Family,Toys,15272,42,8857.76,4,Credit Card,1033.43
BF02120,08-04-2024,Kathleen Potter,26-35,Male,Christopherfort,South Carolina,Already,Clothing,44406,54,20426.76,1,UPI,1768.73
BF02121,16-08-2024,Pamela Stuart,26-35,Male,Woodburgh,Arizona,Hit,Toys,25502,63,9435.74,2,Cash,1506.87
BF02122,28-03-2024,Maria Davis,18-25,Female,Ashleytown,Alabama,Simply,Toys,24895,43,14190.15,1,Debit Card,724.2
BF02123,28-11-2023,Christopher Martinez,60+,Male,Jenniferburgh,New York,It,Home Appliances,39928,67,13176.24,2,Credit Card,2711.48
BF02124,18-03-2024,Kenneth Bennett,36-45,Other,Port Cameron,Massachusetts,Heart,Electronics,39433,17,32729.39,3,Gift Card,4800.59
BF02125,28-07-2024,Danielle Vega,18-25,Male,Carlsonside,Maryland,Realize,Sports,19431,55,8743.95,3,Gift Card,1827.49
BF02126,25-08-2024,Christy Singleton,60+,Female,Sarahland,Tennessee,Lose,Clothing,7184,78,1580.48,4,Credit Card,290.3
BF02127,22-07-2024,David Thomas,60+,Male,Krausefurt,Iowa,Involve,Home Appliances,3785,55,1703.25,2,Gift Card,163.07
BF02128,17-05-2024,Kyle Jones,46-60,Other,Lake Megan,Oklahoma,Seat,Electronics,45334,31,31280.46,3,Credit Card,3279.38
BF02129,24-12-2023,Earl Martinez,46-60,Female,Morrisonton,Delaware,Trouble,Clothing,32652,27,23835.96,4,Debit Card,2686.89
BF02130,27-03-2024,Sara Howard,46-60,Male,East Kyletown,Utah,Probably,Clothing,47732,15,40572.2,4,UPI,8431.95
BF02131,01-01-2024,Alison Simmons,46-60,Female,Port Stephanie,Iowa,Believe,Toys,34581,74,8991.06,1,Credit Card,2199.06
BF02132,04-07-2024,Tara Thornton,26-35,Male,New Kirstenburgh,Texas,Term,Clothing,26820,11,23869.8,1,Gift Card,3058.5
BF02133,17-05-2024,Matthew Williams,18-25,Other,Adkinsside,Kentucky,Quality,Sports,11575,13,10070.25,4,Debit Card,1181.52
BF02134,27-06-2024,David Foley,18-25,Male,Wilcoxhaven,Minnesota,Evidence,Electronics,31312,68,10019.84,4,UPI,1851.37
BF02135,03-08-2024,Molly Tucker,36-45,Other,Thompsonland,South Carolina,Kid,Home Appliances,5763,17,4783.29,2,Gift Card,810.72
BF02136,27-09-2024,Phillip Nguyen,26-35,Male,East Anthony,New Jersey,Office,Toys,16373,39,9987.53,3,UPI,524.66
BF02137,15-08-2024,Joshua Campbell,60+,Other,East Kimberly,Michigan,College,Home Appliances,23322,26,17258.28,3,Debit Card,2580.81
BF02138,27-02-2024,Donna Wade,60+,Other,Benjaminchester,South Carolina,Involve,Electronics,36158,61,14101.62,2,Gift Card,1131.76
BF02139,02-06-2024,Mackenzie Hudson PhD,18-25,Female,Brittneyfurt,Oklahoma,Particular,Toys,5921,43,3374.97,3,Cash,306.34
BF02140,29-11-2023,Brittany Perez,46-60,Other,Port Elizabeth,Nebraska,Quality,Beauty,46194,49,23558.94,2,Cash,5847.27
BF02141,29-05-2024,Stephanie Henry,36-45,Other,Sanchezberg,Rhode Island,Several,Clothing,39457,14,33933.02,3,Cash,3994.57
BF02142,04-06-2024,Justin Wagner,26-35,Other,Port Angela,Iowa,Later,Clothing,34354,41,20268.86,4,Cash,4374.04
BF02143,27-08-2024,John Hoover,26-35,Other,Smithport,Nevada,Level,Toys,23162,28,16676.64,3,UPI,3440.42
BF02144,01-03-2024,Robert Knox,60+,Other,North Morgan,Delaware,Floor,Home Appliances,37655,16,31630.2,3,Credit Card,1607.75
BF02145,13-08-2024,Stephen Edwards,18-25,Other,Reedstad,Rhode Island,Week,Beauty,3710,77,853.3,3,Debit Card,71.9
BF02146,12-10-2023,Chad Vega Jr.,46-60,Male,Rogersport,Texas,Side,Beauty,2202,55,990.9,2,Debit Card,63.66
BF02147,06-08-2024,Adam Reid,18-25,Other,East Timothy,Minnesota,Color,Home Appliances,27867,24,21178.92,3,Debit Card,2929.08
BF02148,12-09-2024,Kenneth Mckay,26-35,Male,Michaeltown,Hawaii,She,Clothing,42103,69,13051.93,1,Cash,3158.09
BF02149,15-04-2024,Wesley Andrews,36-45,Other,Hernandezfort,Colorado,Worker,Clothing,7418,15,6305.3,3,Cash,459.96
BF02150,27-04-2024,Natasha Roberts,18-25,Other,Joneston,Wyoming,Approach,Clothing,23330,17,19363.9,3,Credit Card,2689.35
BF02151,09-10-2024,Ebony Stout,60+,Male,East Jennifer,Alaska,Those,Clothing,36729,68,11753.28,1,Gift Card,2154.4
BF02152,14-08-2024,Michael Lamb,18-25,Female,Fergusonland,Wyoming,Crime,Clothing,16947,27,12371.31,2,Credit Card,1274.26
BF02153,02-07-2024,Shannon Knight,46-60,Female,Barrytown,Missouri,Wonder,Toys,27045,66,9195.3,4,Cash,1559.33
BF02154,10-04-2024,Maxwell Ryan,36-45,Female,Sampsonmouth,Alaska,Quality,Toys,43119,22,33632.82,3,Credit Card,3485.1
BF02155,20-09-2024,Dylan Wilson,60+,Other,Vasquezmouth,Illinois,You,Toys,8251,42,4785.58,4,UPI,752.8
BF02156,29-11-2023,Michael Blankenship,36-45,Female,Sarahaven,Ohio,Set,Sports,49557,16,41627.88,1,Debit Card,8731.95
BF02157,31-01-2024,Jeffrey Delgado,36-45,Other,South Brenttown,Illinois,Bring,Electronics,23776,23,18307.52,1,Cash,1809.68
BF02158,29-12-2023,Shawn Stanley,60+,Other,Lake Jasmineville,North Dakota,Lot,Toys,36933,71,10710.57,3,Cash,2492.21
BF02159,15-12-2023,Richard Tucker,60+,Male,New Elizabeth,Nebraska,Certainly,Home Appliances,20829,33,13955.43,2,UPI,3228.87
BF02160,19-08-2024,Ashley Scott,60+,Female,East Joshua,Texas,Parent,Sports,26076,47,13820.28,4,UPI,1570.85
BF02161,01-03-2024,Tammie Jordan,26-35,Male,Shawview,Minnesota,Describe,Home Appliances,34283,64,12341.88,4,Cash,2429.17
BF02162,16-11-2023,Keith Hoffman Jr.,60+,Female,North Connor,Kansas,Nation,Home Appliances,26646,32,18119.28,2,Gift Card,1523.42
BF02163,07-05-2024,Anthony Sanchez,60+,Other,New Katherine,Montana,Realize,Sports,46347,55,20856.15,1,UPI,2662.73
BF02164,28-07-2024,Shawn Thompson,36-45,Female,North Michaelmouth,Pennsylvania,Weight,Beauty,49592,46,26779.68,1,Credit Card,6148.49
BF02165,02-02-2024,Charles Davis,18-25,Female,Lake Dennis,Louisiana,Outside,Electronics,26086,13,22694.82,4,Cash,5034.74
BF02166,31-07-2024,Perry Wolf,60+,Female,Johnsonview,New Jersey,Light,Electronics,6498,69,2014.38,3,Cash,500.73
BF02167,17-04-2024,William Dodson,26-35,Male,South Joshuaview,Alabama,Firm,Toys,10345,76,2482.8,2,Credit Card,238.64
BF02168,03-07-2024,James Taylor,36-45,Other,Reynoldstown,Nebraska,Worker,Sports,28335,41,16717.65,2,Debit Card,2491.29
BF02169,18-12-2023,Ms. Sarah Chen,26-35,Female,South Patrick,Wisconsin,Suffer,Clothing,4303,58,1807.26,3,Gift Card,121.81
BF02170,22-07-2024,Luis Green,46-60,Other,East Maryshire,Maine,Especially,Home Appliances,25241,49,12872.91,3,Gift Card,2764.35
BF02171,26-03-2024,Rachel Dennis,60+,Female,West Chris,Texas,Section,Clothing,45400,59,18614,2,Cash,1765.98
BF02172,10-07-2024,Christopher Carter,46-60,Female,Joshuaburgh,New Jersey,Build,Electronics,20514,46,11077.56,4,Gift Card,913.1
BF02173,06-09-2024,Kevin Bates,60+,Male,East Joann,Oklahoma,Daughter,Sports,42187,39,25734.07,1,UPI,4947.33
BF02174,22-01-2024,Trevor Knox,26-35,Other,Emilytown,Wyoming,Listen,Electronics,21516,67,7100.28,3,Gift Card,1458.09
BF02175,11-12-2023,Jerry Miller,18-25,Male,North Tammyhaven,Louisiana,Save,Sports,47399,20,37919.2,2,Gift Card,6361.43
BF02176,06-02-2024,Nicole Vargas,26-35,Female,North Charlotte,West Virginia,Debate,Beauty,24434,25,18325.5,3,Credit Card,2777.89
BF02177,03-01-2024,Alex Lang,18-25,Other,Port Jameston,West Virginia,Game,Sports,38742,13,33705.54,3,Debit Card,2714.15
BF02178,15-10-2023,William Payne,60+,Male,South Paul,Michigan,Method,Electronics,45629,52,21901.92,1,Credit Card,1968.4
BF02179,31-01-2024,Joseph Wagner,46-60,Female,Lake Anthony,Colorado,Join,Clothing,25095,78,5520.9,2,Cash,1278.8
BF02180,23-12-2023,Richard Frost,46-60,Female,North Bryan,New Hampshire,Letter,Home Appliances,588,41,346.92,2,UPI,42.16
BF02181,01-09-2024,Deborah Kelly,26-35,Other,Allenchester,North Dakota,Start,Home Appliances,16814,23,12946.78,3,UPI,1526.73
BF02182,05-07-2024,Kevin Jones,36-45,Other,West Lindsay,West Virginia,Education,Beauty,40533,48,21077.16,2,Gift Card,4388.6
BF02183,24-01-2024,Emily Warren,60+,Other,Lake William,Rhode Island,Now,Sports,16843,79,3537.03,4,UPI,787.98
BF02184,18-03-2024,Abigail Brown,36-45,Male,Lake Ashley,Vermont,Question,Beauty,36456,14,31352.16,2,Credit Card,2485.09
BF02185,09-07-2024,Christian Jones,36-45,Female,Port Devin,Minnesota,Visit,Electronics,40473,52,19427.04,4,Credit Card,4554.26
BF02186,16-06-2024,Bethany Reese,18-25,Female,East Michaelmouth,Oklahoma,Design,Beauty,43219,48,22473.88,3,Cash,5462.66
BF02187,19-12-2023,Daniel Houston,46-60,Other,Jacquelinetown,Wyoming,Meet,Home Appliances,25544,64,9195.84,1,Credit Card,1633.65
BF02188,18-04-2024,Laura West,18-25,Male,Perkinsland,Indiana,My,Toys,36935,32,25115.8,1,Debit Card,2955.03
BF02189,25-01-2024,Kevin Bauer,26-35,Other,New Anthony,New Jersey,Can,Toys,13966,20,11172.8,4,Credit Card,561.19
BF02190,20-06-2024,Jacob Smith,60+,Female,Deniseside,Michigan,Perhaps,Electronics,19547,44,10946.32,1,Credit Card,2563
BF02191,17-12-2023,Lynn Ewing,46-60,Female,Carrview,North Carolina,Interest,Home Appliances,11617,72,3252.76,1,Gift Card,347.12
BF02192,19-06-2024,Justin Klein,26-35,Male,Joshuafurt,Connecticut,Address,Beauty,8479,32,5765.72,3,Cash,694.75
BF02193,21-02-2024,Alexandria Schmidt,26-35,Male,Wintershaven,Pennsylvania,Movement,Clothing,31716,27,23152.68,3,Credit Card,4242.84
BF02194,09-01-2024,Michelle Blake,36-45,Other,South Shelia,Connecticut,Worker,Beauty,19736,49,10065.36,3,Gift Card,2091.58
BF02195,17-02-2024,Patricia Curry,26-35,Female,Veronicamouth,Minnesota,Well,Clothing,8294,62,3151.72,3,Cash,377.22
BF02196,19-06-2024,Robert Jones,46-60,Other,Chavezmouth,North Dakota,Budget,Sports,21291,33,14264.97,4,Cash,1697.3
BF02197,23-02-2024,Randall Bailey DDS,60+,Male,Chenberg,Illinois,Door,Home Appliances,47944,37,30204.72,1,Gift Card,4534.79
BF02198,09-01-2024,Christopher Tran,18-25,Male,Georgechester,West Virginia,Positive,Beauty,49281,55,22176.45,2,Cash,1253.62
BF02199,03-05-2024,Eric Johnson,18-25,Male,Lake Lisafurt,Colorado,Deal,Beauty,18843,56,8290.92,2,Credit Card,1453.66
BF02200,29-08-2024,Ariel Baker,36-45,Other,Jacquelinechester,Virginia,Camera,Home Appliances,27702,72,7756.56,2,Credit Card,866.15
BF02201,15-07-2024,Oscar Parker,46-60,Female,Leahborough,Texas,Play,Electronics,22820,71,6617.8,4,UPI,421.7
BF02202,22-04-2024,Anne Hall,18-25,Other,South Jessica,Maine,South,Electronics,10750,29,7632.5,3,Debit Card,1357.67
BF02203,06-04-2024,Carrie Smith,60+,Female,Ochoatown,New Hampshire,Form,Sports,44788,72,12540.64,2,UPI,1309.81
BF02204,19-04-2024,Carly Castaneda,36-45,Male,Mariashire,Arkansas,Else,Toys,31980,55,14391,3,UPI,2703.61
BF02205,24-07-2024,Allen Evans,26-35,Other,North Lori,Oklahoma,More,Sports,6308,63,2333.96,1,Debit Card,320.34
BF02206,18-11-2023,Rose Medina,46-60,Female,Teresaville,Florida,Yourself,Electronics,29382,54,13515.72,2,Debit Card,3229.15
BF02207,12-11-2023,Pedro Munoz,26-35,Male,Collinsland,Nebraska,Note,Sports,49621,20,39696.8,4,Credit Card,7738.21
BF02208,20-07-2024,Melanie Young,26-35,Other,North Christie,Colorado,Walk,Home Appliances,24956,45,13725.8,2,UPI,1284.08
BF02209,15-07-2024,Susan Johnson,36-45,Male,Kennethview,North Dakota,Everything,Toys,41875,25,31406.25,4,Debit Card,3715.83
BF02210,24-10-2023,Brenda Cobb,18-25,Female,Michelleborough,South Dakota,Garden,Electronics,47966,25,35974.5,3,Cash,6710.77
BF02211,15-08-2024,Bobby Boone,26-35,Male,Stricklandberg,North Carolina,Direction,Electronics,3588,21,2834.52,2,UPI,599.28
BF02212,02-02-2024,Kevin Paul,18-25,Male,New Shannon,Florida,Save,Beauty,18740,52,8995.2,3,Credit Card,2031.27
BF02213,22-06-2024,Tara Rodriguez,26-35,Other,Port Joshuabury,Utah,Test,Home Appliances,32392,17,26885.36,3,Credit Card,3995.65
BF02214,29-04-2024,Nancy Butler,26-35,Male,North Thomas,Minnesota,Top,Beauty,42879,55,19295.55,2,Cash,2217.24
BF02215,17-12-2023,Brenda Cuevas,26-35,Other,New Tim,Nebraska,Push,Electronics,12356,70,3706.8,3,Gift Card,430.39
BF02216,30-05-2024,Jerry Santana,36-45,Other,Floresside,Utah,Question,Beauty,17132,76,4111.68,3,Gift Card,865.76
BF02217,10-07-2024,Sarah Townsend,18-25,Other,Pattersonberg,New Jersey,Mission,Sports,7476,52,3588.48,3,Credit Card,723.96
BF02218,07-02-2024,Michael Williams,36-45,Female,Summersfurt,New York,Class,Home Appliances,20968,79,4403.28,3,Debit Card,845.62
BF02219,24-05-2024,Marcus Jones,36-45,Male,Kelseymouth,Michigan,Camera,Home Appliances,7174,38,4447.88,1,Debit Card,1074.7
BF02220,29-05-2024,Rachel Liu,36-45,Male,Keybury,Texas,Meet,Beauty,4413,10,3971.7,4,UPI,426.22
BF02221,01-06-2024,Jordan Harris,18-25,Other,Bellland,Arizona,Something,Home Appliances,40617,58,17059.14,1,Cash,2828.05
BF02222,13-09-2024,Daniel Flores,36-45,Male,Manningburgh,Oklahoma,Role,Toys,11270,68,3606.4,3,UPI,584.64
BF02223,05-06-2024,Michael Melton,26-35,Male,North Samantha,Maryland,Represent,Clothing,3665,65,1282.75,1,Cash,193.65
BF02224,25-07-2024,Kristine Roberson,18-25,Other,Codyfurt,Tennessee,Artist,Electronics,34433,10,30989.7,2,Cash,1776.46
BF02225,10-10-2024,Jennifer Campbell,18-25,Female,Milesfort,North Dakota,Piece,Sports,31423,67,10369.59,4,Gift Card,595.98
BF02226,27-11-2023,Bailey Collins,26-35,Male,Anamouth,New York,Feeling,Toys,21746,51,10655.54,3,Gift Card,1214.82
BF02227,21-12-2023,Luis Curry,60+,Male,South Frank,Ohio,Town,Electronics,19401,28,13968.72,1,Debit Card,2286.4
BF02228,26-01-2024,Kathleen Miller,18-25,Other,South Daniel,Connecticut,Begin,Home Appliances,17849,51,8746.01,3,Debit Card,1395.18
BF02229,06-09-2024,Jeanne Vasquez,18-25,Male,Ryanmouth,Texas,May,Beauty,26095,47,13830.35,2,Debit Card,3316.21
BF02230,29-11-2023,Christina Stout,60+,Male,Lake Kyleshire,Pennsylvania,Hotel,Beauty,23173,53,10891.31,2,UPI,2330.93
BF02231,14-01-2024,Rebecca Cochran,36-45,Male,Johnstad,Maryland,Mind,Electronics,22729,75,5682.25,2,Credit Card,1307.62
BF02232,16-10-2023,Jose Stokes,36-45,Other,Brittanymouth,New Jersey,Growth,Beauty,34934,75,8733.5,2,UPI,1883.69
BF02233,30-04-2024,John Scott,46-60,Other,Wareberg,Kentucky,Job,Electronics,22094,75,5523.5,4,Debit Card,883.51
BF02234,25-07-2024,John Shelton,46-60,Other,West Jeffery,Ohio,Medical,Toys,19354,12,17031.52,2,UPI,3819.95
BF02235,16-10-2023,Brooke Massey,26-35,Female,Maloneshire,Louisiana,Across,Toys,44381,36,28403.84,1,Debit Card,5661.88
BF02236,05-08-2024,Luis Lloyd,36-45,Other,Costaburgh,Kansas,Speech,Toys,20450,74,5317,1,Debit Card,983.33
BF02237,11-12-2023,Wayne Thompson,26-35,Other,Payneton,Maryland,Use,Electronics,42487,58,17844.54,1,Credit Card,1888.61
BF02238,29-09-2024,Kerry Smith,60+,Other,New Stephen,Massachusetts,Turn,Beauty,34518,43,19675.26,3,Gift Card,4676.43
BF02239,19-08-2024,Cynthia Tucker,18-25,Male,Matthewton,North Dakota,Way,Home Appliances,20832,58,8749.44,2,UPI,456.32
BF02240,13-05-2024,Vanessa Bailey,36-45,Female,Perkinsmouth,Alaska,Series,Sports,2935,52,1408.8,4,Debit Card,289.15
BF02241,15-03-2024,Faith Bernard,60+,Male,North Robert,Missouri,Many,Home Appliances,22068,11,19640.52,2,Gift Card,4435.55
BF02242,30-12-2023,Christopher Scott,18-25,Male,Ericstad,North Carolina,Subject,Electronics,29401,47,15582.53,3,Gift Card,3672.37
BF02243,10-05-2024,Jordan Giles,36-45,Female,West Stevenburgh,Nevada,Eye,Toys,24130,58,10134.6,1,Gift Card,638.54
BF02244,19-08-2024,Joseph Hicks,18-25,Other,West Timothy,Iowa,Campaign,Home Appliances,37635,46,20322.9,1,UPI,2648.6
BF02245,10-04-2024,Diana Rose,60+,Male,West Robert,Tennessee,Both,Beauty,20240,64,7286.4,4,Debit Card,1152.12
BF02246,28-07-2024,Angel Daniel,36-45,Male,Donovantown,Louisiana,According,Toys,31755,60,12702,4,Gift Card,2049.47
BF02247,04-03-2024,Mark Harrell,18-25,Other,North Kimberlyton,Kentucky,Set,Toys,41751,39,25468.11,4,Gift Card,1899.76
BF02248,10-08-2024,Valerie Ray,18-25,Male,Ruthhaven,California,Receive,Toys,32488,71,9421.52,2,Gift Card,1384.91
BF02249,30-11-2023,Timothy Oneal,46-60,Male,Port Carrie,Arkansas,Still,Beauty,2734,58,1148.28,4,Debit Card,143.87
BF02250,29-12-2023,Scott Mooney,46-60,Other,Guerraborough,Maryland,Southern,Sports,3292,34,2172.72,2,Debit Card,140.89
BF02251,09-08-2024,Alan Graham,46-60,Other,Lake Amychester,Minnesota,Treat,Sports,36405,59,14926.05,4,Cash,1390.88
BF02252,06-08-2024,Donna Schultz,18-25,Female,Lake Ericborough,Tennessee,Born,Electronics,35208,53,16547.76,3,Cash,1493.36
BF02253,18-01-2024,Corey Potter,36-45,Other,Gabrielleport,South Carolina,Watch,Electronics,21055,79,4421.55,3,Cash,982.87
BF02254,22-02-2024,Morgan Potter,36-45,Other,New Sean,Illinois,Head,Sports,7512,65,2629.2,3,UPI,400.92
BF02255,13-01-2024,Christopher Thomas,26-35,Other,Walkertown,Wisconsin,Market,Electronics,19484,24,14807.84,3,UPI,1096.28
BF02256,13-06-2024,Margaret Medina,46-60,Male,West Elizabethville,Maryland,Population,Sports,48478,62,18421.64,4,Cash,2763.42
BF02257,30-09-2024,Ian Harris,60+,Other,Markstad,Washington,Series,Electronics,6606,78,1453.32,1,Debit Card,208.62
BF02258,26-10-2023,Ryan Ramirez,46-60,Other,Port Tamara,Colorado,Hot,Home Appliances,17593,77,4046.39,3,UPI,219.35
BF02259,31-08-2024,Jessica Wade,60+,Female,North Jose,California,Lot,Home Appliances,26722,70,8016.6,3,UPI,1068.17
BF02260,05-07-2024,Joanna Rivera,60+,Other,Beckmouth,Georgia,Point,Home Appliances,33076,60,13230.4,4,Cash,2255.39
BF02261,30-04-2024,Mrs. Pamela Ramirez,26-35,Female,Port Williamfort,Mississippi,Wrong,Electronics,22418,15,19055.3,3,Debit Card,1488.46
BF02262,12-07-2024,Donna Benson,26-35,Female,North Samantha,Hawaii,Decade,Electronics,13326,43,7595.82,4,Gift Card,1744.66
BF02263,21-09-2024,Kristy Flores,26-35,Female,New Zacharytown,Florida,Stage,Sports,36896,21,29147.84,1,Credit Card,1876.83
BF02264,16-04-2024,James Rogers,60+,Female,Port Shannon,Texas,Seat,Beauty,44879,63,16605.23,3,UPI,1827.32
BF02265,09-10-2024,Kimberly Greene,36-45,Male,Scottside,North Carolina,Itself,Sports,15553,49,7932.03,1,Cash,1946.3
BF02266,30-08-2024,Aaron Ford,18-25,Female,Lake Maryton,New Hampshire,Four,Sports,17817,39,10868.37,1,Credit Card,2087.42
BF02267,03-08-2024,Jeremy Harris,18-25,Female,Port Steven,Alaska,Decision,Clothing,24421,32,16606.28,3,Debit Card,3659.75
BF02268,03-09-2024,Amy Benjamin,36-45,Other,Lambertshire,Wyoming,Simple,Clothing,38543,52,18500.64,1,Cash,3873.39
BF02269,09-01-2024,Christopher Morton,60+,Male,Adamsville,New Mexico,Total,Beauty,45436,73,12267.72,4,Cash,1942.89
BF02270,04-07-2024,Ronald Ochoa,36-45,Female,Lake Lauraton,Arizona,Direction,Beauty,43552,19,35277.12,3,Cash,8717.38
BF02271,18-08-2024,Michael Rodriguez,36-45,Other,South Mark,North Carolina,Certainly,Beauty,7256,16,6095.04,2,Credit Card,578.88
BF02272,21-05-2024,Joshua Lewis,26-35,Male,East Ann,New Mexico,Figure,Sports,37866,19,30671.46,1,Credit Card,2024.78
BF02273,23-04-2024,Susan Reyes,36-45,Other,North Christopher,Mississippi,Information,Electronics,20080,37,12650.4,2,Credit Card,2742.63
BF02274,11-06-2024,Michael Martinez,36-45,Male,Richardberg,Nebraska,Anyone,Clothing,44471,27,32463.83,1,UPI,7417.33
BF02275,09-07-2024,Richard Owens,36-45,Other,Emilyview,Kentucky,Ability,Toys,3786,11,3369.54,3,Cash,284.03
BF02276,23-11-2023,Leslie Whitaker,26-35,Other,Waltontown,Indiana,Argue,Clothing,14759,51,7231.91,3,Cash,437.72
BF02277,26-06-2024,Robert Young,46-60,Male,New Alexis,Minnesota,Hear,Electronics,18845,79,3957.45,3,Credit Card,886.29
BF02278,18-11-2023,Emily Mcdowell,46-60,Female,West Andrew,Oregon,Ok,Electronics,25797,28,18573.84,4,Credit Card,2022.29
BF02279,08-09-2024,Thomas Richards,26-35,Other,New Robertview,Illinois,Maintain,Home Appliances,16958,43,9666.06,1,Credit Card,1750.21
BF02280,24-10-2023,Laura Griffin,60+,Male,North Amymouth,Indiana,Artist,Beauty,2716,14,2335.76,4,Credit Card,440.57
BF02281,18-02-2024,Mark Erickson,46-60,Female,West Heatherberg,Washington,Stay,Sports,49283,53,23163.01,2,Gift Card,2118
BF02282,18-08-2024,Jessica Lee,36-45,Female,East Kevinchester,Connecticut,Practice,Beauty,8434,79,1771.14,3,Cash,236.22
BF02283,11-02-2024,Megan Crawford MD,18-25,Other,Robertville,Hawaii,Else,Beauty,43939,31,30317.91,3,Credit Card,6074.4
BF02284,17-02-2024,Philip Marquez,46-60,Female,Justinport,North Dakota,Back,Home Appliances,1655,71,479.95,3,Credit Card,45.8
BF02285,29-07-2024,Karla Tran,60+,Other,Julianmouth,Wisconsin,Subject,Electronics,31365,40,18819,4,Debit Card,4689.52
BF02286,10-09-2024,Timothy Walker,60+,Male,Stevenville,Nevada,Low,Toys,46135,48,23990.2,2,Debit Card,5203.77
BF02287,01-01-2024,Cynthia Smith,36-45,Other,West Gabriellebury,Rhode Island,And,Toys,3920,10,3528,2,UPI,348.41
BF02288,06-03-2024,Randy Martinez,26-35,Other,Ericport,Delaware,Receive,Clothing,37982,25,28486.5,1,Cash,2298.98
BF02289,20-04-2024,Alexandra Wells,18-25,Female,Ryanland,Louisiana,Month,Beauty,12113,64,4360.68,1,Credit Card,813.78
BF02290,28-12-2023,Tiffany Martin,46-60,Other,Williamside,Rhode Island,Mouth,Sports,41808,14,35954.88,2,Debit Card,8368.09
BF02291,25-01-2024,Laura Jordan,18-25,Other,Lake Stacyshire,California,Never,Sports,39084,35,25404.6,1,Debit Card,3971.37
BF02292,20-12-2023,Russell Hicks,26-35,Male,Barberburgh,Kentucky,Hit,Electronics,13064,32,8883.52,1,Cash,1261.29
BF02293,02-11-2023,Andrew Lewis,18-25,Other,West Traci,West Virginia,How,Sports,43244,54,19892.24,3,Cash,4667.45
BF02294,12-11-2023,Alan Cooper,26-35,Other,South Summer,South Carolina,Mr,Home Appliances,14923,14,12833.78,1,Credit Card,3109.22
BF02295,12-04-2024,Angela Gibbs,60+,Female,North Cynthiaberg,Rhode Island,Security,Clothing,46284,27,33787.32,4,Debit Card,4389.14
BF02296,21-08-2024,Casey Gregory,60+,Male,Lake Jonathanburgh,New Jersey,Season,Beauty,23123,45,12717.65,1,Cash,2914.83
BF02297,11-11-2023,Patricia Morgan,18-25,Other,Johnsonview,Connecticut,Community,Toys,40887,28,29438.64,4,Debit Card,6851.27
BF02298,22-08-2024,Dawn Hill,18-25,Other,Bauerbury,Arizona,Decide,Electronics,48466,78,10662.52,3,Debit Card,832.4
BF02299,10-06-2024,Jamie Rodriguez,26-35,Other,Port Joshuaburgh,Missouri,Subject,Clothing,15470,46,8353.8,4,Debit Card,1816.01
BF02300,29-08-2024,Steven Smith,60+,Female,Lake Peggyton,Florida,Pull,Home Appliances,5663,63,2095.31,1,Cash,296.14
BF02301,24-04-2024,Victoria Campbell,36-45,Male,Logantown,Ohio,Senior,Sports,3685,72,1031.8,2,UPI,141.65
BF02302,15-06-2024,Mrs. Christina Owens,60+,Other,Ethanhaven,Idaho,Third,Electronics,28539,19,23116.59,4,Debit Card,1777.79
BF02303,09-02-2024,Robert Lewis,46-60,Male,Port Dawnview,Delaware,Whole,Beauty,29204,32,19858.72,3,UPI,2357.35
BF02304,02-03-2024,Randall Young,60+,Other,Edwardstad,Washington,Save,Electronics,9716,45,5343.8,2,Credit Card,333.49
BF02305,19-07-2024,William Fuller,60+,Female,South Erikburgh,Missouri,New,Toys,12515,71,3629.35,4,Debit Card,691.66
BF02306,02-10-2024,Mr. Terry Simpson,18-25,Other,Natalieberg,Delaware,Reveal,Electronics,13297,77,3058.31,3,Credit Card,603.18
BF02307,22-03-2024,Stephanie Bennett,60+,Other,West Jessica,Nebraska,Rise,Toys,18127,45,9969.85,2,Cash,821.11
BF02308,20-05-2024,Matthew Merritt,46-60,Female,Elizabethside,Alaska,Nature,Sports,20385,48,10600.2,3,UPI,1233.14
BF02309,10-02-2024,Ashley Taylor,60+,Female,New Nicholas,Alabama,Head,Sports,46038,17,38211.54,4,UPI,4253.43
BF02310,18-08-2024,Denise Chan,36-45,Male,West Jimmy,Michigan,Poor,Beauty,45102,48,23453.04,4,Debit Card,2607.9
BF02311,06-02-2024,Jessica Moore,36-45,Other,Fowlerburgh,South Dakota,I,Sports,27237,17,22606.71,1,UPI,2973.57
BF02312,18-04-2024,Brian Miranda,26-35,Male,Dixonland,Illinois,Heavy,Home Appliances,41347,55,18606.15,1,UPI,3533.32
BF02313,14-04-2024,Kara Hicks,26-35,Male,Youngmouth,South Carolina,Necessary,Toys,38415,57,16518.45,4,Cash,2312.68
BF02314,28-12-2023,Carmen Holt,36-45,Other,Millerberg,Kentucky,Most,Sports,9263,74,2408.38,4,Debit Card,517.33
BF02315,14-06-2024,Geoffrey Lee,60+,Other,Brownport,Missouri,Particularly,Sports,25507,40,15304.2,2,UPI,1062.74
BF02316,18-06-2024,Susan Harrison,60+,Other,East Ericfort,Montana,Show,Toys,8938,51,4379.62,3,Debit Card,1024.82
BF02317,25-03-2024,Gary Bailey,36-45,Male,Smithland,Wisconsin,Tv,Sports,37811,51,18527.39,2,UPI,3966.5
BF02318,11-04-2024,Aaron Rodgers,60+,Male,Melissaview,Texas,Wonder,Toys,24612,53,11567.64,1,Cash,804.8
BF02319,31-12-2023,James Ingram,46-60,Male,New William,Pennsylvania,Allow,Clothing,49512,79,10397.52,2,Gift Card,552.78
BF02320,04-02-2024,Nichole Henderson,36-45,Male,Josephport,Iowa,Difficult,Sports,11307,71,3279.03,3,UPI,323.07
BF02321,25-03-2024,William Rodriguez,46-60,Other,Sheppardfurt,Connecticut,Fish,Toys,32400,27,23652,4,Gift Card,5681.44
BF02322,19-10-2023,Jacob Sanchez,26-35,Other,Port Stanley,Missouri,Wide,Sports,13986,16,11748.24,2,Gift Card,1977.74
BF02323,26-08-2024,Gregory Davis,18-25,Other,East Calvin,New Hampshire,Catch,Beauty,27299,10,24569.1,3,Gift Card,3181.4
BF02324,09-08-2024,Dawn Myers,36-45,Male,East Ryan,Hawaii,Money,Toys,3170,46,1711.8,3,Debit Card,309.24
BF02325,28-03-2024,Lisa Dean,60+,Other,Martinezmouth,Montana,Power,Toys,19599,30,13719.3,2,Gift Card,3048.05
BF02326,12-08-2024,Daniel Barker,36-45,Other,Lake Daniel,Delaware,Model,Toys,26651,17,22120.33,2,UPI,1301.09
BF02327,24-07-2024,Jessica Morgan,18-25,Male,Ballardview,Rhode Island,Sound,Home Appliances,19995,10,17995.5,4,Debit Card,3845.65
BF02328,16-08-2024,Sara Barnes,26-35,Other,Kathleenhaven,Minnesota,Hard,Beauty,12025,48,6253,3,Cash,1047.64
BF02329,31-01-2024,James Austin,36-45,Other,Andreport,Nebraska,Skin,Beauty,33999,56,14959.56,4,Debit Card,2065.41
BF02330,29-09-2024,Melissa Alvarez,60+,Other,Jenniferville,Alaska,Rather,Beauty,8957,27,6538.61,1,Credit Card,740.45
BF02331,29-08-2024,Wendy Mendoza,46-60,Male,New Stephanie,Vermont,Ahead,Clothing,21660,15,18411,4,UPI,4088.02
BF02332,29-08-2024,Jay King,60+,Male,North Robertborough,New Mexico,Important,Home Appliances,49535,76,11888.4,4,Cash,2924
BF02333,16-11-2023,Stephanie Dillon,26-35,Male,Crosbyberg,Oklahoma,Page,Sports,37773,62,14353.74,4,Credit Card,2775.36
BF02334,07-05-2024,Melissa Long,18-25,Female,West Jeffreyborough,Connecticut,Wall,Toys,38118,54,17534.28,2,Credit Card,2051.53
BF02335,17-01-2024,Samantha Lewis,18-25,Female,Jasonmouth,Wisconsin,Meet,Beauty,25917,75,6479.25,4,Gift Card,1406.94
BF02336,22-12-2023,Melissa Thornton,26-35,Male,Lake Saraton,Pennsylvania,A,Sports,795,19,643.95,4,UPI,79.43
BF02337,19-07-2024,Angelica Castro,46-60,Other,Lake Gregoryburgh,Arkansas,Its,Beauty,45423,19,36792.63,1,Debit Card,8261.88
BF02338,14-09-2024,Gregory Maddox,36-45,Male,Smithton,Utah,Together,Beauty,7567,16,6356.28,3,Credit Card,1130.62
BF02339,23-04-2024,Richard Barker,18-25,Male,Christinamouth,New Hampshire,High,Home Appliances,44294,20,35435.2,2,Debit Card,7823.87
BF02340,08-03-2024,Laurie Hernandez,36-45,Other,Lake Teresa,Michigan,Security,Beauty,28264,33,18936.88,4,Gift Card,2432.77
BF02341,18-09-2024,Nicole Banks,60+,Male,South Johnchester,California,Child,Home Appliances,18233,57,7840.19,3,Cash,910.95
BF02342,26-11-2023,Roy Escobar,60+,Male,Port Diane,Tennessee,Collection,Electronics,12537,58,5265.54,1,Credit Card,593.55
BF02343,14-09-2024,Colton Rosario,18-25,Male,Bobbyshire,Arizona,Specific,Clothing,33769,18,27690.58,4,Cash,2030.24
BF02344,27-05-2024,Christopher Fletcher,60+,Other,North Melanieberg,Iowa,Season,Beauty,18116,78,3985.52,3,Debit Card,490.95
BF02345,22-09-2024,Courtney Duke,60+,Female,Robertborough,Missouri,Course,Beauty,38067,74,9897.42,2,Credit Card,596.6
BF02346,27-12-2023,Tyler Garcia,36-45,Female,Jasonchester,Wyoming,Current,Beauty,28647,78,6302.34,1,Debit Card,922.99
BF02347,28-09-2024,Miranda Black,60+,Other,Reedborough,New Jersey,Talk,Toys,16480,23,12689.6,3,Cash,3134.62
BF02348,03-02-2024,Jennifer Freeman,36-45,Female,East Matthewborough,Rhode Island,Will,Electronics,11668,29,8284.28,4,Debit Card,794.99
BF02349,01-09-2024,Evan Brown,18-25,Other,West Jonathanfurt,New Mexico,Recent,Clothing,41662,43,23747.34,3,Credit Card,1606.3
BF02350,05-09-2024,Sarah Smith,36-45,Male,Lake Andrew,New Jersey,Machine,Beauty,33574,78,7386.28,1,Gift Card,1011.89
BF02351,10-01-2024,Glenn Jackson,26-35,Female,Brianberg,Iowa,Serious,Toys,7589,48,3946.28,3,Cash,274.6
BF02352,02-02-2024,Sierra Garrett,18-25,Male,Floresport,Kentucky,Measure,Electronics,5385,39,3284.85,2,Gift Card,363.15
BF02353,28-04-2024,Brandon Harrison,36-45,Other,Port Johnland,South Carolina,Safe,Beauty,28774,36,18415.36,3,Gift Card,4228.49
BF02354,15-09-2024,Nicole Green,36-45,Other,Dawnchester,Louisiana,Bar,Electronics,38464,66,13077.76,1,Gift Card,2196.15
BF02355,26-09-2024,Beverly Raymond,26-35,Male,Lauramouth,Nevada,Keep,Home Appliances,33307,11,29643.23,1,UPI,6436.68
BF02356,01-01-2024,Rebecca Hill,18-25,Female,South Kristaborough,Virginia,Suddenly,Beauty,31108,31,21464.52,1,UPI,2834.79
BF02357,01-08-2024,Heather Knox,60+,Male,Michaelshire,Tennessee,Crime,Home Appliances,47363,78,10419.86,1,UPI,1415
BF02358,05-05-2024,Kristie Arellano,26-35,Male,Carterburgh,Tennessee,Show,Electronics,34729,62,13197.02,4,Gift Card,1419.56
BF02359,10-11-2023,James Lynn,18-25,Male,Angelaberg,Minnesota,Best,Beauty,49122,76,11789.28,3,Credit Card,896.23
BF02360,16-10-2023,Sharon Mitchell,60+,Female,Lake Jaredburgh,California,Case,Toys,37400,79,7854,4,Credit Card,773.62
BF02361,30-07-2024,Miss Laura Moore,26-35,Other,Paulberg,Michigan,Thousand,Clothing,13699,53,6438.53,4,Debit Card,997.65
BF02362,30-09-2024,Matthew Martinez,18-25,Male,North Kyle,Oklahoma,Little,Toys,5217,47,2765.01,4,UPI,155.85
BF02363,28-02-2024,Melissa Garcia,36-45,Male,North Johnshire,Maine,Body,Toys,9105,19,7375.05,3,Debit Card,1117.23
BF02364,31-05-2024,Michael Harrison,46-60,Other,Lake Maryfurt,Hawaii,Think,Beauty,38232,64,13763.52,3,UPI,2887.18
BF02365,12-11-2023,Alexis Fowler,18-25,Female,Port Courtneybury,Ohio,Audience,Toys,10165,67,3354.45,1,Cash,276.89
BF02366,31-07-2024,Michael Campbell,46-60,Other,North Jenniferburgh,Alabama,Court,Sports,48499,62,18429.62,1,Gift Card,3783.89
BF02367,27-08-2024,Julia Mack,46-60,Male,Jenniferfort,Nebraska,Magazine,Toys,17470,18,14325.4,4,UPI,1606.49
BF02368,31-12-2023,Jamie Harrison,36-45,Male,Sethhaven,New Mexico,Participant,Toys,14314,14,12310.04,1,Credit Card,1258.59
BF02369,19-09-2024,Michelle Foley,46-60,Male,East Christopher,West Virginia,Full,Home Appliances,11686,16,9816.24,3,UPI,677.9
BF02370,10-12-2023,Amanda Hensley,46-60,Female,Hannahmouth,Wyoming,Education,Electronics,21136,19,17120.16,1,UPI,2843.43
BF02371,12-08-2024,Larry Barron,18-25,Female,North Allison,Florida,Which,Clothing,26953,60,10781.2,1,Debit Card,1385.3
BF02372,20-10-2023,Deanna Smith,26-35,Other,New Calebborough,Idaho,Interest,Toys,12866,74,3345.16,3,UPI,699.01
BF02373,25-02-2024,Roger Taylor,36-45,Female,South Scott,Utah,Understand,Electronics,31499,38,19529.38,4,Gift Card,1127.76
BF02374,03-12-2023,Tony Schultz,36-45,Female,Johnsontown,Rhode Island,Five,Beauty,7994,44,4476.64,1,Credit Card,494.71
BF02375,23-09-2024,Kendra Davis,26-35,Other,East Susan,Maine,Edge,Sports,32714,34,21591.24,3,Gift Card,2880.52
BF02376,25-08-2024,Jennifer Wilson,46-60,Male,North Cathyville,Maryland,Room,Electronics,15796,12,13900.48,4,Debit Card,2011.84
BF02377,18-07-2024,Jonathan Patel,18-25,Male,Samanthaside,Hawaii,Large,Electronics,16446,39,10032.06,1,Debit Card,931.53
BF02378,26-05-2024,Brent Terry,26-35,Other,Jameston,Alaska,Address,Beauty,24906,28,17932.32,1,Cash,1893.55
BF02379,19-01-2024,Melinda Carr,26-35,Other,Patricktown,Virginia,Purpose,Clothing,11375,10,10237.5,1,Cash,2014.27
BF02380,01-04-2024,Tina Griffin,36-45,Male,Weberside,Missouri,Conference,Clothing,3570,39,2177.7,1,Debit Card,213.61
BF02381,01-03-2024,Briana Pugh,60+,Male,Troychester,North Carolina,Main,Sports,31353,79,6584.13,1,Gift Card,1163.63
BF02382,04-11-2023,Michael Evans,26-35,Male,Harrisonport,Delaware,Bring,Clothing,31825,77,7319.75,1,Cash,1160.74
BF02383,04-11-2023,Andrew Murphy,18-25,Female,New Mitchellville,Illinois,Poor,Clothing,42968,12,37811.84,1,UPI,8521.62
BF02384,22-11-2023,Raymond Solomon,36-45,Male,East Gabriel,Virginia,Book,Beauty,6375,23,4908.75,2,Credit Card,329.29
BF02385,11-02-2024,Tanya King,60+,Male,Lake Kyle,California,Moment,Sports,13234,39,8072.74,3,Debit Card,1906.45
BF02386,15-08-2024,Laura Clark,36-45,Other,North Ryan,Rhode Island,Deal,Beauty,30806,27,22488.38,1,Gift Card,1464.66
BF02387,13-04-2024,Kimberly Woods,60+,Male,Daniellefort,Pennsylvania,Beyond,Electronics,22337,38,13848.94,1,Credit Card,1679.99
BF02388,12-06-2024,Jack Salas,36-45,Other,Princemouth,Oregon,Interview,Sports,7183,48,3735.16,3,Debit Card,305.78
BF02389,08-11-2023,Jerry Turner,26-35,Female,Joshuaton,Iowa,Probably,Clothing,29923,65,10473.05,1,Credit Card,1170.11
BF02390,20-03-2024,Daniel Pierce,26-35,Male,East Corey,New Mexico,Part,Toys,7630,65,2670.5,2,Credit Card,418.87
BF02391,21-02-2024,Matthew Young,26-35,Male,East Tina,Virginia,Word,Sports,27403,16,23018.52,4,Cash,1872.35
BF02392,04-02-2024,Eric Lewis,36-45,Female,Clarkmouth,Oklahoma,Section,Sports,36666,13,31899.42,2,Debit Card,3151.35
BF02393,26-07-2024,Katie Smith,60+,Other,East Ariana,New Mexico,Small,Toys,16511,48,8585.72,1,UPI,956.49
BF02394,24-10-2023,John Gay,60+,Female,Wardberg,West Virginia,Official,Home Appliances,1635,77,376.05,3,Cash,34.68
BF02395,09-01-2024,Meghan Kennedy,26-35,Female,Steinville,Ohio,Without,Toys,4146,13,3607.02,4,Credit Card,497.41
BF02396,29-12-2023,Joseph Griffin,36-45,Female,Lake Robert,Ohio,Offer,Clothing,28560,70,8568,3,Gift Card,1449.66
BF02397,21-06-2024,Manuel Reynolds,36-45,Female,Gregoryhaven,Texas,Give,Electronics,17185,68,5499.2,4,Gift Card,995.78
BF02398,26-09-2024,Jasmine Hunter,18-25,Male,New Robin,Rhode Island,Character,Sports,41051,47,21757.03,3,Debit Card,4344.35
BF02399,29-07-2024,Heather Campbell MD,26-35,Female,West Ryanchester,Ohio,Describe,Electronics,34591,11,30785.99,4,Gift Card,2333.58
BF02400,07-04-2024,Dr. Julie Perry,26-35,Female,Gibbston,Massachusetts,Go,Clothing,6862,45,3774.1,2,Debit Card,440.42
BF02401,06-11-2023,Cory Perez,18-25,Female,Kellyside,West Virginia,Just,Electronics,20995,79,4408.95,4,Cash,222.12
BF02402,16-03-2024,Monique Henderson,26-35,Other,New Kevinbury,California,Wait,Toys,48205,17,40010.15,1,Debit Card,9767.17
BF02403,10-07-2024,Tammy Boyd,36-45,Other,East James,Minnesota,Prove,Sports,11869,12,10444.72,3,Credit Card,1829.4
BF02404,22-04-2024,Amanda Edwards,46-60,Male,North Bridget,South Dakota,Space,Sports,5997,65,2098.95,3,Debit Card,337.92
BF02405,27-03-2024,Evan Whitney,36-45,Other,South Cory,New Mexico,Serve,Home Appliances,2477,41,1461.43,3,Credit Card,235.55
BF02406,28-02-2024,Daniel Bailey,46-60,Female,Port Sara,Michigan,Current,Beauty,4509,72,1262.52,1,Debit Card,274.6
BF02407,24-02-2024,Cheryl Carr,26-35,Female,South Danielstad,Kentucky,Positive,Clothing,11821,20,9456.8,4,Debit Card,1563.78
BF02408,03-11-2023,Kelly Hopkins,26-35,Male,Toddside,Nevada,Mind,Beauty,49698,61,19382.22,1,UPI,3166.56
BF02409,18-07-2024,Cody Grimes,46-60,Male,Lake Katie,Oregon,Clearly,Sports,2111,27,1541.03,2,Debit Card,163.6
BF02410,06-05-2024,Timothy Rodriguez,46-60,Other,Riceside,New York,Across,Beauty,15130,43,8624.1,1,UPI,998.66
BF02411,11-08-2024,Jeffrey Johnson,18-25,Other,New April,Massachusetts,Staff,Electronics,30829,39,18805.69,2,Credit Card,1131.88
BF02412,30-04-2024,Morgan Pearson,46-60,Male,Lake Andrew,North Dakota,History,Home Appliances,4986,63,1844.82,4,UPI,348.5
BF02413,12-03-2024,Crystal Koch,46-60,Female,North Mary,Massachusetts,Skill,Toys,13406,53,6300.82,3,Debit Card,1111.56
BF02414,03-05-2024,Kyle Scott,36-45,Female,Port Jorgemouth,Colorado,Trade,Toys,14567,44,8157.52,4,Gift Card,904.55
BF02415,20-11-2023,Sally Doyle,60+,Female,South Karen,Arizona,Must,Beauty,2144,73,578.88,1,Cash,48.61
BF02416,23-06-2024,Timothy Rojas,26-35,Other,North Kyle,Virginia,Despite,Clothing,17511,68,5603.52,3,Cash,655.08
BF02417,18-02-2024,Robert Wallace,18-25,Male,New Kenneth,Pennsylvania,As,Electronics,14306,28,10300.32,1,Debit Card,2478.97
BF02418,21-07-2024,Jacob Hughes,18-25,Male,East Jasonfort,Connecticut,Standard,Beauty,49251,55,22162.95,4,Cash,2470.28
BF02419,21-08-2024,Gerald Cohen,46-60,Male,Brownstad,Rhode Island,Health,Sports,24863,65,8702.05,3,Gift Card,1638.95
BF02420,05-09-2024,Cynthia Spencer,26-35,Female,North Todd,New Mexico,Direction,Electronics,11558,58,4854.36,3,Gift Card,710.25
BF02421,14-05-2024,Patrick Woodard,18-25,Other,Robertville,Idaho,Pm,Sports,46602,17,38679.66,1,Cash,6908.02
BF02422,07-11-2023,Kathryn Mccall,60+,Other,Pinedamouth,Michigan,When,Beauty,34196,26,25305.04,1,UPI,1481.56
BF02423,07-05-2024,Tiffany Long,18-25,Other,Johnsonstad,California,Speak,Electronics,32433,15,27568.05,4,Debit Card,4675.85
BF02424,27-08-2024,Kimberly Kirby,46-60,Male,Nicoleland,Idaho,Thus,Clothing,21150,56,9306,2,Gift Card,2297.33
BF02425,14-06-2024,Julie Fischer,46-60,Female,Andreamouth,South Carolina,Water,Toys,5655,73,1526.85,2,Credit Card,120.88
BF02426,24-01-2024,Christy Brown,18-25,Male,West Normaberg,New Jersey,Whether,Beauty,9502,41,5606.18,2,Debit Card,1284.17
BF02427,31-01-2024,Tracy Woods,26-35,Male,Arnoldton,Massachusetts,Win,Beauty,34955,15,29711.75,2,Cash,5109.21
BF02428,01-02-2024,Tiffany Wilson,60+,Male,Toddtown,Tennessee,Face,Beauty,39964,76,9591.36,4,UPI,1425.46
BF02429,20-01-2024,Erik Medina,60+,Other,Rollinston,Minnesota,Break,Sports,40481,47,21454.93,3,UPI,3140.38
BF02430,25-12-2023,Brett Ward,18-25,Female,Schultzburgh,Arkansas,Effort,Sports,20593,25,15444.75,3,UPI,1813.83
BF02431,14-10-2023,Danielle Giles,36-45,Other,Hernandezville,Illinois,House,Electronics,14401,33,9648.67,2,Cash,642.31
BF02432,17-09-2024,Tami Harris,36-45,Female,Lake Kaylee,Alabama,Usually,Home Appliances,4127,51,2022.23,1,Credit Card,114.99
BF02433,09-10-2024,Matthew Hughes,46-60,Other,East Vincentmouth,Indiana,Quality,Clothing,27100,43,15447,4,Debit Card,2054.42
BF02434,21-09-2024,Caitlin Wilson,46-60,Female,New Richard,Florida,You,Beauty,16723,16,14047.32,3,UPI,2591.23
BF02435,10-03-2024,Laura Martin,46-60,Male,Simmonsshire,Montana,Crime,Electronics,32412,41,19123.08,3,Cash,3503.31
BF02436,07-01-2024,Erin Schroeder,26-35,Other,Simonstad,Missouri,At,Clothing,22838,14,19640.68,1,Debit Card,2878.96
BF02437,02-11-2023,Debra Butler,18-25,Male,New Justin,Vermont,Effort,Clothing,41705,20,33364,3,Cash,4927.24
BF02438,05-01-2024,Jacqueline Pham,60+,Female,North Gregborough,Louisiana,Member,Clothing,37573,52,18035.04,2,UPI,4093.79
BF02439,23-07-2024,Daniel Cannon,46-60,Male,Heatherport,West Virginia,Scientist,Electronics,40728,63,15069.36,1,UPI,1045.45
BF02440,20-02-2024,Randall Perez,60+,Male,Lake Michaelbury,Vermont,Catch,Home Appliances,47890,26,35438.6,3,Credit Card,7523.48
BF02441,25-05-2024,Matthew Thompson,26-35,Other,Davidland,Iowa,Before,Electronics,19971,50,9985.5,2,Credit Card,1053.93
BF02442,30-07-2024,Judy Mullins,60+,Female,Destinystad,Missouri,Page,Electronics,17848,33,11958.16,1,Debit Card,704
BF02443,06-04-2024,Miss Joann Ferguson,60+,Female,North Calebfurt,Georgia,Poor,Toys,19645,57,8447.35,4,Credit Card,1989.48
BF02444,04-10-2024,Stephanie Avila,36-45,Female,Harrellbury,Iowa,Clear,Home Appliances,30645,30,21451.5,3,UPI,1191.39
BF02445,03-04-2024,Joseph Jimenez,36-45,Other,Castilloview,Nebraska,Exist,Home Appliances,25342,41,14951.78,2,Cash,2331.19
BF02446,31-01-2024,Jeffery Bradley,26-35,Other,South Jamie,Michigan,Edge,Home Appliances,14312,76,3434.88,1,Cash,654.25
BF02447,12-04-2024,Timothy Wise MD,36-45,Male,Howardville,Washington,Research,Electronics,9768,72,2735.04,1,Credit Card,238.3
BF02448,01-09-2024,Bradley Edwards,46-60,Female,South Jasminechester,Vermont,Do,Toys,48180,22,37580.4,1,Gift Card,5834.69
BF02449,28-06-2024,Dr. Stephanie Evans DDS,26-35,Other,South Daniellehaven,Oklahoma,Treatment,Toys,48660,75,12165,2,Cash,2164.8
BF02450,03-10-2024,Traci Andrews,46-60,Female,New Joel,Georgia,Future,Toys,5743,76,1378.32,1,Cash,279.68
BF02451,05-09-2024,Richard Gross,60+,Male,Port Nicolebury,Louisiana,Brother,Electronics,38963,28,28053.36,1,Debit Card,6992.41
BF02452,25-02-2024,Mr. Darren Edwards,18-25,Female,West Charles,Wisconsin,Task,Sports,33339,29,23670.69,2,Debit Card,3831.25
BF02453,19-04-2024,Danny Huff,60+,Male,Brendatown,Hawaii,Relationship,Beauty,10178,25,7633.5,4,UPI,1661.42
BF02454,18-04-2024,Bradley Miller,60+,Other,West Walterside,Montana,Admit,Beauty,47142,41,27813.78,3,Debit Card,4062.52
BF02455,18-03-2024,Robert Kim,36-45,Male,South Courtney,New Mexico,Sort,Beauty,31423,77,7227.29,1,Cash,1701.75
BF02456,08-07-2024,Mary Diaz,36-45,Other,Rodriguezport,Minnesota,Information,Beauty,38716,15,32908.6,2,UPI,3334.35
BF02457,08-02-2024,Brittany Thomas,26-35,Female,Wallaceland,Ohio,Recognize,Electronics,7138,42,4140.04,1,Gift Card,583.59
BF02458,17-02-2024,Jesse Coleman,46-60,Female,North Cindytown,Kansas,Less,Clothing,38920,72,10897.6,3,Credit Card,1916.35
BF02459,24-03-2024,Jonathan Campos,18-25,Other,Elizabethview,Tennessee,Beat,Clothing,39742,70,11922.6,3,Credit Card,2005.47
BF02460,27-10-2023,Andrew Lawson,46-60,Male,Michaelshire,Michigan,Training,Home Appliances,16344,75,4086,2,Credit Card,424.08
BF02461,08-09-2024,Anna Johnson,26-35,Other,North Shawnabury,Maine,Possible,Electronics,16028,40,9616.8,4,Gift Card,1327.23
BF02462,08-05-2024,Heather Garcia,36-45,Male,Cummingstown,Kentucky,Hotel,Clothing,11909,33,7979.03,2,Debit Card,713.21
BF02463,17-06-2024,Katherine James,60+,Male,East Ryanside,Oklahoma,Man,Toys,900,54,414,1,UPI,29.09
BF02464,10-05-2024,Mia Johnson,18-25,Female,Marthatown,Kansas,Whom,Home Appliances,45676,24,34713.76,4,UPI,1810.03
BF02465,06-02-2024,Cody Fuller,26-35,Other,New Michael,Wyoming,Herself,Electronics,25822,51,12652.78,3,Debit Card,1775.26
BF02466,29-12-2023,Lisa Russo,26-35,Other,East Kimberlyfort,Michigan,Husband,Home Appliances,6518,77,1499.14,3,Credit Card,291.22
BF02467,13-06-2024,Anna Chen,26-35,Male,Middletonhaven,Georgia,Within,Home Appliances,19860,58,8341.2,2,Cash,1384.2
BF02468,09-07-2024,Kerri Taylor,26-35,Female,Sanchezville,Michigan,Party,Home Appliances,4361,61,1700.79,4,UPI,418.5
BF02469,23-10-2023,Christina Smith,36-45,Other,East Whitney,Nevada,Interesting,Clothing,8017,56,3527.48,2,Cash,570.87
BF02470,18-02-2024,Kelly Williams,26-35,Other,Port David,Oklahoma,Soldier,Sports,20665,69,6406.15,4,Cash,1053.64
BF02471,29-07-2024,Julia Hill,36-45,Female,North Katherineview,North Carolina,Seat,Home Appliances,30041,66,10213.94,2,Cash,1838.05
BF02472,26-02-2024,Dana Mckinney,36-45,Male,New Jennifertown,Nebraska,Experience,Beauty,30390,28,21880.8,4,Debit Card,4892.54
BF02473,02-01-2024,Eric Jensen,18-25,Male,Port Brendachester,Illinois,Throw,Sports,33502,14,28811.72,2,Credit Card,4039.22
BF02474,12-04-2024,Kimberly Jones,36-45,Female,East Joshua,Kansas,Evening,Electronics,4404,56,1937.76,4,Cash,409.43
BF02475,16-02-2024,Daniel Hamilton,46-60,Female,Brownhaven,North Carolina,Either,Beauty,42804,29,30390.84,2,Credit Card,3233.46
BF02476,13-04-2024,William Cohen,18-25,Male,Angelaville,Arkansas,Office,Home Appliances,24288,23,18701.76,1,Credit Card,1756.38
BF02477,29-12-2023,Laura Gross,46-60,Other,Lake Jessicaland,Rhode Island,Open,Sports,20053,52,9625.44,2,Credit Card,1057.13
BF02478,17-10-2023,Alex Hall,60+,Female,New Christine,New Hampshire,Crime,Home Appliances,30305,48,15758.6,2,Gift Card,3137.46
BF02479,07-06-2024,Mary Cruz,36-45,Female,Lindaberg,Texas,Standard,Home Appliances,43223,21,34146.17,3,Credit Card,7066.86
BF02480,15-06-2024,Lisa Hogan,46-60,Female,Jeromechester,Vermont,American,Electronics,10910,60,4364,3,Gift Card,282.86
BF02481,03-02-2024,Christy Hernandez,26-35,Other,Rebeccabury,Arkansas,Tv,Sports,7369,45,4052.95,4,Debit Card,621.72
BF02482,30-10-2023,Andrew Lawson,46-60,Female,Jessicamouth,Alabama,Six,Toys,32385,74,8420.1,3,Debit Card,1519.03
BF02483,27-03-2024,Hannah Rios,36-45,Other,Bakerchester,North Dakota,Officer,Sports,43347,24,32943.72,1,UPI,6508.69
BF02484,17-02-2024,Mark Murray,18-25,Male,Port Brianberg,Vermont,Never,Home Appliances,41593,59,17053.13,4,Credit Card,4192.25
BF02485,29-07-2024,Karen Bell,60+,Male,Mayville,South Dakota,Detail,Home Appliances,37159,36,23781.76,1,UPI,3916.75
BF02486,14-10-2023,Derek Cortez,60+,Female,West Kristenborough,Maine,Lead,Home Appliances,3843,33,2574.81,2,Credit Card,221.31
BF02487,15-06-2024,Cody Campbell,46-60,Male,North Matthew,Georgia,Wide,Clothing,29302,33,19632.34,3,Gift Card,1647.11
BF02488,19-09-2024,Albert Nichols,18-25,Female,South Brianhaven,Michigan,Fill,Toys,39833,34,26289.78,1,UPI,3002.84
BF02489,02-09-2024,Jennifer Huerta,26-35,Female,East Carlosside,West Virginia,Second,Beauty,47247,34,31183.02,1,UPI,5315.03
BF02490,14-04-2024,Carl Rodriguez,46-60,Other,New Jeffreymouth,Virginia,For,Home Appliances,44741,71,12974.89,1,Gift Card,1193.68
BF02491,28-02-2024,Bruce Harris,46-60,Female,Boydstad,Arizona,President,Clothing,36574,37,23041.62,4,Gift Card,4798.7
BF02492,12-05-2024,Kathryn Townsend,26-35,Male,Ryantown,Maryland,Reveal,Electronics,43887,21,34670.73,3,Credit Card,5491.52
BF02493,04-06-2024,Paul Rogers,60+,Female,Leonardchester,Hawaii,Common,Home Appliances,2575,35,1673.75,1,Debit Card,308.18
BF02494,29-03-2024,Daniel Krueger,60+,Other,South Jenniferfurt,New York,Congress,Toys,30854,52,14809.92,2,Gift Card,1048.19
BF02495,20-04-2024,Teresa Brooks,46-60,Other,Cardenasmouth,New York,Change,Toys,35996,73,9718.92,2,Debit Card,591.15
BF02496,29-05-2024,Alexander Navarro,18-25,Other,East Lisa,Oregon,Accept,Sports,37266,18,30558.12,1,UPI,2352.66
BF02497,02-04-2024,Madeline Donaldson,26-35,Female,South Trevor,Connecticut,Though,Sports,4020,46,2170.8,2,Gift Card,384.19
BF02498,19-11-2023,Morgan Villanueva,36-45,Female,West Brandonland,North Carolina,Thus,Beauty,46915,34,30963.9,3,Gift Card,5103.14
BF02499,03-07-2024,Thomas Olsen,46-60,Other,South Bethany,Maryland,Method,Beauty,43479,65,15217.65,3,Gift Card,2902.42
BF02500,22-09-2024,David Gonzales,36-45,Other,Susanbury,Minnesota,Several,Electronics,42965,20,34372,4,Gift Card,8522.66
BF02501,10-09-2024,Julie Wood,18-25,Other,Timfurt,West Virginia,Until,Sports,34970,63,12938.9,1,UPI,2436.15
BF02502,01-03-2024,Anthony Herring,60+,Other,Port Alex,Colorado,Likely,Sports,1057,62,401.66,2,Gift Card,79.52
BF02503,25-06-2024,Matthew Burgess,36-45,Female,East Kimberlytown,South Carolina,Case,Sports,2870,24,2181.2,1,Cash,369.9
BF02504,01-09-2024,Theresa Pugh,60+,Female,Michellefort,Montana,Child,Clothing,44274,41,26121.66,3,Gift Card,4160.93
BF02505,02-08-2024,Susan Kramer,46-60,Male,North Greg,West Virginia,Its,Clothing,9477,16,7960.68,4,Credit Card,1398.55
BF02506,13-07-2024,Alexandria Sosa,46-60,Male,Olsenton,Oklahoma,Network,Home Appliances,46736,12,41127.68,3,Cash,2687.56
BF02507,04-04-2024,Michelle Williams,36-45,Other,Davismouth,Ohio,Today,Clothing,33346,47,17673.38,3,Debit Card,2619.51
BF02508,18-06-2024,Elizabeth Henry,26-35,Female,New Matthew,Georgia,Decide,Toys,9069,14,7799.34,3,UPI,1385.13
BF02509,27-01-2024,Joe Young,36-45,Female,Edwardtown,Georgia,Too,Toys,13875,70,4162.5,4,Cash,1020.52
BF02510,06-09-2024,Lucas Werner,46-60,Other,Lake Melissa,Massachusetts,Leg,Toys,7477,56,3289.88,3,Gift Card,811.92
BF02511,02-09-2024,Arthur Mitchell,36-45,Other,West Kaitlyn,Hawaii,Accept,Sports,5945,54,2734.7,2,Debit Card,507.08
BF02512,01-10-2024,Jerry Santiago,26-35,Female,North Juan,Montana,Shake,Home Appliances,20620,29,14640.2,3,Credit Card,1412.39
BF02513,26-08-2024,James Gill,26-35,Female,South David,Iowa,Resource,Home Appliances,37468,29,26602.28,1,Debit Card,3709.73
BF02514,14-12-2023,Joyce Kane,26-35,Female,Gonzalezborough,Tennessee,Actually,Sports,4285,54,1971.1,4,UPI,422.79
BF02515,20-07-2024,Emily Evans,46-60,Female,Sanderschester,New Mexico,Democratic,Beauty,49850,23,38384.5,2,Cash,1953.42
BF02516,25-01-2024,Alexander Robertson,60+,Other,Lake Jenniferhaven,Maryland,Share,Clothing,17806,21,14066.74,4,Gift Card,715.89
BF02517,28-01-2024,Mark Torres MD,46-60,Male,New Angela,West Virginia,War,Beauty,22530,43,12842.1,2,Cash,2983.75
BF02518,25-06-2024,Johnathan Cook,60+,Female,West Michelechester,Ohio,Forget,Home Appliances,23975,15,20378.75,4,Debit Card,5044.96
BF02519,07-12-2023,Sandra Martinez,60+,Female,Williamstown,Kansas,Moment,Sports,30732,71,8912.28,4,Debit Card,1982.84
BF02520,08-08-2024,Ann English,36-45,Other,Alyssastad,New Jersey,Child,Beauty,13107,43,7470.99,4,Cash,1620.4
BF02521,26-07-2024,Jennifer Wilson,36-45,Other,Scottfort,Michigan,Big,Beauty,44440,75,11110,3,Cash,817.82
BF02522,04-01-2024,Melinda Andersen,36-45,Other,Randallton,Arizona,Might,Clothing,22143,64,7971.48,2,Gift Card,912.72
BF02523,25-02-2024,Nicole Smith,18-25,Other,East Dana,Nevada,As,Home Appliances,19382,30,13567.4,1,Credit Card,1150.33
BF02524,24-05-2024,Crystal Salazar,60+,Male,West Elijahton,South Dakota,Yet,Sports,25738,79,5404.98,3,Cash,498.43
BF02525,15-04-2024,Jimmy Jordan,18-25,Male,Jeffreyberg,New Jersey,Indicate,Home Appliances,35727,13,31082.49,1,Gift Card,3471.8
BF02526,16-04-2024,Penny Daniels,18-25,Male,North Brandon,Louisiana,Same,Beauty,5767,42,3344.86,2,Cash,658.29
BF02527,01-01-2024,John Davis,26-35,Male,West Elizabeth,Tennessee,Including,Toys,8026,56,3531.44,4,Cash,802.45
BF02528,10-11-2023,Sandra Duarte,46-60,Other,Hannahview,Indiana,Population,Beauty,43445,33,29108.15,1,Credit Card,4324.05
BF02529,14-04-2024,Olivia Griffin,26-35,Other,Port Martinton,New Mexico,Its,Beauty,8285,60,3314,3,Cash,686.55
BF02530,03-04-2024,Chad Mccarthy,36-45,Male,Lake Zachary,Mississippi,Follow,Sports,22270,11,19820.3,2,UPI,4208.51
BF02531,15-05-2024,Patrick Watkins,36-45,Male,Schwartzview,Kentucky,Family,Beauty,37581,75,9395.25,3,Gift Card,1956.93
BF02532,12-12-2023,Victoria Patel,36-45,Other,West Kevinberg,Mississippi,Sense,Home Appliances,25350,56,11154,2,Credit Card,1189.18
BF02533,26-10-2023,William Meyers,18-25,Female,Lake Lindaberg,Wisconsin,Development,Electronics,2788,79,585.48,4,Credit Card,116.39
BF02534,03-10-2024,Teresa Moreno,18-25,Male,Mitchellburgh,Delaware,About,Home Appliances,48937,41,28872.83,4,Gift Card,6650.17
BF02535,05-12-2023,Dr. Emma Chaney,18-25,Male,Smithbury,Connecticut,Administration,Beauty,29056,64,10460.16,3,UPI,1729.02
BF02536,08-06-2024,Shawn Brewer,46-60,Other,Jamesland,Alabama,Game,Electronics,24790,23,19088.3,3,Debit Card,4250.77
BF02537,01-12-2023,Sherry Murray,26-35,Male,Cynthiamouth,Hawaii,Argue,Sports,32124,45,17668.2,4,Cash,2502.87
BF02538,27-09-2024,Michael Torres,46-60,Male,Jamesstad,Oregon,Instead,Toys,34147,78,7512.34,3,Credit Card,1669.3
BF02539,24-07-2024,Nicholas Anthony,36-45,Female,Shieldsmouth,Delaware,Rather,Sports,30420,66,10342.8,3,Debit Card,1478.85
BF02540,16-07-2024,Julian Smith,26-35,Male,East Bridgetport,Pennsylvania,Take,Beauty,32115,59,13167.15,3,UPI,2903.48
BF02541,20-07-2024,Amanda Chan,46-60,Female,Mcdonaldmouth,Utah,After,Electronics,21358,23,16445.66,3,Cash,3248.61
BF02542,18-12-2023,Jeffrey Baker,46-60,Other,Lake Phillipbury,Alaska,Per,Sports,20180,65,7063,3,Cash,973.8
BF02543,15-06-2024,Jeffrey Garcia,60+,Male,Port John,Massachusetts,Event,Electronics,5297,34,3496.02,2,Cash,694.66
BF02544,17-09-2024,Lindsay Martinez,36-45,Other,West Hannahland,Florida,People,Beauty,35261,18,28914.02,4,Cash,1892.21
BF02545,27-02-2024,Michael Stevenson,46-60,Female,Travisburgh,Delaware,Popular,Beauty,47595,38,29508.9,4,Cash,3093.67
BF02546,18-05-2024,Kaitlyn Goodwin,36-45,Male,Harrisstad,North Dakota,Really,Toys,13717,43,7818.69,1,Credit Card,630.85
BF02547,01-11-2023,Jessica Ortiz,26-35,Female,West Daniel,Indiana,High,Home Appliances,40154,29,28509.34,4,Credit Card,1445.09
BF02548,03-07-2024,Sarah Jones,18-25,Other,West Valerie,Massachusetts,She,Home Appliances,42741,28,30773.52,2,Debit Card,4156.92
BF02549,14-10-2023,Tim Harris,26-35,Female,North Danberg,Mississippi,Course,Toys,23182,16,19472.88,1,Gift Card,2451.83
BF02550,14-02-2024,Vanessa Hill,36-45,Male,Port Monique,Maryland,Toward,Beauty,7846,14,6747.56,1,Gift Card,1570.35
BF02551,07-03-2024,Jennifer Adams,46-60,Male,Olsonland,Ohio,Build,Sports,6694,34,4418.04,2,UPI,502.75
BF02552,12-04-2024,Jamie Rodriguez,36-45,Other,Johnstad,Michigan,Do,Electronics,42945,53,20184.15,4,Gift Card,2406.92
BF02553,19-02-2024,Theresa Freeman,60+,Female,West Markberg,Mississippi,Crime,Beauty,8924,77,2052.52,4,Credit Card,324.92
BF02554,11-03-2024,Michael Mercado,46-60,Other,Amytown,North Carolina,Thousand,Beauty,32181,29,22848.51,4,Cash,3095.36
BF02555,14-01-2024,Lauren Valdez,36-45,Male,Myersside,Ohio,Example,Beauty,25720,39,15689.2,3,Gift Card,3653.89
BF02556,17-04-2024,Linda Hicks,60+,Male,Walshshire,Nebraska,Cold,Sports,25512,35,16582.8,3,Gift Card,1735.27
BF02557,01-11-2023,Deborah Davis,46-60,Female,Port Tonya,North Carolina,Plan,Home Appliances,9575,48,4979,1,Gift Card,1144.76
BF02558,14-05-2024,John Morales,46-60,Female,Lake Eric,Minnesota,Stage,Electronics,49866,55,22439.7,4,Cash,4766.7
BF02559,17-08-2024,Brian Anderson,46-60,Other,West Julia,Oregon,Only,Electronics,30311,51,14852.39,1,Gift Card,3319.34
BF02560,20-04-2024,Amanda Ford,36-45,Male,North Nathanielland,New York,Talk,Home Appliances,48970,75,12242.5,4,Credit Card,2792.98
BF02561,24-06-2024,Connie Evans,26-35,Female,Port Madisonbury,Alabama,Organization,Electronics,32301,37,20349.63,3,UPI,2045.64
BF02562,14-05-2024,Justin Hernandez,18-25,Male,West Tiffanyshire,Mississippi,School,Electronics,45971,48,23904.92,3,UPI,3422.21
BF02563,18-09-2024,Donald Bridges,46-60,Male,North Angelica,Idaho,Management,Beauty,31897,67,10526.01,3,Gift Card,2592.81
BF02564,14-12-2023,Ivan Young,36-45,Other,Richardsonchester,Pennsylvania,Give,Home Appliances,22932,53,10778.04,3,Cash,1516.45
BF02565,09-02-2024,Nancy Roman,60+,Female,East Jonathanfort,New Jersey,Book,Beauty,23922,71,6937.38,3,Debit Card,821.43
BF02566,19-11-2023,Lisa Walker,26-35,Male,Padillabury,New York,The,Clothing,31333,75,7833.25,2,UPI,1537.03
BF02567,28-10-2023,Jennifer Rice,36-45,Female,Webbmouth,North Carolina,Fine,Clothing,31190,55,14035.5,1,UPI,2214.07
BF02568,27-12-2023,Heather Jensen,46-60,Female,Annebury,Florida,Cut,Toys,36958,56,16261.52,1,Credit Card,1568.86
BF02569,19-04-2024,Regina Moreno,36-45,Male,West Michaelchester,Alabama,Coach,Toys,41712,74,10845.12,4,Cash,995.95
BF02570,28-05-2024,Alicia Keller,18-25,Female,Novaktown,Iowa,Baby,Clothing,21760,58,9139.2,1,Credit Card,1607.17
BF02571,24-09-2024,Omar Salazar,46-60,Other,West Zachary,Rhode Island,American,Sports,16570,39,10107.7,4,Debit Card,1627.46
BF02572,28-01-2024,Jonathan Schneider,60+,Other,South Danielmouth,Missouri,Return,Beauty,1138,22,887.64,4,Credit Card,94.8
BF02573,06-03-2024,Gene Robinson,60+,Other,Brownton,Iowa,Explain,Beauty,49679,12,43717.52,4,Gift Card,10685.64
BF02574,17-01-2024,Barbara Wilkins,18-25,Male,Brentfurt,Nebraska,Expert,Toys,44207,11,39344.23,4,Debit Card,2766.89
BF02575,17-10-2023,Daniel Palmer,60+,Other,Lake Michaelmouth,South Carolina,Subject,Electronics,47137,30,32995.9,3,UPI,2367.41
BF02576,20-04-2024,Heather Alvarez,46-60,Other,South Kristina,Nebraska,Board,Clothing,30164,50,15082,3,UPI,3275.28
BF02577,28-09-2024,Wendy Murphy,36-45,Female,Wheelerview,Montana,Meeting,Clothing,39234,24,29817.84,4,UPI,5387.37
BF02578,14-01-2024,Erica Rodriguez,46-60,Other,South Toddfurt,Vermont,Nation,Beauty,20546,71,5958.34,1,Debit Card,494.88
BF02579,12-10-2023,John Andrews,46-60,Female,Port Markchester,Oklahoma,Building,Beauty,18504,73,4996.08,3,Cash,573.9
BF02580,27-01-2024,Daniel Smith,46-60,Male,Lake Michael,Missouri,Bill,Home Appliances,25856,58,10859.52,1,Gift Card,1592.75
BF02581,06-03-2024,Garrett Williams,18-25,Female,Reynoldsfurt,Connecticut,Defense,Electronics,14611,36,9351.04,3,Debit Card,1231.16
BF02582,13-08-2024,Daniel Carlson,26-35,Male,Andretown,North Dakota,And,Sports,25729,48,13379.08,3,Gift Card,1476.75
BF02583,25-06-2024,Corey Henderson,60+,Male,Autumnbury,Ohio,Often,Beauty,30007,21,23705.53,1,Gift Card,5750.32
BF02584,07-02-2024,Lisa Huff,60+,Other,Lauramouth,Idaho,Life,Sports,2850,72,798,4,UPI,125.57
BF02585,19-12-2023,John Martin,36-45,Other,Ellishaven,Virginia,Life,Beauty,43450,12,38236,1,UPI,3945.37
BF02586,05-04-2024,Sean Johnson,36-45,Other,North Rhonda,New Mexico,Be,Electronics,16112,17,13372.96,4,Cash,2119.38
BF02587,19-01-2024,Henry Jensen,18-25,Male,Johnhaven,Montana,See,Home Appliances,23409,67,7724.97,3,UPI,782.9
BF02588,26-03-2024,Robert Harper,26-35,Female,East Kelly,Arizona,Throughout,Sports,26544,40,15926.4,1,UPI,1450.44
BF02589,16-06-2024,Brent Hicks,46-60,Other,North Beverly,Pennsylvania,Trial,Sports,35210,12,30984.8,4,Credit Card,5538.83
BF02590,06-07-2024,Amanda Obrien,46-60,Other,Randolphport,Hawaii,Bad,Toys,47216,27,34467.68,2,Credit Card,2408.93
BF02591,19-01-2024,Michael Martin,60+,Other,South Mary,Rhode Island,Exist,Toys,28245,46,15252.3,2,UPI,2366.11
BF02592,16-03-2024,Jenna Roach,26-35,Female,Torresberg,Nevada,Wait,Beauty,19429,42,11268.82,2,UPI,2658.71
BF02593,23-02-2024,Kenneth Miller,18-25,Male,Selenahaven,North Carolina,Although,Beauty,5676,18,4654.32,2,Gift Card,1060.04
BF02594,07-02-2024,Garrett Greene,46-60,Other,North Heathertown,Hawaii,Property,Electronics,23225,29,16489.75,4,Debit Card,3889.58
BF02595,13-06-2024,Karen Cooley,46-60,Male,South Heatherfort,New Hampshire,Artist,Clothing,4089,64,1472.04,1,Credit Card,330.82
BF02596,05-01-2024,William Ware,18-25,Female,Rogersview,Alaska,Analysis,Home Appliances,41527,30,29068.9,2,Credit Card,2269.15
BF02597,05-08-2024,Maria Wolf,26-35,Female,Lake Raymond,Texas,Act,Sports,2316,76,555.84,3,Credit Card,125.97
BF02598,14-02-2024,Ashley Carrillo,60+,Other,Lyonsland,Massachusetts,About,Home Appliances,25357,69,7860.67,2,UPI,721.97
BF02599,08-08-2024,Lisa Stevenson,46-60,Other,Matthewshire,Missouri,Others,Beauty,46103,71,13369.87,2,Gift Card,1378.62
BF02600,26-10-2023,Joshua Campbell,60+,Female,Lake Reginaton,Delaware,Try,Electronics,5837,57,2509.91,1,Gift Card,502.05
BF02601,08-11-2023,Oscar Taylor,60+,Other,North Marcusbury,Rhode Island,Down,Home Appliances,22020,74,5725.2,3,Debit Card,967.54
BF02602,17-06-2024,Peter Dunn,18-25,Other,East Stephen,Iowa,Major,Sports,48676,62,18496.88,4,UPI,2276.92
BF02603,17-08-2024,Jason Rodriguez,18-25,Other,Cameronfort,Utah,Interesting,Toys,20378,59,8354.98,3,Debit Card,546.92
BF02604,25-04-2024,Monica Thomas,36-45,Other,North Jenniferstad,Montana,Offer,Clothing,36520,26,27024.8,1,Debit Card,6093.03
BF02605,24-05-2024,Hannah Larson,26-35,Male,Lake Paulton,Colorado,Us,Electronics,31748,12,27938.24,2,Gift Card,6390.65
BF02606,01-09-2024,Danielle Gonzalez,60+,Male,Wellsburgh,Pennsylvania,Participant,Beauty,9499,67,3134.67,2,Credit Card,388.56
BF02607,20-04-2024,Craig Juarez,36-45,Other,Lake Charles,Maryland,System,Electronics,31168,51,15272.32,1,Debit Card,2281.3
BF02608,04-01-2024,Steven Turner,36-45,Other,Lake Jason,Montana,Month,Electronics,2962,53,1392.14,4,Gift Card,232.26
BF02609,11-09-2024,Derek Holt,60+,Other,Callahanview,Texas,Room,Electronics,42968,34,28358.88,1,UPI,4506.81
BF02610,27-01-2024,James Williams,18-25,Other,New Adrianchester,North Dakota,Morning,Electronics,26594,70,7978.2,3,UPI,564.8
BF02611,18-10-2023,Timothy Wood,26-35,Male,Williamsside,Nebraska,Leave,Sports,15021,12,13218.48,4,Cash,2076.91
BF02612,21-08-2024,Dennis Esparza,36-45,Female,Lindseymouth,Missouri,Character,Sports,29853,34,19702.98,3,Gift Card,3283.63
BF02613,28-03-2024,Michelle Ford,26-35,Female,Paulfort,Montana,Already,Toys,9326,23,7181.02,3,Cash,1564.43
BF02614,25-08-2024,Timothy Thompson,26-35,Female,Bridgesmouth,Oklahoma,Far,Clothing,5314,15,4516.9,2,Debit Card,430.18
BF02615,19-09-2024,Tammy Thomas,26-35,Female,Benjaminfort,Illinois,Speech,Beauty,18259,46,9859.86,4,Credit Card,1510.42
BF02616,17-07-2024,Jacqueline Spears,46-60,Female,Emilyburgh,Tennessee,Use,Toys,9663,36,6184.32,2,Debit Card,824.65
BF02617,22-08-2024,Aaron Perkins,46-60,Male,Websterland,Maryland,Team,Sports,31349,72,8777.72,3,UPI,1162.84
BF02618,28-09-2024,Jeremy Henson,60+,Female,Murrayton,Oklahoma,Camera,Sports,28832,63,10667.84,3,UPI,686.82
BF02619,10-08-2024,Crystal Bentley,26-35,Other,Jenniferfort,California,Close,Clothing,30099,74,7825.74,3,Cash,1294.55
BF02620,30-03-2024,David Macdonald,60+,Male,South Tamara,Louisiana,He,Home Appliances,26660,46,14396.4,3,Gift Card,916.37
BF02621,30-05-2024,Ruth Wall,60+,Female,East Amandabury,Utah,About,Toys,38623,12,33988.24,2,Cash,2439.05
BF02622,27-06-2024,Kyle Johnson,26-35,Female,Lake Arianabury,South Dakota,Security,Beauty,20961,45,11528.55,2,Cash,888.34
BF02623,16-09-2024,Alicia Ramos,46-60,Female,East Vickiehaven,Oklahoma,Home,Electronics,32104,59,13162.64,4,Cash,934.61
BF02624,31-10-2023,Elizabeth Morris,36-45,Male,West John,Rhode Island,Commercial,Beauty,18330,58,7698.6,4,Cash,1605.27
BF02625,29-03-2024,Anthony Wood,46-60,Female,East Tyler,Colorado,Family,Sports,47743,59,19574.63,3,Gift Card,3258.23
BF02626,13-05-2024,Pamela Ortiz,36-45,Male,New Ryanmouth,Massachusetts,First,Sports,2529,13,2200.23,1,Cash,223.73
BF02627,15-10-2023,Peter Smith,60+,Female,South Shannonbury,Pennsylvania,Town,Clothing,27145,53,12758.15,4,Gift Card,1532.33
BF02628,17-01-2024,Joshua Johnson,26-35,Male,Hernandezbury,Nevada,Report,Beauty,25824,62,9813.12,1,Debit Card,1228.26
BF02629,25-12-2023,Lisa Meyers,60+,Other,Fosterside,Rhode Island,Impact,Home Appliances,4307,46,2325.78,1,Cash,142.92
BF02630,19-03-2024,Brandi Lee,26-35,Female,Robertfort,Oregon,Order,Toys,39444,20,31555.2,4,Debit Card,3642.49
BF02631,26-06-2024,Mark Nichols,26-35,Male,Rollinston,Rhode Island,Hair,Toys,15420,71,4471.8,2,Cash,289.27
BF02632,10-07-2024,Elizabeth Williams,18-25,Female,East Markfurt,Wyoming,Sense,Electronics,21967,66,7468.78,2,UPI,1039.8
BF02633,23-03-2024,Timothy Mckenzie,36-45,Female,New Anthony,Nebraska,Save,Clothing,12987,56,5714.28,3,Debit Card,1219.23
BF02634,08-11-2023,Lori Black,46-60,Male,Mcguireborough,Maryland,Bring,Sports,41307,66,14044.38,3,Gift Card,2355.72
BF02635,20-12-2023,David Chavez,36-45,Other,West Mary,Illinois,Society,Home Appliances,40201,40,24120.6,4,Gift Card,4985.3
BF02636,28-07-2024,Anthony Carter,36-45,Other,West Teresabury,Massachusetts,Military,Clothing,40434,74,10512.84,4,UPI,2197.01
BF02637,30-10-2023,Alyssa Shepherd,26-35,Male,Lake Emilyhaven,Colorado,Nothing,Beauty,10599,16,8903.16,4,Gift Card,1299.19
BF02638,19-03-2024,Tammy Schmidt,18-25,Male,East Shannontown,New Hampshire,Growth,Clothing,2261,25,1695.75,1,Debit Card,208.32
BF02639,16-02-2024,Kimberly Harrison,26-35,Other,Shannonport,Kansas,Sister,Sports,16785,62,6378.3,2,Debit Card,444.79
BF02640,20-01-2024,Shannon Bryant,60+,Female,West Coreymouth,Washington,Knowledge,Beauty,8251,18,6765.82,3,Credit Card,385.67
BF02641,14-11-2023,Jackson Nelson,26-35,Other,Coryland,Washington,War,Beauty,33667,67,11110.11,4,Debit Card,2561.86
BF02642,25-09-2024,Bruce Hughes MD,60+,Male,East Chadside,Florida,Point,Home Appliances,8964,40,5378.4,2,Gift Card,780.62
BF02643,03-08-2024,Anna Hudson,26-35,Male,South Johnny,Michigan,Hard,Sports,43679,32,29701.72,2,Credit Card,1814.78
BF02644,05-04-2024,Sharon Oconnor,18-25,Male,Carlsonfurt,Ohio,Million,Home Appliances,9052,51,4435.48,2,UPI,782.17
BF02645,16-08-2024,Teresa Obrien,46-60,Female,Sharonborough,South Dakota,Son,Electronics,47685,76,11444.4,2,Credit Card,1397.1
BF02646,21-11-2023,Kenneth Aguilar,18-25,Other,Walterfurt,Alaska,Easy,Electronics,18164,40,10898.4,1,Credit Card,988.29
BF02647,01-07-2024,Cheryl Gray,60+,Other,West Hunter,Vermont,Against,Beauty,7141,60,2856.4,1,Debit Card,349.64
BF02648,02-03-2024,Neil Miller,18-25,Male,Laurieville,Rhode Island,Her,Sports,27222,77,6261.06,4,Debit Card,1425.8
BF02649,04-05-2024,Willie Walters,36-45,Male,Collinsmouth,Nebraska,Himself,Electronics,10815,20,8652,4,Gift Card,680.62
BF02650,27-11-2023,Steven Goodman,36-45,Male,Lake Alyssa,Hawaii,Necessary,Electronics,48100,39,29341,3,Credit Card,6716.41
BF02651,22-12-2023,Tracey Bond,46-60,Female,Carpenterfurt,Louisiana,Hold,Electronics,9907,50,4953.5,3,Gift Card,716.25
BF02652,08-05-2024,Derrick Osborn,46-60,Female,South Sydney,New York,Subject,Toys,14988,53,7044.36,1,Gift Card,924.54
BF02653,02-08-2024,Daniel Hill,18-25,Female,Frankton,Colorado,Born,Sports,11271,13,9805.77,1,Credit Card,1558.59
BF02654,19-01-2024,Molly Gonzales,26-35,Female,New Christineberg,Utah,Live,Clothing,44109,70,13232.7,4,Gift Card,2155.09
BF02655,12-01-2024,Shane Rodriguez,36-45,Female,Leemouth,Iowa,Room,Sports,45403,63,16799.11,3,UPI,2726.07
BF02656,10-09-2024,Joel Grant,26-35,Female,Lake Ryan,Nevada,Message,Toys,9843,46,5315.22,3,Cash,582.09
BF02657,17-04-2024,Douglas Gonzalez,26-35,Other,Lake Samantha,Georgia,Sometimes,Home Appliances,2505,64,901.8,1,Cash,215.81
BF02658,02-11-2023,Brian Gonzalez,18-25,Other,Martinmouth,Wisconsin,Sport,Beauty,34984,25,26238,3,Gift Card,2955.09
BF02659,13-11-2023,Kyle Barnes,46-60,Male,New Annatown,Michigan,Study,Home Appliances,37444,35,24338.6,1,UPI,5792.06
BF02660,24-10-2023,Michael Hodge,18-25,Female,Burkeshire,Montana,Do,Home Appliances,45814,31,31611.66,4,UPI,3719.57
BF02661,30-07-2024,Claudia Gates,36-45,Female,Jonesview,Utah,Throw,Beauty,27472,13,23900.64,4,Gift Card,3145.13
BF02662,28-01-2024,Carolyn Turner,46-60,Male,Lake Shellyton,Wyoming,Light,Electronics,29694,25,22270.5,1,Cash,3079.55
BF02663,06-07-2024,Jessica Watson,18-25,Other,Robinsonberg,Alabama,On,Home Appliances,38887,17,32276.21,2,Debit Card,2042.41
BF02664,31-07-2024,Frank Garcia,60+,Other,Meyersside,Utah,Phone,Electronics,39906,35,25938.9,1,UPI,3640.76
BF02665,27-12-2023,Todd Yang,26-35,Male,Garciafurt,Kentucky,Brother,Electronics,22760,77,5234.8,1,UPI,265.33
BF02666,19-08-2024,Michelle Ward,36-45,Other,New Patriciastad,Alaska,Sign,Home Appliances,6482,22,5055.96,2,UPI,766.44
BF02667,10-12-2023,Derrick Norton,36-45,Other,Watsonbury,Wyoming,Product,Electronics,22221,59,9110.61,4,Gift Card,530.11
BF02668,12-09-2024,Frances Smith,46-60,Female,Andreamouth,Oregon,Increase,Clothing,4173,13,3630.51,1,Gift Card,225.91
BF02669,25-01-2024,Latoya Edwards,26-35,Female,New William,Alaska,Natural,Electronics,41617,46,22473.18,2,UPI,3069.15
BF02670,06-02-2024,Tanya Cooper,36-45,Female,Younghaven,Oregon,Analysis,Toys,28422,54,13074.12,3,Debit Card,1480.84
BF02671,16-12-2023,Stephen Wright MD,18-25,Other,Richardland,Indiana,Matter,Home Appliances,802,71,232.58,2,Debit Card,24.82
BF02672,06-02-2024,Robin Morris,36-45,Female,New Nicholas,Florida,Avoid,Sports,38325,25,28743.75,1,Cash,3357.38
BF02673,25-11-2023,Edwin Adams,36-45,Female,Johnsonfort,Florida,Mind,Toys,34893,39,21284.73,4,Gift Card,2892.76
BF02674,31-07-2024,William Carroll,46-60,Other,Port Jennifershire,New Mexico,Figure,Sports,49194,22,38371.32,1,UPI,6408.02
BF02675,24-10-2023,Amanda Combs,18-25,Female,East Zachary,Texas,Official,Toys,34649,52,16631.52,3,Gift Card,1507.39
BF02676,28-11-2023,Mr. Kevin Parsons DDS,18-25,Other,West Stacyfurt,North Dakota,Food,Clothing,47922,18,39296.04,1,UPI,8755.49
BF02677,25-08-2024,Stacy Collins,18-25,Other,North Michaelberg,Idaho,Outside,Electronics,7984,47,4231.52,2,Gift Card,592.82
BF02678,07-07-2024,Melissa Dougherty,18-25,Female,Christineshire,Louisiana,Challenge,Clothing,47636,68,15243.52,4,Cash,3509.45
BF02679,05-01-2024,Adrian Cox,60+,Other,North Loganburgh,Alabama,Place,Toys,16487,56,7254.28,2,Credit Card,1451.87
BF02680,29-03-2024,Lauren Shea,46-60,Male,North Elizabethfurt,Florida,A,Sports,5661,19,4585.41,4,UPI,481.52
BF02681,28-07-2024,Terri Nelson,36-45,Female,Thomasberg,Missouri,Society,Beauty,15068,29,10698.28,1,Debit Card,784.93
BF02682,18-12-2023,Matthew Michael,18-25,Female,Richville,South Dakota,Gas,Home Appliances,29218,55,13148.1,4,Cash,863.94
BF02683,20-10-2023,Tara Munoz,46-60,Female,West Deborahland,Massachusetts,Son,Toys,20068,39,12241.48,1,Cash,1789.53
BF02684,10-09-2024,Monica Day,60+,Male,East Stephenview,Montana,Wide,Home Appliances,38004,10,34203.6,4,Gift Card,2263.06
BF02685,29-08-2024,Stephanie Adams,18-25,Female,Cruzbury,Colorado,Own,Beauty,43646,48,22695.92,3,Debit Card,1745.36
BF02686,02-12-2023,Amy Boyer,46-60,Female,North Davidfort,New Hampshire,Individual,Toys,13125,21,10368.75,4,Debit Card,1872.72
BF02687,05-03-2024,Ricky Anderson,18-25,Female,South Dustin,Wyoming,Production,Sports,8420,48,4378.4,1,UPI,254.98
BF02688,23-11-2023,Sean Chan,26-35,Other,East Amanda,New York,Especially,Electronics,31115,76,7467.6,4,UPI,1033.69
BF02689,18-07-2024,Patrick Baldwin,18-25,Female,Meredithfurt,Maine,Language,Clothing,38845,54,17868.7,2,Gift Card,1426.34
BF02690,04-06-2024,Monica Keller,60+,Female,Thomasstad,Maine,Project,Sports,5823,61,2270.97,2,Credit Card,226.38
BF02691,14-03-2024,Anthony Thomas,60+,Female,Melissaville,California,Society,Clothing,34861,49,17779.11,4,UPI,2728.26
BF02692,28-05-2024,Brian Diaz,18-25,Female,Lake Jonathan,Illinois,Food,Home Appliances,11248,34,7423.68,4,UPI,937.92
BF02693,19-02-2024,Carla Howard,60+,Other,Port Robert,Delaware,Rock,Home Appliances,32068,32,21806.24,2,Credit Card,3758.63
BF02694,22-05-2024,Susan Zavala,26-35,Male,New Davidstad,Wyoming,Reduce,Beauty,24599,50,12299.5,3,UPI,2364.67
BF02695,17-07-2024,Lauren Hebert,36-45,Other,West Jennifer,Pennsylvania,Various,Sports,30272,47,16044.16,3,Cash,2527.01
BF02696,04-06-2024,Rebecca Thompson,18-25,Female,Andreashire,Arkansas,Increase,Toys,5662,30,3963.4,1,Gift Card,387.06
BF02697,13-09-2024,Michael Cole,46-60,Female,North Timothyshire,Louisiana,Action,Sports,25647,16,21543.48,1,Credit Card,3346.06
BF02698,19-12-2023,Billy Garcia,46-60,Other,Hudsonport,Rhode Island,Mission,Toys,7613,16,6394.92,4,Debit Card,525.65
BF02699,14-03-2024,Daniel Schroeder,36-45,Male,Jessicaside,Kansas,Usually,Sports,44743,22,34899.54,4,UPI,2564.33
BF02700,10-03-2024,Benjamin Taylor,36-45,Other,Greenchester,Mississippi,Agree,Electronics,20748,59,8506.68,2,UPI,2014.45
BF02701,22-04-2024,Ashley Quinn,60+,Male,Stephenchester,Pennsylvania,Training,Sports,30084,37,18952.92,4,UPI,2666.63
BF02702,04-11-2023,Michael Benson,36-45,Female,Jonesstad,Vermont,Good,Sports,11437,52,5489.76,2,Cash,453.05
BF02703,17-02-2024,Cory Taylor,46-60,Other,Leefurt,New Jersey,Likely,Home Appliances,21612,19,17505.72,1,Cash,3253.31
BF02704,30-11-2023,Troy Massey,18-25,Female,East Jeremyfort,California,High,Sports,44859,12,39475.92,2,Cash,7099.66
BF02705,01-10-2024,Madison Mercer,60+,Male,Alexaville,Minnesota,For,Sports,19734,15,16773.9,1,Gift Card,2051.16
BF02706,17-07-2024,Melissa Obrien,60+,Female,Lake Tammy,Oklahoma,Budget,Beauty,19581,62,7440.78,1,Gift Card,1203.67
BF02707,20-05-2024,Danielle Stephens,46-60,Female,New Thomas,California,East,Electronics,45260,43,25798.2,3,Cash,3625.57
BF02708,22-12-2023,Sheila Cantu,18-25,Female,New Christopher,Delaware,About,Clothing,33296,25,24972,2,Credit Card,4732.34
BF02709,11-02-2024,Jocelyn Winters,46-60,Male,Michaelborough,New Jersey,Teach,Electronics,27792,70,8337.6,1,Cash,619.63
BF02710,30-12-2023,Maria Davidson,46-60,Male,West Matthew,Colorado,Rest,Beauty,1632,61,636.48,1,Gift Card,70.4
BF02711,29-01-2024,Tracy Bentley,18-25,Other,Perrytown,Kentucky,Painting,Clothing,2058,55,926.1,3,Debit Card,51.83
BF02712,28-02-2024,Paul Roberts,36-45,Female,Castrotown,Wisconsin,Space,Beauty,16193,40,9715.8,4,Gift Card,1156.86
BF02713,14-03-2024,Angela Lee,46-60,Female,East Michael,New York,Space,Toys,8234,65,2881.9,1,Cash,551.73
BF02714,16-11-2023,Eric Singleton,26-35,Other,East Peggy,South Dakota,Able,Electronics,36540,59,14981.4,4,UPI,1176.67
BF02715,03-08-2024,Nancy Thomas,46-60,Female,South Jamiefort,Alaska,Industry,Toys,45185,41,26659.15,2,Gift Card,4983.46
BF02716,27-07-2024,David Mcfarland,60+,Other,West Ashley,Vermont,Red,Beauty,13596,28,9789.12,3,Cash,1124.24
BF02717,01-01-2024,Amanda Holland,26-35,Female,Davisstad,Oregon,Feel,Clothing,35518,63,13141.66,4,Gift Card,3281.51
BF02718,19-09-2024,Michael Hill,18-25,Other,Cannonville,Kansas,Catch,Electronics,9353,12,8230.64,3,Credit Card,793.97
BF02719,26-04-2024,Kevin Howard,60+,Other,Robertchester,Oklahoma,Many,Home Appliances,39367,37,24801.21,2,Credit Card,1998.32
BF02720,15-11-2023,William Tran,26-35,Other,East Danny,Idaho,Agent,Electronics,25862,78,5689.64,1,Credit Card,1015.33
BF02721,08-01-2024,Amanda Spencer,46-60,Other,Reynoldsberg,Montana,Create,Toys,20398,53,9587.06,4,Credit Card,2025.07
BF02722,19-02-2024,Christopher Davila,18-25,Other,Clintonfurt,Idaho,Fast,Electronics,45066,79,9463.86,4,Cash,1132.07
BF02723,17-11-2023,Antonio George,18-25,Male,North Stevenland,Oklahoma,Account,Clothing,6801,26,5032.74,2,Debit Card,653.66
BF02724,21-03-2024,Kyle Dunlap,46-60,Other,Westville,Ohio,Too,Toys,21607,66,7346.38,1,Credit Card,1506.62
BF02725,28-02-2024,Eric Sutton,60+,Other,North Donnachester,South Dakota,Nothing,Clothing,24239,44,13573.84,2,UPI,1552.95
BF02726,29-08-2024,Carolyn Coleman,36-45,Female,Port Jamesshire,Michigan,Political,Sports,7040,13,6124.8,3,Credit Card,1220.54
BF02727,05-07-2024,Mrs. Patricia Nguyen,36-45,Other,Mirandaport,Georgia,Direction,Toys,4840,32,3291.2,4,Credit Card,655.38
BF02728,19-05-2024,Christopher Mcdonald,26-35,Male,Tracyshire,New Mexico,Court,Toys,29285,29,20792.35,1,Cash,4333.12
BF02729,25-04-2024,Regina Kelly,36-45,Male,South Melissa,New Mexico,Shoulder,Beauty,28045,75,7011.25,4,Cash,1556.58
BF02730,20-04-2024,Michael Wang,18-25,Female,South Patrickmouth,Illinois,Agreement,Beauty,48900,37,30807,3,UPI,4213.65
BF02731,26-04-2024,Danielle Fernandez,46-60,Male,Pagestad,Arizona,Moment,Beauty,33220,54,15281.2,1,Debit Card,2739.29
BF02732,06-02-2024,Sean Lewis,36-45,Other,Thomasberg,South Carolina,Similar,Home Appliances,506,30,354.2,1,Cash,57.64
BF02733,10-02-2024,Nicholas Dunn,60+,Other,Campbellmouth,Georgia,It,Beauty,32401,37,20412.63,1,Credit Card,2284.52
BF02734,26-11-2023,Lisa Jones,60+,Other,Stanleyborough,North Dakota,Leave,Electronics,30178,58,12674.76,3,Cash,1177.92
BF02735,27-07-2024,Cynthia Perry,46-60,Other,New Louisview,Alaska,First,Home Appliances,16580,16,13927.2,4,Gift Card,1572.12
BF02736,05-06-2024,Michelle Peters,18-25,Female,South Michael,Wyoming,Statement,Clothing,27985,63,10354.45,2,Gift Card,678.18
BF02737,28-10-2023,Michael Anderson,46-60,Other,Davidville,Georgia,Play,Home Appliances,36723,54,16892.58,2,Credit Card,2771.25
BF02738,10-09-2024,Kimberly Brown,36-45,Female,Port Sophia,Rhode Island,Test,Clothing,6559,54,3017.14,4,Cash,205.22
BF02739,09-07-2024,Richard Day,60+,Male,West Kevin,Connecticut,Machine,Electronics,40449,15,34381.65,2,Debit Card,3948.7
BF02740,29-04-2024,Jeremy Hopkins,46-60,Other,Lake Carlburgh,Rhode Island,Soldier,Clothing,30940,11,27536.6,4,Gift Card,2900.82
BF02741,26-04-2024,Jeffrey Cole,18-25,Male,Adamview,Montana,Walk,Toys,49616,67,16373.28,3,Debit Card,3791.18
BF02742,13-09-2024,Joseph Brown,46-60,Other,Burnsstad,Arkansas,Father,Sports,24312,33,16289.04,4,Credit Card,3245.3
BF02743,02-11-2023,James Gonzalez,60+,Female,Hortonborough,California,Seem,Toys,9916,63,3668.92,4,Debit Card,596.47
BF02744,14-01-2024,Kelly White,18-25,Other,South Benjaminfurt,Illinois,Create,Home Appliances,49770,72,13935.6,4,Debit Card,2060.9
BF02745,15-06-2024,Jennifer Marshall,36-45,Male,South Zachary,West Virginia,Produce,Electronics,44135,55,19860.75,4,Debit Card,4258.37
BF02746,23-08-2024,Brandon Brown,18-25,Male,Donaldtown,South Carolina,Population,Sports,8683,71,2518.07,1,Cash,440.31
BF02747,06-05-2024,Christina Williams,60+,Other,Cherylborough,Massachusetts,Dinner,Home Appliances,21553,50,10776.5,1,UPI,666.43
BF02748,11-07-2024,Lisa Morales,36-45,Female,Angelaland,Vermont,Oil,Home Appliances,5679,49,2896.29,3,Credit Card,616.08
BF02749,03-09-2024,Stephanie Smith,18-25,Male,Payneport,Tennessee,Throw,Clothing,39332,74,10226.32,3,Cash,1872.69
BF02750,04-08-2024,Courtney Mack,18-25,Female,Ryanmouth,Alabama,Back,Beauty,37646,40,22587.6,2,Gift Card,2774.9
BF02751,16-08-2024,Juan Wu,26-35,Other,Greenside,Georgia,Current,Electronics,17489,48,9094.28,3,UPI,1342.4
BF02752,08-08-2024,Thomas Crane,60+,Other,Christophermouth,Arkansas,Town,Clothing,10417,49,5312.67,2,UPI,1038.27
BF02753,12-08-2024,Nicholas Lopez,26-35,Other,Haleyside,Oklahoma,Discuss,Clothing,7841,79,1646.61,2,UPI,172.83
BF02754,27-12-2023,Glen Davis,60+,Female,Michaelshire,Iowa,Cut,Clothing,46674,48,24270.48,4,Gift Card,3287.04
BF02755,29-07-2024,Samantha Reed,60+,Male,Tranbury,Missouri,Discussion,Beauty,12545,19,10161.45,1,UPI,1169.18
BF02756,01-02-2024,Erik Castro,26-35,Male,East Curtis,Wisconsin,Top,Home Appliances,22170,40,13302,4,Credit Card,2455.58
BF02757,09-07-2024,Dr. Jessica Reid,60+,Other,Charlestown,Michigan,Fill,Home Appliances,17996,60,7198.4,3,Gift Card,1057.79
BF02758,04-08-2024,Jack Barron,26-35,Female,Whitebury,Arizona,Edge,Clothing,43468,18,35643.76,1,UPI,4815.58
BF02759,27-08-2024,Tanya Reynolds,60+,Male,New Karenmouth,Ohio,We,Sports,9214,26,6818.36,4,Gift Card,1114.83
BF02760,21-03-2024,Michael Armstrong,60+,Other,Herreraburgh,Maryland,Size,Electronics,6142,12,5404.96,3,Gift Card,494.31
BF02761,04-06-2024,Lauren Garcia,46-60,Female,Wilsonville,New Jersey,Here,Home Appliances,5339,21,4217.81,2,Gift Card,1004.82
BF02762,21-12-2023,Joseph Calderon,26-35,Other,Rubenberg,Missouri,Rule,Clothing,38753,53,18213.91,3,UPI,3132.57
BF02763,23-08-2024,Kelsey Knapp,60+,Female,Matthewberg,Nevada,Republican,Beauty,1737,47,920.61,4,UPI,174.46
BF02764,06-01-2024,Eric Golden,18-25,Other,Jamesview,Idaho,Maybe,Beauty,13107,62,4980.66,3,Gift Card,878.01
BF02765,21-07-2024,Becky Hoffman,18-25,Female,Morrisport,Connecticut,Experience,Toys,688,58,288.96,4,Credit Card,14.57
BF02766,12-05-2024,Julia Mccoy,60+,Other,Lake Kim,Wyoming,Song,Electronics,23958,64,8624.88,4,UPI,624.94
BF02767,16-06-2024,Brandon Morgan,26-35,Other,West Davidmouth,Iowa,Economic,Sports,44476,43,25351.32,2,Cash,5195.27
BF02768,04-03-2024,Daniel Morris,26-35,Female,Port Richardland,West Virginia,High,Sports,36475,38,22614.5,4,Gift Card,4104.4
BF02769,21-09-2024,Jessica Kelly,36-45,Male,Robertside,Wisconsin,Fund,Toys,5281,63,1953.97,4,Debit Card,219.59
BF02770,14-06-2024,Jennifer Romero,26-35,Female,Brittanyburgh,Idaho,Subject,Beauty,3703,78,814.66,4,UPI,153.28
BF02771,21-12-2023,Amy Garcia,36-45,Other,Davisburgh,Massachusetts,And,Sports,39229,46,21183.66,3,UPI,1218.42
BF02772,16-10-2023,Brian Thomas,36-45,Other,Kellyville,Iowa,Brother,Toys,8029,50,4014.5,4,Debit Card,973.53
BF02773,10-03-2024,Adrienne Jarvis,36-45,Female,Kirstenbury,Pennsylvania,Too,Beauty,10909,42,6327.22,4,UPI,1306.83
BF02774,01-08-2024,Shannon Marshall,18-25,Female,Schultzport,Delaware,Song,Beauty,3963,13,3447.81,4,Credit Card,458.8
BF02775,22-07-2024,Brittany Patel,18-25,Other,Lake Ronaldtown,Georgia,Across,Clothing,878,52,421.44,3,Debit Card,77.37
BF02776,01-04-2024,Alejandra Thompson,36-45,Female,New Rachelbury,Massachusetts,Human,Clothing,14452,33,9682.84,3,Debit Card,1309.47
BF02777,24-02-2024,Christopher Ballard,26-35,Male,Sabrinaberg,Arizona,Consumer,Clothing,34568,69,10716.08,3,Debit Card,1495.25
BF02778,03-11-2023,Thomas Cain,46-60,Male,North Karenfort,Rhode Island,Year,Sports,11807,36,7556.48,1,Cash,650.39
BF02779,23-07-2024,Jacqueline Cole,46-60,Female,West Scottview,New Mexico,Art,Clothing,6454,47,3420.62,2,Debit Card,258.79
BF02780,31-05-2024,Thomas Johnston,60+,Other,Potterberg,New Hampshire,South,Toys,39522,30,27665.4,3,Gift Card,5247.43
BF02781,13-12-2023,Jack Shaw,26-35,Male,North Brianna,Kentucky,Pass,Clothing,14258,12,12547.04,2,Gift Card,2763.08
BF02782,28-11-2023,Meredith Hampton,26-35,Female,North Loriville,Tennessee,Feeling,Home Appliances,6776,49,3455.76,4,Gift Card,195
BF02783,01-06-2024,Joshua Merritt,36-45,Male,Jamesshire,Utah,Stock,Beauty,18849,58,7916.58,1,Cash,1889.26
BF02784,19-07-2024,Maria Booth,36-45,Male,Melvinville,Louisiana,Family,Electronics,25825,58,10846.5,3,Cash,1541.63
BF02785,21-09-2024,Gary Bowman,46-60,Other,Port Lorraine,Alabama,Scientist,Sports,6049,18,4960.18,2,Gift Card,1143.68
BF02786,30-10-2023,Stephen Flores,18-25,Other,Lake Kimberlyshire,Florida,Talk,Toys,28921,40,17352.6,2,Debit Card,3010.15
BF02787,10-12-2023,Rodney Huerta,36-45,Male,Lake John,California,Across,Clothing,34002,28,24481.44,4,UPI,2130.9
BF02788,12-03-2024,Hailey Smith,60+,Other,Johnsonchester,New York,Sit,Electronics,27189,73,7341.03,4,UPI,1047.3
BF02789,13-02-2024,Danielle Torres,26-35,Male,Clarkstad,New Hampshire,Manage,Toys,18473,61,7204.47,4,Gift Card,1340.03
BF02790,19-01-2024,Dana Maxwell,60+,Male,East Elizabethchester,New Mexico,Pick,Sports,15424,32,10488.32,4,UPI,1416.17
BF02791,05-04-2024,Jonathan Watson,36-45,Female,West Dawnhaven,Wyoming,Wear,Electronics,6900,70,2070,2,UPI,108.01
BF02792,29-12-2023,Amber Mcknight,36-45,Female,Port Gregoryborough,Missouri,Evidence,Electronics,27980,17,23223.4,4,Debit Card,2716.25
BF02793,08-04-2024,Michael Haney,36-45,Male,Lewisburgh,Alaska,Sure,Sports,15275,25,11456.25,1,UPI,2093.09
BF02794,20-02-2024,Melissa Shepherd,36-45,Male,New Stephen,Virginia,Fear,Electronics,40980,53,19260.6,3,Gift Card,964.22
BF02795,28-01-2024,Alyssa Wright,60+,Male,Fishermouth,Texas,Face,Toys,44677,77,10275.71,2,Debit Card,1128.66
BF02796,11-04-2024,Debra Taylor,46-60,Female,New Zachary,Virginia,Particularly,Clothing,8040,49,4100.4,4,Cash,760.89
BF02797,05-12-2023,Jennifer Ward,60+,Other,Solisland,North Carolina,Agency,Beauty,48761,79,10239.81,3,Gift Card,743.24
BF02798,06-04-2024,Amanda Peterson,46-60,Male,Crawfordberg,Ohio,Be,Beauty,860,57,369.8,4,Gift Card,79.42
BF02799,22-10-2023,Kimberly Rice,26-35,Female,Vanessachester,Mississippi,Anyone,Home Appliances,44354,20,35483.2,4,Credit Card,5170.67
BF02800,09-11-2023,Mr. Michael Gardner,60+,Male,Lake Robert,Utah,Particularly,Toys,8433,36,5397.12,3,UPI,495.77
BF02801,19-10-2023,Dawn Mendez,46-60,Female,Lake Derek,Missouri,Company,Clothing,17263,45,9494.65,2,Gift Card,629.98
BF02802,02-10-2024,Mr. Chad Robinson,18-25,Other,West Jim,Colorado,Air,Home Appliances,30547,39,18633.67,1,Debit Card,1752.88
BF02803,03-02-2024,Marilyn Jackson,26-35,Other,South Andrew,Ohio,Sound,Electronics,46299,45,25464.45,2,Debit Card,5144.43
BF02804,03-12-2023,David Sanchez,18-25,Other,East Brianberg,Maine,Mr,Toys,10673,73,2881.71,4,Gift Card,604.28
BF02805,23-05-2024,Mr. Jerry Robinson,60+,Male,Thomastown,North Carolina,Left,Home Appliances,13219,52,6345.12,2,UPI,505.83
BF02806,11-01-2024,John Smith,18-25,Other,Port Kimberlyshire,Vermont,Statement,Toys,16150,58,6783,4,Gift Card,1003.33
BF02807,20-09-2024,Alexis Parks,46-60,Female,Kyleshire,Kentucky,Place,Sports,25280,73,6825.6,2,Credit Card,770.76
BF02808,22-12-2023,Tracie Mcguire,36-45,Male,East Juan,Arizona,Family,Toys,23837,58,10011.54,4,UPI,1559.74
BF02809,09-04-2024,Becky Ingram,46-60,Male,Steelestad,Florida,International,Clothing,838,57,360.34,3,Debit Card,73.18
BF02810,23-12-2023,Douglas Alexander,26-35,Male,Gonzalesfurt,Massachusetts,Which,Beauty,44579,30,31205.3,1,Gift Card,7028.74
BF02811,03-12-2023,Timothy Myers,60+,Other,South Dianeville,South Carolina,Perform,Beauty,42857,53,20142.79,3,Debit Card,3303.6
BF02812,25-04-2024,Karen Richmond,36-45,Other,Port Tamaratown,Hawaii,Dinner,Clothing,22682,11,20186.98,1,Debit Card,2950.36
BF02813,19-10-2023,Tristan Holt,46-60,Male,Aprilchester,Alabama,Military,Toys,34054,49,17367.54,2,UPI,2575.18
BF02814,15-01-2024,Samantha Jones,18-25,Male,North Christopher,Maine,Laugh,Sports,9354,77,2151.42,1,Credit Card,198.08
BF02815,24-01-2024,Nathan Coleman,46-60,Male,North Nicole,Michigan,Imagine,Clothing,41976,12,36938.88,2,Credit Card,8587.71
BF02816,20-10-2023,Tracy White,18-25,Female,Timothytown,Kentucky,Less,Toys,8241,22,6427.98,3,Cash,1123.43
BF02817,04-02-2024,Jose Lester MD,46-60,Other,South Tinastad,Washington,Around,Beauty,33368,52,16016.64,2,UPI,3786.19
BF02818,30-03-2024,Philip Macias,26-35,Female,Rodriguezburgh,Minnesota,Drive,Toys,10777,58,4526.34,2,Cash,485.57
BF02819,28-07-2024,Lisa Wilcox,36-45,Other,Shaneton,Connecticut,House,Clothing,36960,35,24024,4,Debit Card,4511.94
BF02820,10-04-2024,Annette Anderson,46-60,Male,Port Timothyburgh,Rhode Island,Light,Beauty,13582,76,3259.68,1,Gift Card,471.13
BF02821,05-03-2024,Daniel Tran,60+,Other,Warnerland,Michigan,Art,Electronics,2488,25,1866,1,Gift Card,200.61
BF02822,15-07-2024,Kelli Mcdowell,26-35,Female,West Kellyton,West Virginia,Bill,Beauty,7768,70,2330.4,3,Credit Card,361.96
BF02823,08-02-2024,Caitlin Hoffman,36-45,Female,Vazquezfurt,Missouri,Ability,Sports,8001,22,6240.78,2,Cash,1068.92
BF02824,05-01-2024,Jeffrey Kim,36-45,Female,New Hunter,Wyoming,Your,Clothing,10378,18,8509.96,2,Credit Card,1244.92
BF02825,20-02-2024,Kayla Orozco,18-25,Female,West Sheriport,Hawaii,Degree,Sports,45284,38,28076.08,2,Gift Card,5494.92
BF02826,08-09-2024,Nicholas Smith,36-45,Other,Port Hollychester,Louisiana,Instead,Toys,18722,42,10858.76,1,Cash,2591.51
BF02827,16-05-2024,Ralph Ruiz,26-35,Female,Lake Valerie,New Hampshire,Call,Beauty,8822,66,2999.48,4,Credit Card,318.35
BF02828,04-03-2024,Andrew Benjamin,26-35,Female,Garciaville,Texas,Instead,Home Appliances,11530,17,9569.9,3,Cash,1664.91
BF02829,29-05-2024,William Newton,26-35,Other,Port Julieton,Rhode Island,Dark,Home Appliances,34741,76,8337.84,2,Gift Card,1205.01
BF02830,31-10-2023,Todd Wall,36-45,Female,Foxberg,Washington,Section,Electronics,49785,42,28875.3,3,Gift Card,6179.29
BF02831,14-07-2024,Gregory Wells,36-45,Male,West Mikayla,Massachusetts,Process,Beauty,37276,29,26465.96,2,Credit Card,2450.18
BF02832,17-11-2023,Jessica Rowe,18-25,Other,Meghanville,Iowa,Station,Sports,45328,46,24477.12,2,Debit Card,3620.41
BF02833,30-12-2023,Mark Hicks,60+,Male,Lutzview,Montana,Suggest,Electronics,35066,46,18935.64,3,Debit Card,2338.77
BF02834,06-01-2024,Jessica Smith,36-45,Other,Matthewfurt,South Carolina,Weight,Clothing,33865,51,16593.85,1,Gift Card,2767.61
BF02835,27-11-2023,Stacy Williams,60+,Male,West Elizabethland,South Dakota,Among,Sports,49987,24,37990.12,4,Gift Card,4866.2
BF02836,29-05-2024,Todd Lowe PhD,60+,Male,Davidfort,Arkansas,Already,Electronics,45719,50,22859.5,2,Credit Card,2539.76
BF02837,18-11-2023,Katie Mullen,60+,Other,Devinburgh,Massachusetts,Nature,Home Appliances,19730,55,8878.5,1,Credit Card,1497.6
BF02838,07-04-2024,Hannah Brooks,60+,Male,Alexanderhaven,Colorado,Herself,Sports,33733,37,21251.79,3,Credit Card,3127
BF02839,02-01-2024,Mark Campos,60+,Female,Ericksonbury,Utah,Person,Home Appliances,3663,46,1978.02,4,Gift Card,372.81
BF02840,14-06-2024,Donna Faulkner,36-45,Female,North Nicole,Idaho,No,Sports,40278,15,34236.3,3,Credit Card,6869.47
BF02841,18-01-2024,Patricia Medina,26-35,Male,Mullenchester,Wyoming,Board,Home Appliances,22219,34,14664.54,2,Gift Card,3487.32
BF02842,19-08-2024,Samantha Burgess,60+,Other,Carriemouth,Maine,Big,Home Appliances,46933,36,30037.12,3,UPI,4662.67
BF02843,23-07-2024,Andrew Dennis,26-35,Male,West Elizabeth,Michigan,Billion,Toys,35802,78,7876.44,2,Gift Card,1587.23
BF02844,02-01-2024,Julie Armstrong,46-60,Female,Wardburgh,Texas,Throw,Sports,5579,36,3570.56,1,UPI,681.41
BF02845,31-03-2024,Danielle Ramirez,18-25,Male,Schaefershire,Louisiana,Conference,Sports,36464,18,29900.48,2,Gift Card,5594.55
BF02846,03-10-2024,Erin Cross,46-60,Male,New Briannafurt,Wyoming,Special,Sports,1443,39,880.23,2,UPI,171.26
BF02847,11-08-2024,Thomas Leach,46-60,Female,New Timothyburgh,Kentucky,Risk,Beauty,47062,63,17412.94,2,Cash,899.63
BF02848,24-06-2024,Stacy Garrett,26-35,Female,Port Carlosburgh,South Carolina,Where,Toys,46620,69,14452.2,2,Cash,3314.76
BF02849,06-11-2023,Paula Warren,18-25,Other,New Ryanburgh,Nebraska,Writer,Toys,48738,44,27293.28,3,UPI,5620.81
BF02850,30-12-2023,Laura Castillo,18-25,Female,South Jasminebury,Ohio,City,Clothing,1416,60,566.4,2,Debit Card,34.32
BF02851,20-12-2023,Nicole Lee,36-45,Male,Evansland,Minnesota,Everything,Electronics,28787,51,14105.63,2,Cash,1711.71
BF02852,17-02-2024,Mr. William Ibarra,46-60,Other,Port Joshua,Kentucky,Improve,Home Appliances,2426,36,1552.64,1,Credit Card,99.38
BF02853,04-05-2024,Courtney Rose,26-35,Female,Leblancbury,Virginia,Bring,Home Appliances,27079,77,6228.17,4,Cash,1534.25
BF02854,28-09-2024,Debra Martinez,26-35,Other,West Thomashaven,Nevada,Usually,Toys,6904,32,4694.72,2,UPI,710.99
BF02855,17-11-2023,Matthew Davis,18-25,Male,Nicholsfort,West Virginia,Network,Sports,29768,39,18158.48,3,Debit Card,3762.44
BF02856,27-01-2024,Leonard Johnson II,18-25,Male,East Nicolas,Maryland,Without,Electronics,10920,79,2293.2,3,UPI,500.84
BF02857,08-11-2023,Jane Collins,36-45,Male,East Lindaville,Arkansas,Rich,Sports,7413,44,4151.28,1,Cash,807.26
BF02858,09-12-2023,Lee Perez,26-35,Female,Thomasfurt,New Hampshire,Success,Clothing,29134,64,10488.24,1,UPI,797.39
BF02859,29-02-2024,Brittney Casey,26-35,Male,North Annaland,Arizona,Debate,Home Appliances,20943,46,11309.22,2,Gift Card,1870.61
BF02860,13-05-2024,Mr. Kevin Jones,60+,Female,Jessicafurt,Washington,Herself,Beauty,30449,16,25577.16,2,Cash,5317.94
BF02861,26-05-2024,Vanessa Hernandez,36-45,Female,Carolport,Arizona,Site,Toys,49541,60,19816.4,1,Debit Card,4879.93
BF02862,09-07-2024,Eric Moore,46-60,Female,Darrylbury,Louisiana,Fine,Home Appliances,32958,78,7250.76,4,Debit Card,1142.18
BF02863,10-01-2024,Dr. Maurice Burns Jr.,60+,Other,South Kentbury,Virginia,Plant,Electronics,9955,44,5574.8,4,UPI,397.66
BF02864,17-08-2024,Melissa Lucas,46-60,Other,New Brandonbury,Minnesota,Wall,Toys,5068,48,2635.36,1,Credit Card,598.4
BF02865,10-11-2023,Pamela Copeland,36-45,Other,Kimberlyhaven,New York,Attention,Toys,36735,34,24245.1,1,UPI,2432.01
BF02866,07-08-2024,Margaret Romero,26-35,Male,Johnsonville,West Virginia,Adult,Clothing,3939,79,827.19,3,UPI,70.23
BF02867,20-11-2023,Jamie Best,60+,Male,Rebeccatown,Michigan,Land,Home Appliances,10118,65,3541.3,3,UPI,844.78
BF02868,14-10-2023,Joy Mitchell,26-35,Male,Christopherhaven,Virginia,Give,Clothing,9371,54,4310.66,2,Gift Card,266.64
BF02869,08-08-2024,Cheryl Nunez,46-60,Other,East Paula,South Carolina,Final,Home Appliances,9374,53,4405.78,4,UPI,537.21
BF02870,29-08-2024,Jason Smith,26-35,Male,New Madeline,Arkansas,Rule,Sports,9992,77,2298.16,4,Debit Card,328.96
BF02871,04-02-2024,Anne Morgan,46-60,Female,Karenstad,West Virginia,Speak,Beauty,26501,24,20140.76,3,Debit Card,3256.27
BF02872,12-02-2024,John Riddle,26-35,Female,Lamborough,Alaska,Method,Home Appliances,35751,24,27170.76,1,Debit Card,4789.99
BF02873,22-09-2024,Katherine Anderson,18-25,Other,South Andrealand,Georgia,Create,Toys,5680,14,4884.8,4,Cash,1131.24
BF02874,07-03-2024,David Ellis,18-25,Female,Randytown,Michigan,Answer,Toys,28494,16,23934.96,4,Cash,3191.35
BF02875,26-09-2024,Tiffany Johnson,26-35,Other,Mckenziemouth,West Virginia,Article,Sports,21752,67,7178.16,2,Cash,843.77
BF02876,07-12-2023,Theresa Lee,18-25,Male,Wrightfurt,Rhode Island,Career,Toys,1113,52,534.24,3,Cash,103.77
BF02877,18-08-2024,Karen Whitehead,18-25,Female,New Derrick,New Hampshire,Building,Clothing,3483,56,1532.52,4,Cash,138.91
BF02878,26-01-2024,Corey Mckee,26-35,Other,Mcdanielstad,Colorado,Right,Toys,7855,34,5184.3,2,Cash,732.07
BF02879,29-06-2024,Steven Alexander,26-35,Female,North Luisborough,California,New,Toys,39471,16,33155.64,3,Credit Card,6656.38
BF02880,25-05-2024,Jonathan Torres,36-45,Other,Mariahaven,Wyoming,Go,Beauty,36137,74,9395.62,4,UPI,1220.38
BF02881,03-05-2024,Sandra Murphy,18-25,Female,Antonioview,Kansas,Fund,Sports,36224,54,16663.04,2,Credit Card,2061.36
BF02882,04-02-2024,Audrey Knight,46-60,Female,Tamaraton,Alaska,Approach,Clothing,33906,31,23395.14,2,Credit Card,5736.04
BF02883,28-10-2023,Mr. Derrick Armstrong,60+,Female,Bethanyland,Louisiana,Past,Beauty,13461,11,11980.29,1,Debit Card,961.1
BF02884,01-03-2024,Mrs. Carla Boyd,36-45,Male,West Melissashire,Alaska,Hair,Clothing,20321,37,12802.23,1,Gift Card,1949.72
BF02885,25-12-2023,Amy Russell,46-60,Other,South Robertfurt,New York,On,Home Appliances,46300,12,40744,3,Credit Card,6940.93
BF02886,23-05-2024,Laura Stevens,60+,Female,Dickersonchester,Indiana,Special,Beauty,33066,26,24468.84,4,UPI,4798.05
BF02887,23-11-2023,Richard Wiggins,18-25,Female,Sherryshire,North Dakota,Grow,Home Appliances,24093,16,20238.12,3,UPI,4530.23
BF02888,01-11-2023,Timothy Garcia,36-45,Other,Garrettchester,Montana,Must,Clothing,45906,74,11935.56,4,Debit Card,2582.04
BF02889,03-06-2024,Kellie James,46-60,Other,Jacobberg,Connecticut,Perform,Beauty,9106,54,4188.76,2,Gift Card,689.39
BF02890,07-05-2024,Michael Brown,46-60,Female,Lake Michael,West Virginia,Still,Home Appliances,31523,26,23327.02,3,Cash,1365.7
BF02891,18-11-2023,Rachel Miller,26-35,Female,South James,Illinois,Should,Toys,37822,54,17398.12,2,Cash,2171.76
BF02892,14-01-2024,Tammy Benson,18-25,Male,New Jaime,Wyoming,Trade,Toys,14636,40,8781.6,4,Credit Card,839.9
BF02893,26-03-2024,Alicia White,18-25,Female,Masonview,Rhode Island,Yes,Beauty,30509,72,8542.52,1,Debit Card,1429.75
BF02894,04-02-2024,John Reed,46-60,Other,New Eugene,Delaware,Event,Toys,2508,23,1931.16,2,Credit Card,248.95
BF02895,06-05-2024,Ronald Randall,60+,Female,Laurenville,Mississippi,Control,Sports,24113,66,8198.42,2,Gift Card,1641.05
BF02896,24-01-2024,Joshua Gutierrez,26-35,Other,Julieport,Ohio,Sister,Clothing,41536,22,32398.08,2,Gift Card,6756.23
BF02897,15-09-2024,Charles Davies,26-35,Other,Jacobsonchester,Wyoming,Catch,Sports,5222,23,4020.94,1,UPI,605.77
BF02898,19-06-2024,Ruth Brown,60+,Female,Brownfort,Mississippi,Collection,Sports,31360,51,15366.4,2,Gift Card,1007.27
BF02899,22-03-2024,Steven Harris,60+,Female,Marshallmouth,Texas,Baby,Clothing,11962,34,7894.92,2,Credit Card,839.76
BF02900,22-09-2024,Michael Bell,18-25,Female,New Scott,Montana,Suddenly,Beauty,35294,21,27882.26,3,Cash,5197.72
BF02901,14-01-2024,Jessica Moore,26-35,Female,New Ashley,Arkansas,Yourself,Electronics,32097,34,21184.02,3,Cash,2444.34
BF02902,17-08-2024,William Dillon,26-35,Female,Lake Jeremiahport,Connecticut,Want,Electronics,47826,57,20565.18,1,UPI,2506.06
BF02903,07-08-2024,Tyler Gonzalez,26-35,Other,Meyersport,Arizona,Paper,Sports,39156,30,27409.2,3,Gift Card,4507.29
BF02904,11-09-2024,Claudia Cox,60+,Male,Thomasborough,Hawaii,Modern,Home Appliances,43131,53,20271.57,1,Gift Card,3135.33
BF02905,11-06-2024,Jacob Terry,18-25,Male,Shannonmouth,Arizona,Trade,Home Appliances,13183,24,10019.08,3,UPI,1853.13
BF02906,20-06-2024,Mercedes Davis,46-60,Male,New Jaclynburgh,Tennessee,Single,Beauty,29858,33,20004.86,3,Cash,1520.01
BF02907,26-05-2024,Ebony Hill,36-45,Male,Danielhaven,Rhode Island,Tend,Electronics,47140,37,29698.2,3,Credit Card,1854.37
BF02908,09-05-2024,David Harris,18-25,Female,West Douglasborough,Maryland,Main,Clothing,24022,63,8888.14,2,Debit Card,1394.63
BF02909,05-08-2024,Matthew Dodson,46-60,Male,East Marcusport,New York,Possible,Toys,33055,65,11569.25,1,Debit Card,1224.47
BF02910,26-04-2024,Rebecca Barber,46-60,Male,Martinezchester,Delaware,Candidate,Electronics,8674,78,1908.28,3,Credit Card,261.6
BF02911,28-09-2024,Lindsey Long,46-60,Female,East Anna,Wisconsin,Table,Electronics,22100,72,6188,2,UPI,922.2
BF02912,04-04-2024,Robert Austin,18-25,Other,Michelefort,Pennsylvania,Understand,Beauty,33412,47,17708.36,3,Gift Card,2811.23
BF02913,25-02-2024,Margaret Christensen,18-25,Other,North Cynthia,Oklahoma,Start,Electronics,38613,17,32048.79,3,Debit Card,4783.53
BF02914,11-01-2024,Daniel Ball,60+,Other,East Miguel,Virginia,Reveal,Toys,42409,33,28414.03,3,Gift Card,2787.87
BF02915,02-08-2024,Crystal Lewis,46-60,Other,South Davidborough,Missouri,Throw,Clothing,35968,11,32011.52,1,Debit Card,7240.19
BF02916,13-07-2024,Kayla Hernandez,18-25,Male,North Cameronstad,Idaho,Card,Toys,33493,22,26124.54,4,Debit Card,4841.86
BF02917,08-08-2024,Mr. Jon Henry,60+,Female,Williambury,Connecticut,State,Toys,32939,14,28327.54,1,Debit Card,5924.04
BF02918,26-10-2023,Kelly Bowers,46-60,Male,Gilbertstad,North Dakota,Still,Sports,47311,14,40687.46,3,Debit Card,7035.97
BF02919,21-02-2024,Tracie Moore,36-45,Other,Josephland,Virginia,Recently,Clothing,45612,63,16876.44,1,UPI,1982.53
BF02920,21-02-2024,Justin Villa,18-25,Other,Lauraport,Arkansas,Interesting,Sports,4482,45,2465.1,2,Gift Card,282.27
BF02921,17-12-2023,Vincent Li,46-60,Female,Lake Laura,New Jersey,Onto,Electronics,32183,19,26068.23,3,UPI,5416.24
BF02922,28-03-2024,Bianca Perez,18-25,Other,Kathrynton,West Virginia,Tell,Electronics,40436,31,27900.84,1,Credit Card,3702.32
BF02923,27-08-2024,Garrett Allen,36-45,Other,Andrewside,Idaho,Assume,Electronics,6162,30,4313.4,2,Credit Card,640.79
BF02924,25-03-2024,Tyler Barnett,26-35,Female,Mccormickfort,Washington,Mean,Electronics,25289,34,16690.74,4,Cash,1014.15
BF02925,20-08-2024,Cody Brown,26-35,Male,Davisfurt,Illinois,Boy,Sports,34087,22,26587.86,3,Cash,4155.39
BF02926,24-03-2024,Teresa Tucker,60+,Female,Reneeland,North Carolina,Style,Sports,11785,42,6835.3,1,Credit Card,495.21
BF02927,07-07-2024,Robert Mendoza,60+,Male,Toddside,Michigan,Sell,Clothing,2576,71,747.04,2,Gift Card,120.55
BF02928,27-01-2024,Teresa Sharp,36-45,Other,New Amandashire,Kentucky,Expert,Electronics,15664,53,7362.08,4,Gift Card,723.49
BF02929,28-09-2024,Madison Brown,26-35,Female,South Michaelbury,Idaho,Machine,Toys,22300,65,7805,1,Gift Card,1071.28
BF02930,19-07-2024,Maria Morgan,36-45,Other,Griffinburgh,Georgia,First,Clothing,29109,61,11352.51,3,UPI,2373.49
BF02931,20-06-2024,Anna Petersen,26-35,Female,Rickyhaven,New Mexico,Economic,Clothing,42244,34,27881.04,2,Cash,5091.76
BF02932,16-01-2024,Priscilla Perez,46-60,Other,Leemouth,Michigan,Someone,Clothing,21209,22,16543.02,4,UPI,3114.83
BF02933,30-09-2024,Tammy Ramirez,60+,Other,Anthonytown,California,Police,Clothing,24672,18,20231.04,4,UPI,2862.19
BF02934,15-03-2024,Alexis Mays,26-35,Other,Thomasstad,Louisiana,Campaign,Home Appliances,15946,11,14191.94,4,Gift Card,1051.95
BF02935,04-11-2023,Tara Woods,60+,Other,Hamiltonmouth,Indiana,Approach,Clothing,37580,11,33446.2,2,Debit Card,2520.05
BF02936,26-05-2024,Laura Harris,26-35,Female,East Laurenfurt,Wyoming,Test,Toys,36893,76,8854.32,2,UPI,992.73
BF02937,01-03-2024,Ian Medina,46-60,Male,Bensonland,Ohio,Magazine,Electronics,30321,78,6670.62,3,Cash,787.52
BF02938,26-07-2024,Nancy Ramsey,60+,Male,South Danborough,Nevada,Save,Electronics,33492,57,14401.56,2,UPI,3087.29
BF02939,28-11-2023,Joel Powell,26-35,Male,Cynthiachester,Oklahoma,Measure,Sports,8319,38,5157.78,1,UPI,839.12
BF02940,03-09-2024,Robin Haas,60+,Other,Jasminemouth,New Mexico,Fear,Toys,29095,62,11056.1,4,Credit Card,1852.33
BF02941,18-08-2024,Joe Sutton,18-25,Other,East John,Louisiana,Probably,Beauty,44544,79,9354.24,3,UPI,748.65
BF02942,29-04-2024,Brandi Ramsey,36-45,Male,Davidberg,Washington,Drop,Beauty,18229,73,4921.83,1,Gift Card,504.59
BF02943,20-12-2023,Robin Porter,46-60,Female,East Andrew,North Carolina,Pay,Electronics,4294,79,901.74,1,Gift Card,57.01
BF02944,25-02-2024,Colin Kelly,36-45,Male,Anthonyview,Vermont,Environmental,Toys,10182,70,3054.6,1,UPI,474.41
BF02945,14-07-2024,William Campbell,46-60,Female,Garyside,Rhode Island,Direction,Electronics,30713,57,13206.59,2,Cash,939.14
BF02946,15-08-2024,Renee Graham,60+,Other,South Sara,Florida,Including,Sports,6415,53,3015.05,3,Cash,385.23
BF02947,15-02-2024,Thomas Keller,60+,Female,Bryantside,Maryland,Glass,Home Appliances,17512,61,6829.68,3,UPI,495.57
BF02948,24-04-2024,Jessica Ballard,46-60,Male,Ryanside,Alabama,Project,Sports,17638,61,6878.82,1,Debit Card,698.03
BF02949,28-04-2024,Ashley Kirby,18-25,Male,Davisborough,New York,Mother,Clothing,31350,71,9091.5,1,UPI,1864.13
BF02950,28-01-2024,Kelly Silva,26-35,Female,Port Tina,Idaho,Century,Clothing,3969,43,2262.33,3,Cash,237.38
BF02951,03-10-2024,Lisa Burns,26-35,Other,Gardnerberg,Delaware,Ask,Clothing,32299,13,28100.13,1,UPI,3250.72
BF02952,08-01-2024,Mitchell Brown,46-60,Other,Carlosport,Wisconsin,Close,Clothing,3145,42,1824.1,3,Gift Card,204.45
BF02953,06-01-2024,Paul Cox,60+,Other,Lake Brianshire,Missouri,Box,Home Appliances,25777,43,14692.89,2,Cash,2084.46
BF02954,25-04-2024,Teresa Brown,36-45,Female,Melissabury,Maryland,Write,Clothing,46942,70,14082.6,2,Gift Card,3167.18
BF02955,08-11-2023,Kelly Roy,36-45,Other,East Traceyberg,Maryland,Reach,Home Appliances,1281,55,576.45,2,Gift Card,116.85
BF02956,02-01-2024,Joel Lowe,26-35,Female,Port Aaronville,North Carolina,Happen,Beauty,28646,78,6302.12,2,Credit Card,445.41
BF02957,20-12-2023,Ryan Hernandez,18-25,Other,Fosterport,Illinois,Turn,Electronics,46379,32,31537.72,2,Debit Card,5052.87
BF02958,08-08-2024,Lori Sanchez,36-45,Other,Johnsonberg,Tennessee,Today,Beauty,45487,29,32295.77,1,Gift Card,3948.16
BF02959,14-06-2024,Kenneth Jackson,36-45,Female,Patelside,Florida,Next,Home Appliances,41604,55,18721.8,4,Credit Card,3289.96
BF02960,29-02-2024,Julia Jackson,18-25,Other,North Lisa,Nevada,Usually,Home Appliances,22058,45,12131.9,4,UPI,1920.57
BF02961,30-07-2024,Michael Rodriguez,36-45,Male,West Danielchester,Connecticut,Which,Toys,3888,43,2216.16,3,Gift Card,163.58
BF02962,23-09-2024,Susan Goodman,46-60,Other,Valeriebury,Vermont,Local,Toys,12962,43,7388.34,2,Credit Card,1807.73
BF02963,01-03-2024,Michael Friedman,18-25,Male,North Jennifer,Colorado,Time,Beauty,29802,77,6854.46,2,UPI,698.02
BF02964,06-12-2023,Francisco Taylor,46-60,Other,Hesschester,New York,Artist,Clothing,8635,13,7512.45,4,UPI,1835.88
BF02965,17-03-2024,Bonnie Johnson,60+,Female,East Michaelfurt,Kentucky,Force,Toys,23503,30,16452.1,1,Cash,3672.62
BF02966,27-02-2024,Julia Morgan,60+,Male,North Jeffreytown,North Dakota,Both,Electronics,25456,70,7636.8,3,Credit Card,1223.42
BF02967,05-05-2024,Clayton Ramirez,60+,Other,Mcfarlandville,North Dakota,Without,Electronics,39595,42,22965.1,1,Cash,5507.31
BF02968,09-03-2024,Jennifer Guerrero,46-60,Male,Jenniferchester,New York,Drop,Beauty,16907,61,6593.73,1,UPI,789.26
BF02969,16-11-2023,Amanda Bird,36-45,Other,Joehaven,Hawaii,Entire,Electronics,45390,47,24056.7,3,Credit Card,2255.96
BF02970,07-10-2024,Jennifer Gomez,36-45,Other,Jennyberg,Illinois,Understand,Beauty,30946,15,26304.1,1,UPI,1339.17
BF02971,26-01-2024,Dominique Miller,36-45,Male,Tiffanybury,Massachusetts,Million,Toys,12180,46,6577.2,1,Cash,1479.19
BF02972,29-07-2024,Frank Hansen MD,36-45,Other,Karenfort,Oregon,Show,Toys,37681,45,20724.55,4,Credit Card,2030.76
BF02973,27-06-2024,Luis Perry,26-35,Male,Danielhaven,Alabama,Nothing,Clothing,47258,51,23156.42,4,Gift Card,4218.23
BF02974,24-01-2024,Dominic Adams,36-45,Other,Oconnellland,Rhode Island,Simply,Electronics,23051,24,17518.76,1,Cash,1708.19
BF02975,28-01-2024,Joanne Howard,60+,Other,Williamsland,Washington,Run,Home Appliances,33628,26,24884.72,4,Gift Card,3850.41
BF02976,20-02-2024,Stephen Odom,18-25,Other,North Deniseton,Nebraska,Bed,Clothing,11734,10,10560.6,2,Cash,2069.9
BF02977,27-02-2024,Jesus Holmes,60+,Female,Mahoneyshire,North Carolina,Property,Sports,24952,12,21957.76,4,UPI,3329.02
BF02978,27-07-2024,Ryan Clark,36-45,Other,Jerrystad,Wyoming,Never,Beauty,31752,10,28576.8,1,Gift Card,6386.78
BF02979,23-04-2024,Ashley Russell,60+,Other,Lake Derek,Maryland,Some,Beauty,19487,11,17343.43,1,Debit Card,1535.91
BF02980,18-11-2023,Keith Mckinney,36-45,Female,Stephanieton,Connecticut,Positive,Sports,8963,52,4302.24,3,Credit Card,707.51
BF02981,24-07-2024,Kathy Morris,36-45,Other,Lake Walter,New Mexico,Can,Toys,3421,60,1368.4,3,Credit Card,248.88
BF02982,29-05-2024,Kathryn Bishop,46-60,Male,Ricehaven,Indiana,Send,Clothing,2539,51,1244.11,3,Gift Card,91.25
BF02983,11-11-2023,Anne Daugherty,36-45,Female,New Shaneside,Michigan,Agency,Electronics,40682,49,20747.82,1,Debit Card,3798.13
BF02984,04-09-2024,Amy Miller,18-25,Female,Richardland,Oklahoma,Within,Electronics,48024,51,23531.76,3,UPI,5180.13
BF02985,09-04-2024,Joshua Strong,60+,Other,Terrellhaven,Rhode Island,Role,Sports,9981,38,6188.22,4,Debit Card,1504.64
BF02986,21-07-2024,Jamie Butler,36-45,Female,Michaelton,New York,Step,Clothing,39937,14,34345.82,1,Cash,3304.53
BF02987,31-01-2024,Bethany Coleman,60+,Other,Toddhaven,Massachusetts,Follow,Sports,1864,78,410.08,1,Gift Card,99.44
BF02988,02-04-2024,Justin Clark,18-25,Other,East Elizabeth,Arizona,One,Clothing,29432,23,22662.64,1,Gift Card,3729.81
BF02989,14-06-2024,Christopher Lee,60+,Female,Williamton,New Jersey,Nothing,Clothing,49517,60,19806.8,3,Cash,4410.31
BF02990,23-03-2024,Cheyenne Ortiz,26-35,Other,North Chad,Rhode Island,Less,Sports,20268,23,15606.36,3,UPI,942.54
BF02991,11-08-2024,Craig Mann,60+,Other,Christopherberg,California,Marriage,Sports,46787,39,28540.07,2,Debit Card,5086.62
BF02992,07-07-2024,Daniel Jones,18-25,Other,East Mary,New Hampshire,Kid,Sports,13802,41,8143.18,1,Gift Card,690.89
BF02993,02-12-2023,Darren Miller,36-45,Other,Lake Kurtview,California,Himself,Home Appliances,19937,79,4186.77,4,Credit Card,1028.37
BF02994,25-11-2023,Emma Stone,46-60,Male,Danielstad,Virginia,Spend,Home Appliances,48263,25,36197.25,2,UPI,6722.81
BF02995,25-06-2024,Susan Crawford,46-60,Male,North Michaelfort,South Dakota,Weight,Beauty,12999,17,10789.17,1,Debit Card,2618.93
BF02996,31-12-2023,Ashley Watson PhD,60+,Female,Davisbury,Ohio,Instead,Beauty,30359,57,13054.37,1,Debit Card,2950.63
BF02997,24-10-2023,Michelle Le,18-25,Female,Port Frank,Georgia,Fly,Home Appliances,23824,71,6908.96,1,Gift Card,493.41
BF02998,20-05-2024,Kathleen Ellis,26-35,Female,South Dale,Wyoming,Would,Beauty,44509,15,37832.65,2,Gift Card,3496.57
BF02999,26-03-2024,Jacob Day,36-45,Female,Haleystad,Massachusetts,Agreement,Electronics,3799,29,2697.29,3,Cash,650.62
BF03000,10-12-2023,Luis Pope,18-25,Male,North Sandrachester,Pennsylvania,Box,Beauty,3795,11,3377.55,4,Cash,306.73
BF03001,15-02-2024,Sheila Thompson,46-60,Other,Karenberg,Georgia,Fish,Beauty,7391,12,6504.08,1,Cash,1589.52
BF03002,30-01-2024,Stephanie Fitzgerald,46-60,Male,South Alexanderborough,Utah,Discover,Sports,23026,51,11282.74,2,UPI,1395.32
BF03003,15-03-2024,Andre Olson,18-25,Female,Stephaniechester,Wyoming,Space,Sports,38353,47,20327.09,4,Cash,2513.21
BF03004,06-10-2024,Jason Adams,60+,Male,East Andrea,South Carolina,Practice,Sports,33940,22,26473.2,2,UPI,1586.51
BF03005,14-10-2023,Barbara Mitchell,18-25,Other,Brooksside,South Dakota,City,Sports,46594,17,38673.02,2,Cash,9599.19
BF03006,08-08-2024,Angel Griffith,18-25,Other,East Sandy,North Dakota,Study,Electronics,30486,10,27437.4,3,Credit Card,2502.57
BF03007,11-02-2024,Joshua Hernandez,60+,Other,Fosterside,Connecticut,Week,Beauty,28412,27,20740.76,3,UPI,4010.57
BF03008,08-01-2024,Anthony Dillon,46-60,Male,Alexismouth,Nebraska,Rate,Toys,45162,72,12645.36,3,Cash,1824.57
BF03009,08-08-2024,Tina Fields,26-35,Other,Taratown,New Jersey,Series,Electronics,1570,10,1413,4,UPI,226
BF03010,08-08-2024,Cheryl Walters,46-60,Other,East Kimberly,Vermont,Follow,Clothing,3481,63,1287.97,1,Cash,124.59
BF03011,04-11-2023,Eric Jones,46-60,Female,New Monica,Illinois,Glass,Beauty,17185,78,3780.7,2,Debit Card,201.6
BF03012,19-06-2024,Virginia Hunter,26-35,Female,New Lori,Ohio,Establish,Clothing,3533,55,1589.85,4,Credit Card,261.73
BF03013,28-04-2024,Nicholas Carlson,26-35,Female,West Joshua,Florida,Effort,Toys,8989,57,3865.27,1,Credit Card,804.52
BF03014,25-04-2024,Oscar Simpson,36-45,Male,Smithville,Indiana,Turn,Beauty,21733,68,6954.56,3,Cash,1634.81
BF03015,08-08-2024,Carol Reynolds,36-45,Other,Jasonport,Alabama,Political,Clothing,4005,68,1281.6,4,Debit Card,276.32
BF03016,11-09-2024,Judy Mcguire,18-25,Other,Shannonland,Maryland,Debate,Sports,7690,48,3998.8,3,UPI,874.23
BF03017,16-04-2024,Ryan Castaneda,26-35,Male,Cynthiafort,Vermont,Set,Sports,32331,22,25218.18,4,Cash,4009.49
BF03018,25-08-2024,Matthew King,18-25,Male,Alecview,Pennsylvania,Box,Electronics,26465,38,16408.3,2,Debit Card,3489.31
BF03019,07-05-2024,Bruce Griffin MD,46-60,Male,Madisonfurt,Michigan,Only,Sports,44016,35,28610.4,3,Credit Card,1477.29
BF03020,19-02-2024,Carl Smith,46-60,Female,Aguirremouth,Florida,Article,Beauty,4374,26,3236.76,3,Debit Card,193.17
BF03021,06-10-2024,Juan Martinez,36-45,Male,Burtontown,Nevada,Simply,Sports,16655,71,4829.95,4,Credit Card,1126.02
BF03022,07-04-2024,Alex Duffy,36-45,Other,Cooperchester,Maine,Above,Home Appliances,45025,26,33318.5,4,Gift Card,4847.26
BF03023,19-07-2024,Dean Johnston,36-45,Other,West Sharon,Wyoming,Step,Beauty,29668,30,20767.6,2,Cash,4295.72
BF03024,24-01-2024,Troy Flynn,60+,Other,Johnsonland,Delaware,Together,Home Appliances,17962,57,7723.66,4,Debit Card,997.36
BF03025,01-02-2024,Jessica Camacho,60+,Male,Mariaview,Mississippi,Partner,Clothing,30899,47,16376.47,4,UPI,1725.6
BF03026,01-10-2024,Sarah James,46-60,Female,South Karl,Arizona,Father,Electronics,34982,78,7696.04,3,Gift Card,619.85
BF03027,20-11-2023,John Reid,60+,Male,North Walter,Florida,Seven,Home Appliances,28470,45,15658.5,4,Cash,1670.2
BF03028,22-09-2024,Kevin Harding,60+,Male,Khanville,Colorado,Short,Sports,36939,44,20685.84,4,Gift Card,3315.32
BF03029,08-12-2023,Rebecca Wolf,46-60,Other,North Sonyaborough,Oregon,Still,Toys,13605,18,11156.1,1,UPI,1149.8
BF03030,02-11-2023,Melissa Mcgee,26-35,Male,West Janicehaven,Vermont,Especially,Beauty,11959,79,2511.39,2,Credit Card,209.01
BF03031,27-06-2024,Kara Austin,36-45,Male,Danielfurt,Maryland,Take,Home Appliances,46828,69,14516.68,3,Credit Card,2995.15
BF03032,02-08-2024,Sheila Barker,36-45,Female,New Emily,Idaho,Us,Clothing,26289,65,9201.15,4,Debit Card,1997.58
BF03033,09-07-2024,Donna Wright,36-45,Male,Velezview,South Carolina,Act,Electronics,29778,12,26204.64,2,UPI,1701.82
BF03034,08-01-2024,Marc Jennings,46-60,Female,Smithtown,Colorado,Perhaps,Beauty,44966,10,40469.4,4,UPI,8640.57
BF03035,06-11-2023,Brittany Smith,46-60,Female,New Nicole,Idaho,Per,Electronics,1376,28,990.72,2,Credit Card,74.6
BF03036,06-04-2024,Diane Bartlett,60+,Female,Lake Debra,New Hampshire,Value,Clothing,48228,31,33277.32,3,Credit Card,2560.03
BF03037,20-04-2024,Mark Long,46-60,Other,New Ryanbury,Kentucky,National,Clothing,32591,58,13688.22,2,Credit Card,1492.45
BF03038,06-07-2024,Hannah Black,26-35,Female,West Dean,Virginia,About,Beauty,40076,14,34465.36,4,UPI,5421.07
BF03039,20-05-2024,Cynthia Larson,46-60,Other,West Christopher,Wisconsin,To,Sports,1749,45,961.95,1,Gift Card,92.43
BF03040,04-11-2023,Nancy Reed,60+,Other,Robertton,North Dakota,Act,Electronics,39420,30,27594,1,Cash,6001.14
BF03041,18-06-2024,Trevor Ramirez,60+,Male,East Ryan,Colorado,Important,Electronics,23959,59,9823.19,2,Cash,639.16
BF03042,05-08-2024,Charles Garcia,36-45,Male,North Kimberly,Oregon,Toward,Beauty,31876,36,20400.64,2,Gift Card,2247.96
BF03043,15-05-2024,David Dalton,36-45,Other,Hernandezview,Vermont,State,Electronics,30678,25,23008.5,4,UPI,3325.97
BF03044,27-04-2024,Michael Smith,18-25,Other,West Heatherburgh,Pennsylvania,Institution,Sports,45375,29,32216.25,4,Debit Card,3357.49
BF03045,04-11-2023,Kenneth Roman,46-60,Other,Caseyburgh,Iowa,Like,Clothing,19294,30,13505.8,2,Debit Card,3374.47
BF03046,05-03-2024,Adam Baldwin,18-25,Male,Port Matthew,Nevada,Better,Beauty,24132,31,16651.08,2,Debit Card,1141.01
BF03047,28-10-2023,Denise Williams,46-60,Male,Medinafort,Louisiana,Section,Clothing,39975,51,19587.75,2,Cash,4329.93
BF03048,24-09-2024,Garrett Farmer,46-60,Male,West Sara,Missouri,Live,Electronics,28969,56,12746.36,1,Cash,2935.63
BF03049,14-01-2024,Thomas Jones,46-60,Male,Cherylmouth,South Carolina,Term,Electronics,41199,42,23895.42,1,Debit Card,2058.22
BF03050,17-05-2024,Michael Martin,26-35,Female,North Tamara,New York,Standard,Beauty,36041,60,14416.4,3,Credit Card,3358.49
BF03051,21-02-2024,Michael Cox,46-60,Male,Evansstad,Illinois,Four,Toys,43829,16,36816.36,2,Gift Card,5263.59
BF03052,04-09-2024,Richard Owens,26-35,Male,East Sharonland,Florida,Goal,Sports,41917,63,15509.29,1,Credit Card,3219.76
BF03053,19-07-2024,Christopher Duke,46-60,Other,Mitchellmouth,Tennessee,Question,Clothing,13000,65,4550,4,Debit Card,489.62
BF03054,29-09-2024,Darius Kemp,60+,Other,Michaelburgh,Hawaii,Learn,Clothing,32328,66,10991.52,1,Gift Card,1792.12
BF03055,18-03-2024,Ann Schmidt,18-25,Female,Cynthiamouth,South Carolina,Able,Home Appliances,20712,45,11391.6,1,Debit Card,2462.72
BF03056,24-07-2024,Cynthia Wilson,36-45,Female,Jameschester,Ohio,Place,Beauty,3720,71,1078.8,1,Gift Card,154
BF03057,05-10-2024,Natalie Smith,18-25,Other,Fergusonton,Kentucky,Art,Sports,35760,60,14304,3,UPI,1220.02
BF03058,10-04-2024,Leah Hamilton,60+,Female,South Carlosport,Georgia,Station,Toys,48321,26,35757.54,1,Gift Card,5262.67
BF03059,23-12-2023,Lisa Watson,26-35,Female,Delgadostad,Idaho,Point,Home Appliances,7322,23,5637.94,2,Credit Card,923.54
BF03060,07-12-2023,Sarah Kelley,18-25,Male,Christinahaven,Kansas,Thank,Home Appliances,40445,43,23053.65,3,UPI,2593.7
BF03061,30-04-2024,Dennis Long,18-25,Female,Katherinemouth,North Dakota,Catch,Sports,4362,49,2224.62,2,Gift Card,446.35
BF03062,26-05-2024,Todd Thompson,46-60,Female,Schmittmouth,Louisiana,Other,Beauty,11003,68,3520.96,1,Credit Card,796.93
BF03063,27-05-2024,Ruth Powell,46-60,Female,East Amber,Nebraska,Art,Home Appliances,28924,36,18511.36,3,UPI,3396.76
BF03064,11-12-2023,Katherine Santana,36-45,Male,Johnsonfurt,North Carolina,Certainly,Toys,48709,49,24841.59,1,Debit Card,1403.13
BF03065,06-12-2023,Sarah Perez,26-35,Other,Port Dianaport,Nebraska,In,Clothing,41917,76,10060.08,3,UPI,2360.06
BF03066,15-12-2023,Tracey Schultz,18-25,Female,Wrightmouth,Washington,Cold,Toys,43410,69,13457.1,4,UPI,3135.1
BF03067,14-10-2023,Chelsey Mills,36-45,Female,Davidview,Utah,Determine,Clothing,13973,78,3074.06,4,Cash,571.31
BF03068,25-06-2024,Jonathan Jones,18-25,Male,Weberside,Florida,Thought,Electronics,29416,55,13237.2,1,Cash,2923.5
BF03069,21-02-2024,Leonard Lowe,18-25,Other,New Waynehaven,South Dakota,Factor,Sports,24510,68,7843.2,3,Debit Card,1415.32
BF03070,18-07-2024,Jessica Edwards,26-35,Other,South Jenniferborough,Nebraska,Bar,Electronics,870,68,278.4,3,Debit Card,55.75
BF03071,17-03-2024,Dave Elliott,46-60,Female,Franklinview,Washington,Mean,Beauty,15947,46,8611.38,3,UPI,1579.39
BF03072,27-05-2024,Brian Key,36-45,Female,Carltown,Mississippi,Gas,Electronics,30523,50,15261.5,3,Credit Card,3645.97
BF03073,08-01-2024,Lisa Lopez,18-25,Other,Jillport,Utah,Section,Beauty,37855,44,21198.8,1,UPI,3078.12
BF03074,26-04-2024,Jessica Myers,18-25,Other,Hannahview,Idaho,Family,Sports,11530,10,10377,4,Credit Card,991.05
BF03075,14-01-2024,Francisco Smith,36-45,Female,Lake Crystalville,Hawaii,Story,Clothing,36726,44,20566.56,1,Cash,3597.07
BF03076,31-08-2024,Brad Roberts,46-60,Other,Aguilarstad,Nevada,Can,Clothing,15566,37,9806.58,1,Cash,2153.08
BF03077,29-09-2024,Jonathan Johnson,18-25,Other,New Donnahaven,Nebraska,Late,Clothing,27955,63,10343.35,3,Gift Card,706.56
BF03078,22-11-2023,Nancy Martinez,60+,Male,South Brittany,Idaho,Nice,Sports,9199,53,4323.53,4,UPI,1035.64
BF03079,08-06-2024,Maria Gates,36-45,Male,South Howard,West Virginia,Start,Electronics,16376,17,13592.08,1,UPI,2892.39
BF03080,04-07-2024,Michelle Graham,18-25,Male,East Scottshire,Pennsylvania,Culture,Toys,6604,55,2971.8,2,Gift Card,572.28
BF03081,15-07-2024,Jesus Burke,26-35,Male,Jaimeland,Kentucky,Already,Toys,37486,17,31113.38,1,Cash,6100.39
BF03082,18-09-2024,Jeffrey Boyd,26-35,Male,South Brian,North Dakota,Very,Toys,45101,54,20746.46,2,Gift Card,1647.76
BF03083,13-10-2023,Dalton Sanchez,26-35,Male,Ashleyland,Georgia,Same,Beauty,12433,78,2735.26,2,Gift Card,474.13
BF03084,26-04-2024,James Austin,26-35,Male,Mckenzieburgh,Oklahoma,Model,Toys,42052,69,13036.12,4,UPI,1174.05
BF03085,09-10-2024,Ashley Fox,26-35,Male,North Laura,New York,Down,Sports,36492,26,27004.08,4,Gift Card,6368.26
BF03086,15-10-2023,Kellie Carter,26-35,Female,Loriberg,Maine,I,Clothing,37330,72,10452.4,2,Gift Card,2558.41
BF03087,06-04-2024,William Hernandez,18-25,Female,East Crystaltown,Connecticut,May,Clothing,42792,41,25247.28,3,Credit Card,3215
BF03088,23-02-2024,Kim Jones,18-25,Female,Port Thomasburgh,West Virginia,Just,Home Appliances,9123,25,6842.25,4,UPI,1642.79
BF03089,07-03-2024,Crystal Barnett,36-45,Female,East Michelleton,Michigan,Personal,Clothing,31351,17,26021.33,3,Gift Card,5327.95
BF03090,23-08-2024,Melissa Bond,60+,Female,Port Jill,Idaho,It,Toys,9039,24,6869.64,1,Credit Card,386.9
BF03091,10-04-2024,Katelyn Jacobs,46-60,Female,Johnsonchester,Rhode Island,Trade,Clothing,11210,58,4708.2,2,UPI,766.32
BF03092,11-03-2024,Joshua Coleman,26-35,Male,New April,South Carolina,Food,Toys,10939,50,5469.5,2,Debit Card,563.27
BF03093,14-09-2024,John Wilson,26-35,Other,Michelleside,Iowa,Budget,Home Appliances,36887,51,18074.63,4,Cash,1567.34
BF03094,27-02-2024,Deborah Taylor,36-45,Female,Wrightstad,Michigan,Debate,Clothing,5928,62,2252.64,4,Gift Card,497.33
BF03095,14-05-2024,Timothy Livingston,26-35,Other,Devinburgh,Louisiana,Interesting,Clothing,40466,11,36014.74,3,Gift Card,6226.48
BF03096,15-07-2024,Angie Wells MD,36-45,Other,Donovanville,Maryland,Guy,Clothing,30374,15,25817.9,4,UPI,3978.17
BF03097,06-11-2023,Alexander Tran,36-45,Male,Claymouth,Hawaii,Above,Home Appliances,35592,24,27049.92,3,Debit Card,2266.75
BF03098,29-11-2023,Stacy Decker,60+,Female,Lake Katherinehaven,New York,Oil,Sports,604,58,253.68,3,Credit Card,61.49
BF03099,24-02-2024,April Delgado,60+,Other,Villaton,Maine,Over,Beauty,1692,70,507.6,1,Credit Card,64.1
BF03100,22-07-2024,Amanda Reed,18-25,Other,Lisatown,North Carolina,Later,Beauty,16878,72,4725.84,1,Gift Card,1068.23
BF03101,24-01-2024,Carlos Bryant,26-35,Other,Lynnchester,North Carolina,Partner,Toys,6725,76,1614,1,Credit Card,85.86
BF03102,14-05-2024,Erik Allen,18-25,Other,South Hannah,Arizona,Black,Beauty,38500,69,11935,2,Cash,1386.13
BF03103,15-03-2024,Tanya Bennett,46-60,Other,North Bryanshire,New Mexico,Responsibility,Electronics,45408,21,35872.32,4,Credit Card,4616.69
BF03104,28-04-2024,Stephanie Ramsey,60+,Other,Jenniferborough,Arizona,Girl,Home Appliances,6332,16,5318.88,4,Debit Card,370.55
BF03105,31-12-2023,Linda Brooks,26-35,Female,West Monicaport,Nebraska,Institution,Toys,4759,31,3283.71,4,Gift Card,784.72
BF03106,16-06-2024,Robin Alexander,46-60,Other,Bensonmouth,Alaska,Policy,Beauty,31329,34,20677.14,2,Cash,2796.34
BF03107,17-05-2024,Raymond Cuevas,60+,Male,East Tony,New Jersey,Former,Beauty,15012,41,8857.08,4,Credit Card,790.19
BF03108,16-11-2023,April Sullivan,46-60,Male,East Carriechester,Rhode Island,Author,Electronics,31142,38,19308.04,1,Debit Card,3122.26
BF03109,09-01-2024,Michelle Murray,46-60,Female,Scottbury,Mississippi,Activity,Sports,34385,31,23725.65,2,UPI,1872.1
BF03110,20-08-2024,Nathan Adams,18-25,Male,Philliphaven,Louisiana,Able,Home Appliances,851,72,238.28,1,Gift Card,19.85
BF03111,05-08-2024,Vanessa Bell,60+,Male,North Andrewchester,New Hampshire,Off,Home Appliances,32516,57,13981.88,2,Cash,747.22
BF03112,09-03-2024,Jennifer Clark,60+,Female,West John,Rhode Island,Sometimes,Sports,18316,29,13004.36,4,UPI,735.21
BF03113,17-11-2023,Joel Mendez,60+,Other,Gambleville,Maine,Return,Home Appliances,39205,49,19994.55,2,Cash,2484.55
BF03114,21-12-2023,Mr. Luke Miller,60+,Female,New Joseph,Florida,Work,Toys,42001,14,36120.86,1,UPI,2531.64
BF03115,11-09-2024,Christopher Wolf,46-60,Female,North Leon,California,Scene,Beauty,18377,52,8820.96,1,Credit Card,456.83
BF03116,23-04-2024,Brandon Wolfe,26-35,Other,New Ryan,Utah,Form,Beauty,19672,17,16327.76,4,UPI,3544.05
BF03117,27-03-2024,Brian Watkins,18-25,Female,South Logan,Louisiana,Remember,Sports,13206,41,7791.54,1,Debit Card,795.26
BF03118,02-12-2023,Diane Jones,36-45,Other,Port David,Wyoming,Show,Home Appliances,8300,70,2490,1,Credit Card,213.12
BF03119,09-04-2024,Riley Campbell,26-35,Other,Craigfort,Missouri,Expect,Sports,1806,10,1625.4,2,Credit Card,375.25
BF03120,13-01-2024,Steven Townsend,18-25,Other,South Ashleyport,Louisiana,Check,Home Appliances,31960,63,11825.2,2,Debit Card,2826.66
BF03121,18-03-2024,Amy Villegas,46-60,Other,West Victoria,Oregon,Drug,Toys,28188,60,11275.2,3,Debit Card,1119.49
BF03122,10-05-2024,Christopher Edwards,26-35,Other,Josephborough,Indiana,Environmental,Electronics,44579,53,20952.13,3,Debit Card,3965.86
BF03123,11-11-2023,Cynthia Fleming,36-45,Female,Candiceville,Vermont,Majority,Sports,9682,78,2130.04,2,UPI,382.05
BF03124,19-10-2023,Brittney Frost,36-45,Other,Lake Ralph,Connecticut,Attention,Electronics,43885,14,37741.1,2,Credit Card,6276.03
BF03125,27-10-2023,Brandon Rice,46-60,Female,Drakemouth,Oregon,Reason,Sports,47627,24,36196.52,3,Cash,5689.32
BF03126,15-11-2023,Erik Le,46-60,Male,Lake Stephen,Kentucky,Produce,Clothing,20108,50,10054,2,Cash,1248.99
BF03127,08-12-2023,Patrick Patterson,36-45,Male,West Brittany,Missouri,Reality,Clothing,29955,48,15576.6,3,Gift Card,1910.93
BF03128,28-11-2023,Jaime Ibarra,60+,Female,East Theresa,North Dakota,Hot,Clothing,25153,18,20625.46,4,Cash,4792.53
BF03129,01-04-2024,Nicholas Nelson,26-35,Male,Michaelberg,Arkansas,Bad,Home Appliances,4191,30,2933.7,4,Cash,417.53
BF03130,25-04-2024,Kenneth Thompson,46-60,Female,West Christopher,Florida,Onto,Toys,27194,18,22299.08,3,Debit Card,1672.7
BF03131,21-09-2024,Tina Mitchell,46-60,Male,West Timothyland,Oklahoma,You,Electronics,33889,47,17961.17,4,Debit Card,1720.8
BF03132,10-09-2024,Tyler Schmidt,26-35,Other,Kathleenbury,Pennsylvania,Purpose,Sports,9907,47,5250.71,1,Gift Card,1304.4
BF03133,04-08-2024,Melinda Brown,46-60,Female,Lake Austin,Oklahoma,Research,Toys,29146,24,22150.96,1,Credit Card,2759.9
BF03134,06-11-2023,Daniel Schultz,36-45,Other,Kylebury,Nebraska,Firm,Electronics,4582,15,3894.7,4,Cash,851.82
BF03135,23-08-2024,Bryan Lee,26-35,Male,Port Jenniferton,Virginia,Type,Beauty,34475,31,23787.75,3,Cash,4659.3
BF03136,22-08-2024,Cynthia Gomez,46-60,Male,Mariafort,Nevada,Five,Beauty,33934,42,19681.72,1,Debit Card,3198.63
BF03137,15-07-2024,Ryan Ferrell,26-35,Male,Bowerstown,Louisiana,Final,Home Appliances,14182,46,7658.28,2,Debit Card,853.97
BF03138,22-10-2023,Evelyn Fisher,60+,Female,Mannfurt,Virginia,Early,Toys,14384,28,10356.48,1,Gift Card,2366.54
BF03139,02-08-2024,Sarah Collins DDS,60+,Female,Bonnieburgh,Maine,Bar,Toys,10371,65,3629.85,4,Gift Card,473.98
BF03140,14-03-2024,Randy Bennett,60+,Female,Thomashaven,Illinois,Thousand,Electronics,9589,39,5849.29,2,Debit Card,1060.77
BF03141,18-09-2024,Miss Judy Robinson DVM,18-25,Other,North Shawn,South Dakota,Region,Toys,34910,68,11171.2,3,UPI,603.29
BF03142,19-05-2024,Jennifer Mason,46-60,Male,South Jane,Connecticut,Enjoy,Home Appliances,17873,48,9293.96,1,UPI,865.05
BF03143,13-04-2024,Roger Williams,26-35,Female,North Paulafort,New York,Option,Sports,1068,38,662.16,3,Gift Card,77.82
BF03144,13-06-2024,Jesus Garcia,26-35,Female,Millerport,Colorado,Cell,Clothing,45004,61,17551.56,3,Gift Card,1714.22
BF03145,30-10-2023,Jeremy Cummings,26-35,Female,New Ericchester,Idaho,Economic,Toys,26119,28,18805.68,4,UPI,2318.81
BF03146,14-01-2024,Ricky Young,46-60,Other,Armstronghaven,Indiana,Decide,Home Appliances,38812,57,16689.16,3,Credit Card,2749.15
BF03147,13-04-2024,James Harmon,46-60,Female,West Adamfort,Delaware,Early,Sports,21498,41,12683.82,1,Debit Card,1500.63
BF03148,30-12-2023,Elizabeth Fernandez,36-45,Male,West Ryan,Illinois,Alone,Sports,42050,77,9671.5,4,Cash,1939.12
BF03149,08-05-2024,Richard Mcguire,26-35,Female,South Wesley,South Carolina,Full,Home Appliances,25407,38,15752.34,4,Cash,1190.1
BF03150,12-07-2024,Mark Jenkins,36-45,Other,East Emily,Utah,I,Clothing,24899,58,10457.58,2,Credit Card,983.22
BF03151,21-06-2024,Luke Floyd,46-60,Other,East Kaitlinfort,Rhode Island,Environmental,Beauty,6027,24,4580.52,1,Debit Card,300.2
BF03152,22-03-2024,Nicole Garrett,46-60,Other,East Kenneth,Oregon,Figure,Sports,37944,41,22386.96,2,UPI,2236.18
BF03153,03-09-2024,Rebecca Ward,36-45,Other,South Gregory,Hawaii,Bad,Clothing,47308,68,15138.56,3,Debit Card,3677.97
BF03154,27-09-2024,Matthew Colon,60+,Male,Port Eric,Connecticut,Air,Beauty,23134,17,19201.22,2,Cash,3469.03
BF03155,17-06-2024,Christopher Andersen,26-35,Other,Gonzalezport,Louisiana,In,Electronics,25804,70,7741.2,1,Credit Card,1348.32
BF03156,12-02-2024,Jack David,46-60,Male,Port Gregorymouth,New Hampshire,Debate,Home Appliances,13351,51,6541.99,3,UPI,810.33
BF03157,15-06-2024,John Sims,60+,Other,Port Cory,Idaho,Skill,Toys,37233,71,10797.57,1,Debit Card,2671.96
BF03158,08-01-2024,Robert Saunders,26-35,Male,North Tasha,Texas,Recognize,Beauty,1847,78,406.34,2,Debit Card,41.95
BF03159,08-10-2024,Joan Nelson,46-60,Male,New Brian,Minnesota,Late,Beauty,19045,77,4380.35,2,Cash,315.28
BF03160,12-07-2024,James Riley,18-25,Male,West Barbarafort,Minnesota,Race,Electronics,5797,68,1855.04,2,UPI,171.17
BF03161,03-09-2024,Angela Simpson,26-35,Male,Anthonyton,Wisconsin,Fall,Electronics,33223,68,10631.36,2,Cash,1783.66
BF03162,05-06-2024,Michael Becker,46-60,Female,South Stephenfurt,Mississippi,Reflect,Toys,22512,14,19360.32,2,Cash,4068.7
BF03163,03-01-2024,Kara Chen,36-45,Male,North Susanborough,Missouri,Together,Home Appliances,35802,52,17184.96,4,Cash,3940.28
BF03164,16-08-2024,Dean Carlson,60+,Female,West Michael,Mississippi,Challenge,Sports,32252,75,8063,3,UPI,725.9
BF03165,03-01-2024,Shelby Miller,46-60,Female,Espinozaborough,Kentucky,Yard,Sports,12892,44,7219.52,3,Credit Card,1341.42
BF03166,16-11-2023,Manuel Lee,18-25,Female,Littleborough,Connecticut,Minute,Beauty,9633,20,7706.4,4,Debit Card,1736.34
BF03167,16-05-2024,Trevor Edwards,60+,Female,Melaniemouth,Montana,Happy,Sports,18468,79,3878.28,4,Cash,385.56
BF03168,22-10-2023,Gary Alexander,26-35,Female,West Laura,Oklahoma,South,Sports,27117,58,11389.14,3,Credit Card,2548.52
BF03169,11-12-2023,Gabriela Lyons,46-60,Other,South Matthewfurt,Massachusetts,Goal,Beauty,4377,14,3764.22,3,Debit Card,374.68
BF03170,05-08-2024,Sean Beard,60+,Other,Camposbury,New Jersey,Occur,Home Appliances,4067,56,1789.48,2,Debit Card,317.29
BF03171,18-02-2024,Emily Watkins,18-25,Female,Lake Michelleview,Delaware,Near,Home Appliances,6912,54,3179.52,3,Gift Card,438.16
BF03172,02-08-2024,Matthew Olsen,18-25,Female,Markfurt,Alaska,Which,Clothing,41578,46,22452.12,3,Gift Card,2094.92
BF03173,12-02-2024,James Castillo,18-25,Female,Lake Rhondashire,New Mexico,Hotel,Beauty,41228,64,14842.08,4,UPI,2217.15
BF03174,20-06-2024,Bobby Shaw,26-35,Other,New Amymouth,Washington,Listen,Electronics,25821,40,15492.6,1,Cash,1491.82
BF03175,21-02-2024,Melinda Chen,26-35,Other,Tylerbury,Rhode Island,Range,Beauty,14687,19,11896.47,1,Gift Card,2054.31
BF03176,13-05-2024,Thomas Luna,46-60,Female,New Jonathan,Nevada,Response,Electronics,922,26,682.28,3,UPI,69.54
BF03177,18-04-2024,Elizabeth Santiago,18-25,Other,Parksborough,Texas,Bad,Electronics,47932,25,35949,1,Cash,4220.87
BF03178,25-10-2023,Carlos Johnson,46-60,Female,Grahammouth,Maryland,Notice,Sports,28712,18,23543.84,1,Debit Card,1846.46
BF03179,25-06-2024,James West,26-35,Male,Hollyshire,South Dakota,Seek,Toys,47434,24,36049.84,4,Debit Card,2626.37
BF03180,18-09-2024,Daniel Huynh,18-25,Female,Cynthiatown,Vermont,Language,Toys,38093,31,26284.17,1,Debit Card,3952.59
BF03181,02-01-2024,Theresa Curry,60+,Female,South Phyllishaven,Connecticut,Of,Sports,2728,68,872.96,3,UPI,68.12
BF03182,29-02-2024,Anthony Gaines,26-35,Male,Kerrfort,Georgia,Involve,Clothing,23685,44,13263.6,1,Gift Card,1695.74
BF03183,30-08-2024,Kyle Allen,26-35,Other,North Laura,Tennessee,Increase,Home Appliances,40159,16,33733.56,4,Gift Card,2735.42
BF03184,21-06-2024,Wesley Ferguson,26-35,Other,Chungside,Oklahoma,Unit,Clothing,20725,77,4766.75,4,Cash,646.22
BF03185,16-01-2024,Tammy Woods,46-60,Female,West Graceborough,Kentucky,Investment,Home Appliances,23675,23,18229.75,2,Cash,1717.47
BF03186,23-04-2024,Jason Bentley,46-60,Female,Gonzalezshire,Alabama,Mr,Beauty,1988,21,1570.52,2,Debit Card,331.64
BF03187,24-09-2024,Dr. Billy Baker,18-25,Female,Ericashire,Washington,Miss,Clothing,3544,72,992.32,3,Debit Card,157.19
BF03188,28-08-2024,Jessica Burns,60+,Female,East Michaelborough,New Mexico,Art,Home Appliances,22032,10,19828.8,3,Debit Card,3450.36
BF03189,27-08-2024,Andrew Richmond,18-25,Female,East Laurafurt,Oklahoma,Subject,Clothing,46034,78,10127.48,3,Cash,2506
BF03190,18-10-2023,Francisco Gonzalez,46-60,Female,Lake Christopherfort,Arizona,Son,Clothing,8747,64,3148.92,3,Cash,618.04
BF03191,17-06-2024,Alicia Bush,18-25,Male,East Aaronport,South Carolina,Control,Toys,10402,65,3640.7,3,Debit Card,377.69
BF03192,04-02-2024,Patricia Cross,46-60,Other,Davidfort,North Carolina,Which,Electronics,6064,53,2850.08,4,UPI,534.87
BF03193,20-01-2024,Sherry Snyder,18-25,Other,West Roberta,South Carolina,Fire,Home Appliances,48689,27,35542.97,4,Debit Card,4831.96
BF03194,20-10-2023,Valerie Gaines,36-45,Other,Toddland,Michigan,Indeed,Beauty,39821,67,13140.93,1,Cash,1432.75
BF03195,02-03-2024,Walter Lucas,60+,Female,Blackmouth,Indiana,Data,Electronics,28607,16,24029.88,4,Credit Card,5072.41
BF03196,07-08-2024,Taylor Elliott,36-45,Female,South Kimberly,Hawaii,Most,Sports,22508,35,14630.2,2,Credit Card,2842.31
BF03197,31-05-2024,Molly Browning,60+,Female,North Johnmouth,Louisiana,Full,Beauty,44639,13,38835.93,3,UPI,6285.05
BF03198,09-01-2024,Christopher Holland,26-35,Male,Chapmanfort,New Mexico,Wonder,Electronics,15960,32,10852.8,2,Cash,1730.39
BF03199,26-06-2024,Eugene Allen,46-60,Other,Hernandezmouth,Mississippi,Prove,Beauty,20442,16,17171.28,1,Gift Card,1358.67
BF03200,14-12-2023,Kathryn Flores,26-35,Male,Port Michaelstad,Kansas,Rate,Sports,8173,43,4658.61,1,UPI,459.19
BF03201,27-01-2024,William Hunter,26-35,Other,Nicholasshire,Wisconsin,Yes,Home Appliances,31757,51,15560.93,3,Debit Card,1193.28
BF03202,18-01-2024,Robert English,36-45,Other,North Kaitlinchester,New York,Democratic,Clothing,44560,34,29409.6,3,Credit Card,3838.21
BF03203,10-03-2024,Carrie Crawford,46-60,Other,Campbellhaven,Michigan,Over,Beauty,15095,79,3169.95,1,Cash,202.59
BF03204,07-11-2023,Heather Johnson,36-45,Female,West Taylor,Oklahoma,Occur,Beauty,14952,14,12858.72,4,Credit Card,1556.01
BF03205,17-03-2024,Deborah Faulkner MD,46-60,Male,Samanthaton,Maine,Travel,Clothing,10535,49,5372.85,3,Debit Card,541.08
BF03206,02-04-2024,Jordan Hart,36-45,Female,Taylorland,Arkansas,Bag,Sports,36543,17,30330.69,4,Credit Card,6054.72
BF03207,10-09-2024,Erica Schmidt,36-45,Female,Lake Patricia,Idaho,And,Sports,33115,31,22849.35,1,Cash,1779.38
BF03208,19-03-2024,Kristin Keller,60+,Female,Pooleport,Idaho,Bank,Clothing,35388,25,26541,1,Debit Card,2527.32
BF03209,27-03-2024,Brandon Lee,18-25,Male,Morganstad,Texas,Husband,Home Appliances,48560,53,22823.2,4,Gift Card,3029.8
BF03210,14-04-2024,Valerie Skinner,60+,Male,West Anne,Arizona,Later,Sports,8766,11,7801.74,1,Credit Card,1415.58
BF03211,29-09-2024,Charles Barber,36-45,Female,Lorihaven,New Hampshire,Both,Beauty,11170,71,3239.3,2,Debit Card,332.75
BF03212,07-03-2024,Summer Bass,46-60,Other,North Lori,Pennsylvania,Key,Sports,6136,36,3927.04,2,Gift Card,567.46
BF03213,08-01-2024,Lisa Ford,18-25,Other,Port Kristina,Ohio,Attack,Electronics,21492,24,16333.92,1,Cash,1404.11
BF03214,19-06-2024,Tyler Rose,18-25,Male,Moorefort,Minnesota,Opportunity,Sports,1668,55,750.6,3,Cash,83.55
BF03215,06-11-2023,Daniel James,60+,Other,New Angela,Georgia,Expect,Toys,31734,51,15549.66,3,Debit Card,1678.87
BF03216,09-09-2024,Jennifer Perez,18-25,Other,New Scottmouth,Florida,Doctor,Clothing,30981,61,12082.59,3,Debit Card,1859.54
BF03217,28-10-2023,John Pham,26-35,Female,Wandafurt,Delaware,Store,Home Appliances,11145,18,9138.9,2,UPI,1118.71
BF03218,22-05-2024,Cathy Perry,60+,Female,Billchester,Arkansas,Easy,Beauty,40223,15,34189.55,1,Debit Card,5278.61
BF03219,17-03-2024,Erica Montoya,36-45,Other,Kennethshire,Iowa,Field,Beauty,43461,54,19992.06,4,Credit Card,1192.35
BF03220,29-06-2024,Hannah Davila,36-45,Male,Lake Francisco,Arkansas,Player,Electronics,17536,66,5962.24,1,Gift Card,1212.6
BF03221,07-08-2024,Nicole Vasquez,18-25,Female,West Christopherside,Minnesota,Change,Electronics,43452,44,24333.12,1,UPI,2974.65
BF03222,16-07-2024,Cynthia Herrera,60+,Other,New Paulhaven,Wyoming,College,Sports,34701,16,29148.84,4,Cash,5529
BF03223,03-04-2024,Jennifer Davis,46-60,Female,Gravesport,New Jersey,Indeed,Beauty,33124,64,11924.64,2,Cash,2152.89
BF03224,27-02-2024,Jessica Norton,26-35,Female,Port Edward,Wyoming,Attorney,Toys,33440,50,16720,4,Cash,3023.24
BF03225,08-03-2024,Nathaniel Gray,46-60,Male,Port Michaelton,Connecticut,Option,Clothing,49550,38,30721,1,Credit Card,2434.18
BF03226,21-06-2024,William Taylor,18-25,Other,Millerport,Alaska,Important,Beauty,37542,20,30033.6,4,Debit Card,6757.57
BF03227,23-08-2024,Timothy Cameron,46-60,Other,New Tammy,West Virginia,Network,Home Appliances,21686,47,11493.58,3,UPI,1905.08
BF03228,14-06-2024,Chad Johnson,60+,Male,Knightland,Florida,How,Electronics,700,46,378,4,Cash,37.88
BF03229,07-05-2024,Rodney Cline,36-45,Other,Thomasland,Minnesota,Hit,Sports,49685,60,19874,4,Debit Card,2585.34
BF03230,21-08-2024,Destiny Leon,46-60,Male,New Peter,Arkansas,North,Sports,18158,63,6718.46,3,UPI,1616.64
BF03231,22-01-2024,Ian Bolton,26-35,Female,Ashleytown,Wisconsin,Audience,Clothing,17741,74,4612.66,4,Gift Card,442.28
BF03232,23-11-2023,Colleen Weaver,36-45,Male,South Philliptown,South Dakota,Land,Home Appliances,30708,66,10440.72,1,Gift Card,1827.57
BF03233,24-04-2024,Patricia Adkins,26-35,Female,East Michelle,Alaska,Door,Sports,45499,30,31849.3,3,Cash,5950.76
BF03234,19-10-2023,Andrew Hamilton,60+,Male,Andrewmouth,Maine,Mother,Toys,27538,50,13769,3,Gift Card,1218.26
BF03235,20-12-2023,Kyle Thomas,26-35,Other,West Derrick,Illinois,Impact,Clothing,9583,10,8624.7,1,Debit Card,1078.55
BF03236,30-10-2023,Monique Hooper,60+,Male,Nelsonfurt,Hawaii,Season,Beauty,28820,77,6628.6,3,Credit Card,1263.39
BF03237,23-10-2023,Samuel Smith,26-35,Female,Mcdanielland,Montana,Situation,Clothing,8981,21,7094.99,1,UPI,429.85
BF03238,24-10-2023,Amy Compton,18-25,Other,West Tylershire,Colorado,Center,Home Appliances,12291,11,10938.99,2,Debit Card,1263.55
BF03239,18-12-2023,Megan Rivera,26-35,Other,East Charles,Texas,Protect,Toys,22815,24,17339.4,2,Cash,4271.69
BF03240,23-12-2023,Dr. Frank Rice,18-25,Female,South Amy,Mississippi,Executive,Clothing,16829,73,4543.83,3,Gift Card,835.35
BF03241,24-01-2024,Sarah Hoffman,26-35,Male,Oliviaville,Georgia,However,Electronics,4784,69,1483.04,4,Debit Card,221.85
BF03242,15-07-2024,Julie Olsen,36-45,Female,Romanside,New Jersey,Executive,Sports,30776,41,18157.84,3,Credit Card,4408.66
BF03243,05-12-2023,Anthony Woodard,46-60,Female,North Jennaville,Montana,Next,Home Appliances,29458,64,10604.88,2,Cash,1325.66
BF03244,02-06-2024,Heather Dominguez,60+,Male,Port Kenneth,Massachusetts,Six,Clothing,35425,50,17712.5,1,Credit Card,3309.45
BF03245,06-07-2024,Marcus Perez,60+,Female,Marvinborough,Alabama,Individual,Home Appliances,40887,30,28620.9,1,Debit Card,6210.85
BF03246,13-05-2024,David Taylor,60+,Other,Greenchester,Washington,Magazine,Home Appliances,13102,74,3406.52,4,Gift Card,225.21
BF03247,04-11-2023,Patricia Richards,60+,Female,Kirkbury,Texas,Mean,Home Appliances,9466,78,2082.52,3,Cash,298.31
BF03248,13-05-2024,Laura Walter,46-60,Other,Mirandaburgh,South Dakota,Half,Sports,48086,76,11540.64,4,UPI,1740.12
BF03249,28-10-2023,Damon Dixon,46-60,Male,Lake Stephenport,Wisconsin,President,Toys,15226,19,12333.06,3,Cash,1856.47
BF03250,31-01-2024,Brandon Jones,60+,Female,North Timothy,Wyoming,Into,Electronics,20987,15,17838.95,1,Cash,4363.1
BF03251,27-11-2023,Kimberly Baird,60+,Female,Lake Monicaside,California,Hundred,Home Appliances,14636,44,8196.16,3,Credit Card,500.2
BF03252,23-05-2024,Christopher Martinez,36-45,Female,South Sheila,Virginia,Right,Home Appliances,11769,29,8355.99,2,Cash,468.55
BF03253,08-05-2024,Thomas Garza,36-45,Female,Christybury,Arkansas,Enter,Electronics,25385,18,20815.7,4,Credit Card,3391.33
BF03254,04-11-2023,Michael Anderson,46-60,Male,Hallborough,Kansas,Walk,Sports,28667,15,24366.95,3,Gift Card,2599.31
BF03255,06-10-2024,Olivia Cummings,26-35,Male,Cookchester,New Hampshire,How,Toys,12725,48,6617,4,Debit Card,963.4
BF03256,06-09-2024,Eric Mathews,26-35,Other,Port Rebecca,Alabama,Method,Sports,45459,48,23638.68,3,UPI,3022.81
BF03257,17-08-2024,Charles Adams,36-45,Female,Evansmouth,South Dakota,Window,Beauty,15186,79,3189.06,3,Cash,736.9
BF03258,11-09-2024,Paula Blankenship,60+,Female,Amyview,Pennsylvania,Ability,Toys,12926,18,10599.32,3,Gift Card,667.02
BF03259,03-01-2024,Douglas Martinez,36-45,Male,Joseburgh,Nebraska,Human,Toys,23994,51,11757.06,4,Credit Card,1426.77
BF03260,16-04-2024,Patrick Flores,60+,Female,Garciastad,Illinois,Lose,Beauty,45288,66,15397.92,4,Cash,1926.16
BF03261,14-08-2024,Andrea Hernandez,26-35,Female,East Shaun,Utah,Agreement,Toys,45366,75,11341.5,1,Gift Card,1516.85
BF03262,24-10-2023,Rita Smith,60+,Other,Trujilloborough,North Dakota,Such,Electronics,36702,27,26792.46,1,Credit Card,6119.38
BF03263,20-08-2024,Paul Mann,60+,Other,East Aliciafurt,Oklahoma,Head,Toys,28602,47,15159.06,3,Debit Card,3505.63
BF03264,29-06-2024,Jessica Garcia,18-25,Female,West Carriechester,Iowa,Similar,Beauty,42264,31,29162.16,3,Cash,4512.48
BF03265,17-12-2023,David Mclean,18-25,Female,North Kristenstad,Virginia,Wait,Clothing,4564,61,1779.96,4,Debit Card,401.42
BF03266,08-03-2024,Paul Williams,26-35,Male,Hillmouth,South Dakota,System,Beauty,28739,68,9196.48,1,UPI,2037.82
BF03267,11-01-2024,Stephen Fuentes,60+,Female,Loganhaven,Michigan,Mind,Clothing,37703,72,10556.84,1,UPI,2475.66
BF03268,01-02-2024,Billy Miller,26-35,Other,North Spencerburgh,Maryland,Get,Toys,30278,16,25433.52,3,Gift Card,4063.01
BF03269,03-04-2024,Jason Perez,26-35,Other,South Alyssa,Arizona,Manager,Toys,31113,74,8089.38,1,UPI,1410.53
BF03270,31-12-2023,Annette Mclean,36-45,Other,North Alexa,Ohio,Difference,Beauty,47283,38,29315.46,1,UPI,2967.62
BF03271,28-12-2023,Molly Ramirez,26-35,Other,North Jeffreyport,Oregon,Prove,Clothing,29861,19,24187.41,2,Debit Card,1229.09
BF03272,07-08-2024,Kevin Smith,46-60,Male,East Ronald,Florida,Around,Toys,12465,59,5110.65,4,Credit Card,818.98
BF03273,20-04-2024,Katherine Cummings,18-25,Other,Josephburgh,West Virginia,Knowledge,Home Appliances,15987,48,8313.24,2,Debit Card,1273.4
BF03274,17-02-2024,Megan Silva,26-35,Other,Coopermouth,Colorado,Send,Beauty,42758,33,28647.86,3,Gift Card,5460.6
BF03275,30-05-2024,Shelia Perry,46-60,Male,New Jodifurt,New Mexico,One,Sports,10062,35,6540.3,4,Cash,953.67
BF03276,22-01-2024,Justin Warren,18-25,Male,Lisaberg,Montana,Stock,Electronics,12164,17,10096.12,1,Debit Card,1249.63
BF03277,07-12-2023,Krista Smith,60+,Male,Heatherstad,Colorado,Exist,Clothing,17096,23,13163.92,2,Cash,2200.38
BF03278,11-01-2024,Christina Jones,36-45,Male,East Crystalville,Iowa,Bank,Electronics,8446,54,3885.16,1,Gift Card,931.48
BF03279,23-03-2024,Stephen Zhang,26-35,Other,New Kennethside,Idaho,Remain,Clothing,15957,55,7180.65,1,UPI,950.95
BF03280,22-01-2024,Julie Johnson,60+,Male,Dylanmouth,Minnesota,Kitchen,Clothing,28469,32,19358.92,4,Cash,1679.53
BF03281,25-07-2024,Curtis Saunders,36-45,Other,Dustinport,North Carolina,Tend,Beauty,19148,48,9956.96,2,UPI,2438.93
BF03282,04-12-2023,Benjamin Hansen,36-45,Male,Lake Virginia,Ohio,Consider,Sports,6041,69,1872.71,4,Debit Card,399.72
BF03283,26-08-2024,Bryce Ward,46-60,Other,Jamesbury,Hawaii,Feel,Clothing,25719,53,12087.93,1,Credit Card,1569.77
BF03284,04-02-2024,Mr. Victor Rogers DDS,18-25,Male,North Gabriella,West Virginia,Officer,Toys,31762,40,19057.2,4,UPI,4076.03
BF03285,31-08-2024,Cheryl Robinson,36-45,Female,Elliottmouth,Michigan,Interview,Electronics,3072,61,1198.08,1,Credit Card,101.86
BF03286,19-02-2024,Thomas Nguyen,18-25,Male,Haynesborough,Nebraska,Tend,Clothing,23075,51,11306.75,3,Gift Card,2271.38
BF03287,29-04-2024,Robert Maxwell,46-60,Female,West Danielle,Texas,Book,Beauty,41101,64,14796.36,3,Debit Card,2025.68
BF03288,24-09-2024,Cynthia Jones,60+,Female,Lake Amanda,Missouri,Sort,Toys,49009,72,13722.52,4,UPI,1632.74
BF03289,27-12-2023,Anne Reilly,46-60,Female,Oscarborough,South Dakota,Hotel,Electronics,45875,52,22020,2,Gift Card,1555.79
BF03290,03-10-2024,Tyler Choi,46-60,Other,Josephview,Virginia,Among,Sports,27764,26,20545.36,3,Debit Card,1084.42
BF03291,26-01-2024,Pam Mccarty,36-45,Female,Melendezshire,Georgia,Economic,Beauty,5689,47,3015.17,2,Cash,697.5
BF03292,10-04-2024,Christopher Black,46-60,Female,North Jodihaven,Oklahoma,Heart,Toys,42820,39,26120.2,4,Credit Card,4952.14
BF03293,21-01-2024,Andrew Martinez,46-60,Other,Smithborough,New Jersey,Race,Toys,27720,50,13860,2,Gift Card,840.01
BF03294,18-07-2024,Mrs. Marie Carlson DVM,26-35,Other,New Amyfurt,Iowa,Policy,Electronics,45727,39,27893.47,2,Debit Card,3902.78
BF03295,17-07-2024,Douglas Allen DVM,46-60,Male,Barryborough,Delaware,Seem,Home Appliances,15088,44,8449.28,2,Credit Card,1274.32
BF03296,20-03-2024,Timothy Thompson,26-35,Male,New Michelle,Vermont,Dog,Sports,10977,63,4061.49,4,Debit Card,933.85
BF03297,28-07-2024,Mark Norman,26-35,Other,Martineztown,Washington,Situation,Sports,15024,25,11268,4,Cash,961.75
BF03298,27-11-2023,Amanda Diaz,36-45,Other,Port Tyler,Idaho,Leg,Toys,1151,39,702.11,1,Cash,120.23
BF03299,01-01-2024,Cheryl Sandoval,36-45,Other,South Gilbert,Nebraska,Speech,Clothing,709,18,581.38,4,Gift Card,58.61
BF03300,12-05-2024,Ashlee Simpson,26-35,Other,Port Edwin,Maine,Feeling,Sports,24821,32,16878.28,4,Gift Card,1251.97
BF03301,31-03-2024,Alexandra Cooper,36-45,Other,Michaelport,New York,Fish,Sports,16080,66,5467.2,4,Debit Card,1166.87
BF03302,07-02-2024,Rachel Clarke,46-60,Other,South Stacychester,Michigan,Congress,Electronics,31393,32,21347.24,2,Debit Card,5197.05
BF03303,11-08-2024,Caitlin Acevedo,18-25,Male,Mezashire,New York,Bag,Toys,49463,78,10881.86,3,Debit Card,973.79
BF03304,29-12-2023,Victoria Franco,46-60,Female,Moonburgh,Maine,Learn,Home Appliances,48468,22,37805.04,2,Cash,5536.13
BF03305,07-06-2024,Jessica Wood,36-45,Other,Ortizberg,Georgia,Including,Toys,991,27,723.43,2,Cash,110.31
BF03306,07-02-2024,Jeffrey Wilson,60+,Female,Hallton,Illinois,Type,Home Appliances,27812,15,23640.2,3,Gift Card,4956.26
BF03307,10-11-2023,Charles Garrett,46-60,Female,Judithbury,Oklahoma,Seem,Home Appliances,3229,66,1097.86,3,Gift Card,248.67
BF03308,12-03-2024,Mark Johnson DDS,60+,Male,South Edwinfort,Alaska,Over,Toys,49867,10,44880.3,1,Gift Card,2717.24
BF03309,09-02-2024,Denise Smith,36-45,Other,Port Dana,Massachusetts,Enough,Beauty,44285,55,19928.25,4,Debit Card,2567.73
BF03310,09-12-2023,Judith Sanchez,18-25,Female,Bradshawview,Nebraska,North,Electronics,5119,55,2303.55,1,Cash,485.82
BF03311,30-10-2023,Gregory Chavez,18-25,Female,Toddland,Arizona,Street,Beauty,38253,57,16448.79,3,Gift Card,3865.79
BF03312,12-03-2024,Susan Anderson,18-25,Female,Clarkburgh,Alabama,Appear,Sports,13573,22,10586.94,3,Gift Card,1748.39
BF03313,19-07-2024,Deborah Wilson,26-35,Other,Shawberg,Maine,Study,Home Appliances,24335,12,21414.8,2,Debit Card,2595.5
BF03314,25-03-2024,Lori Allen,60+,Other,South Robert,Rhode Island,Low,Electronics,41617,31,28715.73,4,Credit Card,3817.7
BF03315,06-12-2023,Anthony Gibson,36-45,Female,West James,Maine,Money,Toys,1186,16,996.24,1,Cash,110.62
BF03316,22-04-2024,Derek Cox,60+,Female,Lake Christinashire,New Jersey,Hundred,Toys,16591,16,13936.44,2,Cash,1121.29
BF03317,26-02-2024,Mary Guzman,60+,Female,North Sonia,New York,Network,Beauty,40474,41,23879.66,4,Cash,1491.35
BF03318,26-09-2024,Courtney Dixon,60+,Other,West Danielview,South Carolina,Large,Sports,2784,60,1113.6,4,UPI,251.79
BF03319,27-08-2024,Brianna Johnson,60+,Female,West Amanda,Michigan,Three,Beauty,25220,65,8827,1,Credit Card,872.18
BF03320,11-12-2023,Justin Parker,26-35,Male,South Jessicafort,Arizona,Certainly,Electronics,7457,33,4996.19,1,Debit Card,1075.41
BF03321,16-01-2024,Francisco Taylor,36-45,Female,Schultzburgh,Minnesota,Small,Toys,21657,72,6063.96,3,Debit Card,1211.92
BF03322,27-07-2024,Christopher Vazquez,36-45,Female,Angelashire,Pennsylvania,Somebody,Electronics,30599,16,25703.16,4,Cash,6262.19
BF03323,27-01-2024,Joshua Shelton,26-35,Female,Lake Victor,North Carolina,Pm,Home Appliances,15613,10,14051.7,3,Credit Card,2557.8
BF03324,15-06-2024,Kimberly Kidd,60+,Male,Hawkinsfurt,Wisconsin,Movie,Beauty,4356,44,2439.36,3,Credit Card,152.55
BF03325,01-11-2023,Jeremy Oliver,46-60,Female,East Nicholasmouth,North Carolina,Able,Toys,31733,42,18405.14,2,Gift Card,4245.59
BF03326,27-12-2023,Cassandra Barnes,36-45,Male,Nicholasfurt,Hawaii,Product,Toys,11770,64,4237.2,2,Gift Card,1037.51
BF03327,27-09-2024,Gregory Gates,46-60,Other,West Angelahaven,Montana,Little,Beauty,8966,42,5200.28,1,UPI,819.87
BF03328,14-06-2024,Nicholas James,18-25,Female,Colleenchester,New York,Support,Sports,20148,63,7454.76,3,Cash,1310.38
BF03329,04-08-2024,Brianna Myers,46-60,Male,Mclaughlinview,South Dakota,Article,Electronics,22351,55,10057.95,2,Gift Card,1100.57
BF03330,24-09-2024,Jason Schmidt,60+,Male,Port Tony,Iowa,Few,Electronics,7440,39,4538.4,1,Credit Card,1035.58
BF03331,27-08-2024,Adam Johnson,36-45,Male,New Nicholashaven,North Carolina,Smile,Beauty,16774,66,5703.16,3,Cash,657.15
BF03332,23-11-2023,Heidi Guerrero,26-35,Female,Dakotaland,Vermont,Position,Electronics,31520,29,22379.2,4,Debit Card,1853.44
BF03333,19-03-2024,Edgar Miranda,46-60,Female,Matthewhaven,Arkansas,TRUE,Electronics,10846,18,8893.72,1,Debit Card,1631.62
BF03334,30-11-2023,Mitchell Campbell,26-35,Other,Amandatown,South Carolina,Garden,Home Appliances,24353,59,9984.73,3,Debit Card,1642.69
BF03335,22-06-2024,Adam Greene,60+,Male,Timothyport,North Dakota,Difficult,Clothing,37771,69,11709.01,2,Debit Card,728.13
BF03336,01-09-2024,Jose Thompson,18-25,Female,New Brianstad,Illinois,Husband,Clothing,11658,74,3031.08,2,Credit Card,646.57
BF03337,29-12-2023,Olivia Myers,60+,Female,Lanceburgh,North Carolina,Ago,Toys,39259,65,13740.65,4,Cash,1770.15
BF03338,19-04-2024,Steven Day,46-60,Male,North Sandy,New Jersey,Teach,Sports,22694,12,19970.72,4,UPI,2312.5
BF03339,21-01-2024,Alyssa Bridges,46-60,Male,Claytonport,Kentucky,Painting,Sports,38797,49,19786.47,1,Cash,2697.59
BF03340,29-07-2024,Paul Guerrero,26-35,Male,New Derek,Florida,Worry,Electronics,6178,12,5436.64,1,Credit Card,1108.67
BF03341,16-02-2024,Emily Graham,18-25,Female,Lesliefurt,Connecticut,Stage,Beauty,13204,31,9110.76,2,Credit Card,2162.7
BF03342,08-04-2024,Mark Booker,36-45,Male,North Cheyennetown,Texas,Look,Home Appliances,26137,57,11238.91,4,Debit Card,1020.83
BF03343,17-12-2023,Jonathan Jackson,46-60,Male,Lynchborough,Kentucky,Consider,Toys,11618,27,8481.14,4,Debit Card,585.07
BF03344,30-08-2024,Marc Cole,36-45,Female,Taylormouth,Michigan,Drive,Electronics,10667,77,2453.41,4,Gift Card,273.25
BF03345,28-09-2024,Andre Fox,46-60,Other,East Daniel,Arkansas,Great,Home Appliances,14140,24,10746.4,3,Credit Card,2262.76
BF03346,08-03-2024,Jennifer Holder,60+,Male,South Travis,Oregon,Day,Sports,14651,21,11574.29,4,Gift Card,2849.77
BF03347,28-01-2024,Mr. Caleb Walker MD,46-60,Male,Jacobsonmouth,Wyoming,Nearly,Electronics,45237,78,9952.14,2,Cash,1832.47
BF03348,16-08-2024,Adam Moreno,46-60,Male,Shieldsshire,Massachusetts,Consider,Home Appliances,17037,31,11755.53,1,Credit Card,1910.52
BF03349,27-04-2024,Paul Delacruz,60+,Other,East Paul,North Carolina,She,Toys,32355,51,15853.95,3,Gift Card,3046.35
BF03350,21-04-2024,Janice Carter,26-35,Female,Brucefort,Nevada,Travel,Sports,34572,22,26966.16,2,Credit Card,3330.02
BF03351,04-02-2024,Katherine Anderson,36-45,Female,Carlsonland,Arizona,Small,Electronics,37444,64,13479.84,4,UPI,2408.85
BF03352,02-11-2023,Kim Pearson,36-45,Male,New John,Minnesota,Fund,Home Appliances,22249,48,11569.48,2,Credit Card,2842.84
BF03353,26-08-2024,Joseph Hicks,26-35,Female,Lake Andrewbury,Hawaii,Be,Home Appliances,7433,32,5054.44,2,Credit Card,1225.5
BF03354,15-01-2024,Christopher Wright,36-45,Male,East Natalieville,Alabama,Seven,Home Appliances,47555,74,12364.3,3,Cash,3075.96
BF03355,18-01-2024,Frank Acosta,46-60,Female,Barneschester,Oregon,Land,Electronics,27919,34,18426.54,3,Credit Card,3836.7
BF03356,28-03-2024,Matthew Gonzalez,36-45,Other,Port Nicoleside,Iowa,Point,Clothing,40401,37,25452.63,3,UPI,5056.71
BF03357,21-04-2024,Joshua Vasquez,18-25,Male,Andrewsbury,Alabama,Site,Beauty,46204,58,19405.68,4,Gift Card,2421.78
BF03358,06-09-2024,Ashley Parker,60+,Other,Lake Charles,Texas,Reveal,Clothing,31675,11,28190.75,4,Gift Card,2995.25
BF03359,10-09-2024,Joel Coleman,26-35,Other,Christineview,New York,Figure,Sports,38738,28,27891.36,1,Cash,3401.1
BF03360,18-02-2024,Adam Stout,60+,Female,New Kathrynside,South Dakota,Employee,Sports,2957,26,2188.18,3,Debit Card,504.01
BF03361,24-04-2024,Taylor Aguilar,36-45,Male,Dianaland,New Jersey,Game,Clothing,22660,42,13142.8,2,UPI,1236.94
BF03362,30-11-2023,Victoria Montgomery MD,60+,Other,Russelltown,Ohio,Project,Home Appliances,10081,47,5342.93,2,Debit Card,611.57
BF03363,13-10-2023,Mark Cruz,36-45,Female,Lake Anita,Michigan,State,Home Appliances,10581,38,6560.22,2,Cash,719.14
BF03364,30-03-2024,Charlene Neal,26-35,Male,Lake Dianaton,Alaska,Visit,Toys,1551,57,666.93,1,Debit Card,100.2
BF03365,10-01-2024,Steve Jackson,36-45,Other,Lake Scottbury,South Dakota,Others,Electronics,42745,25,32058.75,3,Credit Card,7585.31
BF03366,29-07-2024,Judy Hardy,36-45,Female,Lake Haley,South Carolina,Who,Toys,35450,25,26587.5,3,Credit Card,3593.74
BF03367,10-06-2024,Heather Martinez,36-45,Other,New Zachary,Arizona,Serve,Toys,12999,58,5459.58,2,Debit Card,1050.51
BF03368,03-05-2024,Julie Kelly,46-60,Other,Lake Nancyport,South Carolina,Wish,Clothing,42291,66,14378.94,4,UPI,1897.1
BF03369,18-11-2023,Kimberly Brown,46-60,Male,Sarahshire,Virginia,Investment,Toys,4224,54,1943.04,3,UPI,206.65
BF03370,15-07-2024,Jillian Jones,36-45,Male,Juliechester,Colorado,Of,Clothing,16425,43,9362.25,1,UPI,1433.64
BF03371,01-04-2024,James Hudson,60+,Female,South Frankborough,Arizona,Though,Toys,4499,23,3464.23,4,UPI,638.69
BF03372,30-04-2024,Sandy Elliott,36-45,Female,North Bobbymouth,Oklahoma,Finally,Home Appliances,48346,42,28040.68,1,Credit Card,5585.13
BF03373,16-07-2024,Loretta Garcia,26-35,Female,East Lauraview,California,Argue,Toys,37840,38,23460.8,4,Debit Card,2505.97
BF03374,29-01-2024,Margaret Stafford,18-25,Female,Port Joseph,Ohio,Evidence,Home Appliances,3917,12,3446.96,4,UPI,810.39
BF03375,28-04-2024,Heidi Flynn,46-60,Male,Mccoyburgh,Pennsylvania,General,Clothing,28908,54,13297.68,2,Gift Card,3063.91
BF03376,07-05-2024,Joseph Thompson,18-25,Other,Port Luisside,Ohio,Blue,Beauty,23139,15,19668.15,1,Cash,2973.21
BF03377,19-10-2023,Veronica Garcia,60+,Female,Natalieport,South Carolina,Western,Clothing,26240,45,14432,4,Debit Card,2228.78
BF03378,09-09-2024,Dakota Garcia,36-45,Male,West Margaretmouth,Utah,Third,Toys,16352,58,6867.84,1,Gift Card,683.58
BF03379,10-06-2024,Rebecca Wheeler,60+,Female,Rioschester,Pennsylvania,Quite,Home Appliances,7313,22,5704.14,3,Gift Card,1414.64
BF03380,11-02-2024,Ashley Houston,46-60,Other,Lake Robertside,New York,Over,Electronics,28633,73,7730.91,3,Gift Card,483.8
BF03381,23-09-2024,Jennifer Mcbride PhD,36-45,Male,Cindyland,Alaska,Wind,Sports,46442,37,29258.46,3,Gift Card,3586.74
BF03382,05-10-2024,Arthur Moore,36-45,Female,West Todd,Nevada,Hard,Toys,31109,55,13999.05,3,UPI,2619.99
BF03383,17-03-2024,Matthew Acosta,36-45,Female,Port Ashley,North Carolina,He,Electronics,15773,74,4100.98,2,Debit Card,526.68
BF03384,14-07-2024,Nicholas Allison,26-35,Male,Knoxville,Alaska,Short,Toys,38476,15,32704.6,4,Cash,4725.4
BF03385,06-03-2024,Laura Barker,46-60,Other,North Anneburgh,California,Feeling,Beauty,26071,24,19813.96,1,Cash,2525.84
BF03386,14-08-2024,Amy Davis,46-60,Female,New Rachel,Idaho,Country,Beauty,47525,42,27564.5,1,Cash,6536.42
BF03387,18-11-2023,Andrew Schwartz,46-60,Other,North Jenniferhaven,Oklahoma,Modern,Beauty,32494,33,21770.98,4,Debit Card,3961.17
BF03388,21-09-2024,Rebecca Williams,60+,Female,Laurieville,Nevada,Middle,Beauty,12175,53,5722.25,1,Gift Card,373.98
BF03389,21-03-2024,Melissa Carter,36-45,Female,Port Paul,California,Current,Home Appliances,27075,39,16515.75,1,Cash,3471.95
BF03390,08-08-2024,Amy Salazar,18-25,Male,West Paulton,Wisconsin,Rest,Electronics,17600,54,8096,4,UPI,1629.77
BF03391,04-01-2024,Gabrielle Perkins,60+,Female,Nathanborough,New York,President,Electronics,8469,30,5928.3,2,Gift Card,1016.18
BF03392,24-08-2024,John Stone,46-60,Other,Lake Mariaport,Hawaii,Fund,Sports,2685,58,1127.7,4,UPI,256.91
BF03393,08-06-2024,Gerald Wagner,36-45,Other,Josemouth,Oregon,Book,Sports,38182,77,8781.86,1,Debit Card,1400.07
BF03394,03-02-2024,Tiffany Edwards,36-45,Female,Keithport,Connecticut,Field,Toys,36975,23,28470.75,4,Credit Card,4333.58
BF03395,06-08-2024,Danielle Clark,18-25,Male,Maryshire,Minnesota,Decide,Beauty,25762,31,17775.78,4,UPI,2018.2
BF03396,07-10-2024,Sheryl Wallace,26-35,Male,Contrerasmouth,Vermont,Pay,Beauty,33806,39,20621.66,2,Gift Card,3394.58
BF03397,30-11-2023,Cynthia Cooke,18-25,Other,Elizabethchester,Indiana,Large,Beauty,28517,38,17680.54,1,Debit Card,3530.63
BF03398,29-11-2023,Jose Ibarra,60+,Other,Obrienville,Arkansas,Property,Sports,28520,15,24242,4,Gift Card,1933.93
BF03399,06-10-2024,Sara Hawkins,46-60,Male,Port Robertport,Arizona,Win,Sports,41354,20,33083.2,2,Cash,6738.6
BF03400,08-05-2024,Christina Butler,26-35,Female,Juanfurt,Michigan,Business,Beauty,36088,74,9382.88,4,Credit Card,1076.56
BF03401,28-01-2024,Jillian Castillo,36-45,Other,Jameschester,Connecticut,Collection,Electronics,26080,54,11996.8,1,Debit Card,1782.74
BF03402,28-07-2024,Steven Thomas IV,60+,Male,Port Mario,Illinois,Operation,Clothing,23889,29,16961.19,3,Gift Card,2542.44
BF03403,27-07-2024,Wanda Choi,26-35,Male,Wilkersonmouth,Colorado,Music,Sports,36001,24,27360.76,2,Cash,4106.52
BF03404,17-11-2023,Jasmine Henderson,18-25,Other,West Richard,Washington,Several,Home Appliances,34416,54,15831.36,2,Cash,1551.88
BF03405,17-11-2023,Philip Roberts,18-25,Other,East Williamshire,Ohio,Man,Sports,9871,19,7995.51,1,Credit Card,1067.76
BF03406,27-08-2024,Rebecca Cruz,26-35,Female,Maryborough,Delaware,Class,Electronics,5026,56,2211.44,1,Credit Card,136.8
BF03407,25-05-2024,Daniel Erickson,18-25,Female,South Jennifertown,Arizona,Pm,Toys,4180,28,3009.6,1,Debit Card,741.73
BF03408,23-03-2024,Erik Fry,46-60,Other,Linstad,Oklahoma,Itself,Sports,9674,79,2031.54,3,UPI,307.75
BF03409,25-05-2024,Laura Ross,26-35,Female,Greermouth,Alabama,Research,Sports,26527,41,15650.93,3,UPI,1301.44
BF03410,16-01-2024,David Price,60+,Female,South Rebeccaborough,Connecticut,Just,Electronics,9806,15,8335.1,3,Cash,1693.72
BF03411,05-03-2024,Linda Mitchell,26-35,Female,South Travisville,Idaho,Under,Electronics,33005,24,25083.8,4,Credit Card,1937.3
BF03412,21-11-2023,Phillip Lewis,60+,Other,Elizabethberg,Colorado,Scientist,Sports,48029,26,35541.46,4,Cash,4058.79
BF03413,19-03-2024,Patrick Greene,26-35,Other,West Josephstad,Wyoming,Moment,Sports,49787,70,14936.1,3,Debit Card,1388.65
BF03414,12-08-2024,Vincent Smith,18-25,Male,Port Austinmouth,Virginia,Open,Home Appliances,18901,42,10962.58,3,Cash,1545.2
BF03415,13-04-2024,Andrea Rivera,18-25,Female,West Traciebury,Oregon,Day,Beauty,15198,25,11398.5,3,Gift Card,716.12
BF03416,16-01-2024,Timothy Diaz,26-35,Female,South Paulchester,New Jersey,Final,Home Appliances,4199,35,2729.35,4,Debit Card,378.66
BF03417,01-09-2024,Katherine Thomas,36-45,Other,Patriciamouth,Tennessee,Whom,Sports,39102,40,23461.2,1,Credit Card,5239.09
BF03418,08-09-2024,Amber Cooke,60+,Female,Josephmouth,Arkansas,Serious,Clothing,33304,11,29640.56,3,Cash,1501.85
BF03419,18-03-2024,Kelly Shelton,46-60,Male,Port Patrickstad,California,Hear,Sports,12849,20,10279.2,3,Credit Card,2496.19
BF03420,07-12-2023,Kelly Rose,26-35,Other,Pattersonburgh,Tennessee,Course,Sports,38486,78,8466.92,4,Debit Card,1368.05
BF03421,12-03-2024,John Esparza,60+,Male,Lake Meganfurt,Georgia,Carry,Toys,16990,17,14101.7,3,Gift Card,752.27
BF03422,29-08-2024,Larry Williams,36-45,Male,Juliabury,Indiana,Personal,Clothing,43634,53,20507.98,1,Cash,4310.35
BF03423,17-06-2024,Rachel Davis,36-45,Male,New Albert,North Carolina,Production,Toys,44020,51,21569.8,2,UPI,1362.78
BF03424,10-12-2023,Felicia Summers,46-60,Female,West Clifford,Vermont,Attention,Electronics,20289,74,5275.14,3,Cash,1111.72
BF03425,01-07-2024,Melvin Lee,46-60,Male,Port Lisa,Maine,At,Beauty,7547,24,5735.72,4,UPI,1385.42
BF03426,29-06-2024,Matthew Pruitt,60+,Male,Lake Allisonville,Texas,Ball,Clothing,27126,50,13563,4,Gift Card,1466.02
BF03427,26-01-2024,Audrey Miller,60+,Male,North Karenville,Colorado,Yet,Sports,29202,31,20149.38,1,UPI,2698.73
BF03428,26-03-2024,Randall Gillespie,46-60,Female,South Joshua,Wisconsin,Conference,Clothing,49592,17,41161.36,3,Debit Card,6031.15
BF03429,21-09-2024,Steven Davis,26-35,Female,Howardmouth,New Jersey,Season,Home Appliances,34716,31,23954.04,4,Credit Card,5964
BF03430,28-11-2023,Jonathan Miller,26-35,Other,Carlosville,California,Soon,Clothing,4464,25,3348,2,Cash,495.18
BF03431,20-04-2024,Dr. Danielle Phillips,26-35,Female,North Petermouth,Kentucky,Actually,Beauty,38246,35,24859.9,4,UPI,1724.09
BF03432,22-04-2024,Robert Owens,36-45,Male,Melissaborough,Georgia,Usually,Home Appliances,42208,30,29545.6,4,Gift Card,3671.29
BF03433,23-07-2024,Travis Carney,60+,Female,Port Andrewfort,Nebraska,Political,Electronics,28814,48,14983.28,1,Gift Card,3459.34
BF03434,17-07-2024,Amber Adkins,46-60,Male,Walkershire,Ohio,Quickly,Toys,39347,74,10230.22,4,Gift Card,2495.21
BF03435,21-02-2024,Michael Murphy DDS,26-35,Male,Josephfort,Iowa,Lose,Toys,23639,52,11346.72,1,Credit Card,1624.82
BF03436,20-04-2024,Tricia Davis,60+,Female,New Donaldport,Oklahoma,Officer,Home Appliances,47371,15,40265.35,1,Debit Card,9378.12
BF03437,29-10-2023,Jamie Bauer,46-60,Female,Holtland,Delaware,Music,Beauty,35273,41,20811.07,2,UPI,3911.52
BF03438,21-05-2024,Sergio Robinson,36-45,Female,North Timothy,Vermont,Start,Beauty,35438,78,7796.36,2,Debit Card,640.33
BF03439,13-12-2023,Timothy Lewis,36-45,Female,Tamarabury,California,To,Toys,47901,10,43110.9,1,Gift Card,9372.26
BF03440,21-01-2024,Danielle Russell,46-60,Female,South Jason,Montana,Bag,Beauty,49618,24,37709.68,1,Credit Card,6015.02
BF03441,06-12-2023,Samuel Hayes,60+,Male,North Robin,Delaware,Line,Electronics,46765,47,24785.45,2,Gift Card,4338.69
BF03442,20-06-2024,April Rice,60+,Female,West Melissa,Mississippi,News,Home Appliances,41765,30,29235.5,2,Gift Card,5199.71
BF03443,18-07-2024,Christopher Little,26-35,Female,Lake Adamstad,Minnesota,Western,Electronics,37839,27,27622.47,3,UPI,2515.34
BF03444,26-02-2024,Nathaniel Nguyen,36-45,Other,Bushfort,South Carolina,No,Home Appliances,2066,32,1404.88,4,UPI,346.15
BF03445,26-10-2023,Johnny Morales,36-45,Other,New Andrewburgh,Nevada,Enjoy,Sports,16219,31,11191.11,1,Cash,2178.56
BF03446,17-01-2024,Elizabeth Duke,26-35,Male,Port Anntown,North Dakota,Thousand,Clothing,46791,72,13101.48,1,Gift Card,1037.54
BF03447,29-01-2024,Dr. Darren Nichols,46-60,Male,New Henrybury,Maine,Baby,Home Appliances,25961,79,5451.81,4,Cash,814.78
BF03448,15-05-2024,Sarah Scott,36-45,Female,Williamsview,Vermont,Serious,Sports,29619,77,6812.37,1,Cash,894.33
BF03449,18-12-2023,Joyce Odonnell,36-45,Male,Kevinfurt,Tennessee,Ground,Sports,49440,37,31147.2,3,Credit Card,3625.34
BF03450,01-03-2024,Adam Meyer DDS,46-60,Female,West Laura,Delaware,Not,Home Appliances,21406,36,13699.84,3,UPI,1574.5
BF03451,28-03-2024,Kim Larsen,18-25,Female,West Jesse,Colorado,Building,Home Appliances,25765,64,9275.4,4,Cash,809.32
BF03452,03-12-2023,Aaron Bray,46-60,Female,Whiteland,Georgia,Computer,Beauty,39383,58,16540.86,4,Credit Card,2897.29
BF03453,07-02-2024,Christopher Taylor,18-25,Female,Whitneyville,Alaska,Side,Home Appliances,33099,58,13901.58,1,UPI,3393.69
BF03454,31-08-2024,Jennifer Hall,18-25,Female,Singhmouth,New Hampshire,Assume,Toys,35754,32,24312.72,3,Cash,5862.74
BF03455,01-10-2024,Patricia Glenn,18-25,Other,East Nicole,Arkansas,Position,Sports,21006,48,10923.12,1,Debit Card,836.42
BF03456,12-08-2024,Melissa Williams,36-45,Female,West James,Ohio,Reveal,Toys,11729,36,7506.56,2,Gift Card,1683.54
BF03457,24-05-2024,Jamie Moreno,36-45,Male,New Valerieton,Pennsylvania,Front,Sports,1986,14,1707.96,1,Credit Card,178.79
BF03458,24-07-2024,Jonathan Norris,46-60,Female,West Megan,Idaho,Rate,Clothing,46036,30,32225.2,1,Gift Card,4004.57
BF03459,25-04-2024,Kevin Watson,26-35,Male,Sheilamouth,Massachusetts,Phone,Sports,34184,47,18117.52,2,UPI,2968.32
BF03460,31-10-2023,Shaun Kennedy,18-25,Male,Pagebury,New Hampshire,Act,Home Appliances,49025,51,24022.25,1,Debit Card,3050.31
BF03461,14-11-2023,Mary Jones,36-45,Other,Henrychester,Michigan,Arm,Sports,22001,57,9460.43,1,Cash,2231.93
BF03462,26-08-2024,Joel Lucas,46-60,Other,North Nathan,Indiana,His,Home Appliances,11096,27,8100.08,3,Gift Card,867.91
BF03463,13-06-2024,Bailey Kennedy,60+,Female,Josephhaven,Rhode Island,Act,Toys,26106,34,17229.96,3,Gift Card,1205.89
BF03464,29-05-2024,Stephanie Gomez,18-25,Male,Port Jamesberg,Wisconsin,Prepare,Clothing,46854,70,14056.2,4,Gift Card,1938.98
BF03465,18-10-2023,Kimberly Woods,36-45,Female,Sandraside,Michigan,Walk,Home Appliances,18183,12,16001.04,4,Credit Card,1723.04
BF03466,15-04-2024,Kimberly Williams,36-45,Male,Trevinofort,Kansas,Bag,Electronics,5107,34,3370.62,2,Gift Card,222.28
BF03467,24-04-2024,Kenneth Wilson,26-35,Female,South Lynnshire,North Carolina,Himself,Sports,32496,14,27946.56,3,Cash,6046.13
BF03468,25-02-2024,Melinda Escobar,18-25,Female,North Lisamouth,Rhode Island,Ready,Sports,47495,54,21847.7,4,Credit Card,4510.55
BF03469,03-02-2024,Jacob Brown,18-25,Female,New Jill,New Hampshire,Face,Sports,16691,15,14187.35,4,Debit Card,2440.89
BF03470,23-10-2023,Victor Kirk,26-35,Other,Barnesbury,West Virginia,List,Toys,35350,55,15907.5,1,UPI,1330.49
BF03471,11-06-2024,Ashlee Johnson,26-35,Male,South Lisastad,Idaho,Source,Sports,43416,20,34732.8,1,Debit Card,5951.02
BF03472,01-07-2024,Toni Harmon,36-45,Male,West Allison,Georgia,Effort,Sports,44563,30,31194.1,1,Gift Card,6507.36
BF03473,04-05-2024,William Porter,18-25,Male,Vickiechester,Tennessee,Rather,Sports,12400,40,7440,2,Debit Card,1747.03
BF03474,29-06-2024,Teresa Blankenship,46-60,Female,Millerton,Mississippi,Get,Beauty,8314,23,6401.78,1,Credit Card,699.2
BF03475,14-12-2023,John Taylor,18-25,Female,Davidburgh,Wyoming,Into,Sports,37557,46,20280.78,3,Cash,3245
BF03476,08-01-2024,Dale Simmons,36-45,Female,Keithtown,Tennessee,Either,Toys,36565,37,23035.95,4,Gift Card,2353.75
BF03477,21-07-2024,James Stevens,46-60,Female,Gibsonbury,Pennsylvania,Amount,Beauty,36354,72,10179.12,4,Cash,2323.59
BF03478,03-04-2024,Elizabeth Drake,46-60,Male,Stewartfurt,New York,Modern,Clothing,20145,68,6446.4,1,Cash,997.11
BF03479,15-03-2024,Marc Leonard,26-35,Other,North Laura,Montana,Evidence,Sports,23075,34,15229.5,3,Debit Card,1338.99
BF03480,08-02-2024,Kimberly Collins,46-60,Male,Espinozaland,Wisconsin,Provide,Beauty,49581,48,25782.12,3,Debit Card,3433.19
BF03481,10-08-2024,James Terrell,36-45,Other,Nicholashaven,Tennessee,Study,Beauty,40741,55,18333.45,4,Gift Card,2835.14
BF03482,15-05-2024,Jacob Foster,18-25,Female,Reneeshire,Mississippi,Sort,Beauty,45134,57,19407.62,2,Debit Card,2531.41
BF03483,29-12-2023,Gary James,60+,Female,North Lee,Florida,Start,Toys,27736,15,23575.6,1,Debit Card,4287.71
BF03484,24-08-2024,Cheryl Smith,18-25,Female,Juliachester,Wisconsin,Scene,Electronics,26293,62,9991.34,3,Credit Card,1012.05
BF03485,10-09-2024,Chase Shaw,18-25,Female,New Sabrina,South Dakota,Cup,Electronics,13027,78,2865.94,2,Gift Card,440.56
BF03486,24-01-2024,Nancy Braun,46-60,Other,East Christine,West Virginia,Already,Sports,8307,18,6811.74,3,Cash,348.23
BF03487,21-06-2024,Jeremy Simmons,26-35,Female,New Brittany,Montana,Prepare,Electronics,8889,47,4711.17,1,Credit Card,553.84
BF03488,08-07-2024,James Rivera,46-60,Female,New Nicholasview,Tennessee,Magazine,Electronics,28372,77,6525.56,3,Credit Card,1296.98
BF03489,17-06-2024,Eric Hall,46-60,Male,Port Erik,Louisiana,Newspaper,Electronics,43439,34,28669.74,3,Cash,3774.32
BF03490,27-08-2024,John Miranda,60+,Female,East Hannah,Iowa,Candidate,Clothing,18008,73,4862.16,1,Gift Card,801.69
BF03491,26-06-2024,John Smith,26-35,Other,West Crystalmouth,Maryland,Senior,Toys,5776,72,1617.28,4,Cash,355.05
BF03492,25-12-2023,Justin Wheeler,36-45,Male,Terryburgh,Colorado,According,Beauty,9507,70,2852.1,2,UPI,681.41
BF03493,28-04-2024,Jonathan Maynard,46-60,Male,Bellmouth,Michigan,Example,Beauty,34275,55,15423.75,1,Debit Card,2346.78
BF03494,24-06-2024,Richard Howard,60+,Other,Websterburgh,Hawaii,These,Toys,7015,49,3577.65,1,Cash,799.01
BF03495,18-01-2024,Jon Smith,36-45,Other,Port Matthewfort,Montana,Especially,Clothing,13526,36,8656.64,2,Debit Card,713.61
BF03496,24-06-2024,Bailey Figueroa,60+,Other,Rogerport,Utah,Much,Toys,8605,21,6797.95,4,Cash,706.09
BF03497,08-03-2024,Lori Smith,60+,Other,Georgetown,Oklahoma,Join,Electronics,1380,43,786.6,1,UPI,48.97
BF03498,19-05-2024,Terry Wise,26-35,Male,West Donald,Missouri,Ahead,Home Appliances,30207,46,16311.78,2,Cash,3338.44
BF03499,25-08-2024,Matthew Nash,26-35,Male,South Sandramouth,Ohio,Hour,Home Appliances,4939,28,3556.08,1,Gift Card,824.77
BF03500,21-12-2023,Robert Martinez,46-60,Male,East Frankville,Delaware,Subject,Electronics,39971,28,28779.12,4,Cash,5034.45
BF03501,28-12-2023,Brian Jackson,26-35,Female,South Janet,Kentucky,What,Electronics,13081,74,3401.06,2,UPI,575.16
BF03502,08-03-2024,Robert Hansen DVM,18-25,Female,Lake Cathyfurt,Alaska,While,Sports,48944,39,29855.84,2,UPI,1927.74
BF03503,07-05-2024,Michelle Dickerson,18-25,Female,South Seanville,Rhode Island,Gas,Sports,28452,70,8535.6,2,UPI,1158.13
BF03504,13-09-2024,Jacqueline Lowe,60+,Other,Cobbtown,Oregon,High,Toys,46520,33,31168.4,1,Credit Card,1906.68
BF03505,29-02-2024,Mr. James Reed,26-35,Male,Hillstad,Connecticut,Contain,Home Appliances,32235,55,14505.75,2,UPI,1171.33
BF03506,01-08-2024,Elizabeth Hopkins,36-45,Female,Ashleybury,Maryland,Drive,Sports,36710,58,15418.2,3,UPI,3314.31
BF03507,28-08-2024,Christina Summers,26-35,Other,East Amanda,Texas,Require,Toys,11603,57,4989.29,2,Cash,988.69
BF03508,19-05-2024,Alexander Scott,60+,Female,Davidville,Tennessee,About,Electronics,25707,14,22108.02,4,Gift Card,2679.46
BF03509,18-09-2024,Eric Frazier,60+,Male,Lake Alexander,Indiana,Tax,Home Appliances,20842,33,13964.14,4,UPI,3366.18
BF03510,13-08-2024,Stephanie Nash,46-60,Female,South Tyler,Maryland,Different,Toys,29722,44,16644.32,1,Credit Card,3481.17
BF03511,13-06-2024,Lauren Harmon,60+,Female,West Jack,New Hampshire,Minute,Electronics,618,75,154.5,4,Debit Card,35.45
BF03512,12-09-2024,Kyle Bennett,46-60,Male,Amandatown,Arizona,Beat,Sports,22134,61,8632.26,2,UPI,853.07
BF03513,06-03-2024,Greg Tyler,26-35,Other,Romanberg,New Mexico,Out,Beauty,3922,16,3294.48,3,Debit Card,671
BF03514,03-09-2024,Melissa Pierce,60+,Male,Victoriahaven,North Carolina,Usually,Home Appliances,37802,64,13608.72,2,Credit Card,2246.9
BF03515,22-02-2024,Christopher Johnson,36-45,Male,East Vickistad,Arizona,Show,Toys,31001,73,8370.27,1,Credit Card,1668.19
BF03516,27-02-2024,Adam Jacobs,18-25,Other,Rogerborough,Kentucky,National,Home Appliances,37614,56,16550.16,1,Credit Card,2729.79
BF03517,17-07-2024,James Clark,36-45,Other,Port Davidside,Massachusetts,Decide,Electronics,39444,33,26427.48,4,Cash,1416.87
BF03518,08-11-2023,Jennifer Blake,26-35,Male,Markberg,New Jersey,Red,Sports,9188,32,6247.84,3,Credit Card,568.38
BF03519,08-01-2024,Jose Wilson,36-45,Female,Murrayport,Nevada,Radio,Toys,7000,65,2450,1,UPI,458.37
BF03520,27-02-2024,Brett Bradford,26-35,Male,Steinhaven,Colorado,Pretty,Electronics,4101,77,943.23,1,Cash,109.27
BF03521,03-12-2023,Vanessa Phillips,18-25,Other,Theresafurt,North Carolina,Camera,Toys,5888,54,2708.48,4,UPI,518.33
BF03522,29-09-2024,Richard Ellis,36-45,Male,East Joseph,New Mexico,Fill,Electronics,12720,58,5342.4,1,Credit Card,406.46
BF03523,21-07-2024,Carol Lawrence,18-25,Male,North John,Illinois,Ability,Beauty,21162,75,5290.5,1,Gift Card,418.83
BF03524,01-06-2024,April Perez,60+,Female,Charlesshire,Alaska,Recognize,Home Appliances,29386,40,17631.6,3,Gift Card,3761.59
BF03525,27-05-2024,Jason Manning,46-60,Other,New Melissastad,Texas,Smile,Toys,46085,41,27190.15,2,UPI,1634.14
BF03526,24-01-2024,Melanie Gomez,26-35,Other,East Luisberg,Delaware,Break,Electronics,23157,41,13662.63,2,Credit Card,2431.73
BF03527,02-06-2024,Natasha Richardson,26-35,Other,Tylerhaven,Texas,Natural,Electronics,32476,67,10717.08,2,Gift Card,1163.71
BF03528,30-08-2024,Brian Booth PhD,60+,Male,Andersonton,West Virginia,Marriage,Sports,35312,76,8474.88,1,Cash,1841.66
BF03529,08-06-2024,Deborah Wiley,46-60,Male,Donovanhaven,Kentucky,They,Home Appliances,43844,40,26306.4,2,UPI,4671.39
BF03530,17-11-2023,Brent Carson,26-35,Other,Gutierrezport,Mississippi,Address,Electronics,26927,14,23157.22,3,Cash,4561.9
BF03531,14-08-2024,Zachary Watson,60+,Female,Garrettmouth,Florida,Door,Electronics,20408,34,13469.28,3,Gift Card,1162.55
BF03532,07-05-2024,Sonya Riley,26-35,Male,Port Melissaland,Utah,Real,Clothing,48713,24,37021.88,4,Gift Card,6883.23
BF03533,25-10-2023,Derrick Reed,18-25,Other,New Josebury,South Carolina,Smile,Home Appliances,26224,38,16258.88,3,Gift Card,1321.26
BF03534,15-09-2024,Brianna Silva,26-35,Other,East Janiceland,Virginia,Drive,Home Appliances,47642,46,25726.68,3,UPI,3003.63
BF03535,04-01-2024,Erika Robinson,60+,Female,Jeremystad,Oregon,Entire,Home Appliances,27116,26,20065.84,3,Cash,1653.61
BF03536,07-10-2024,Danny Johnson,60+,Female,East Moniqueberg,North Dakota,Analysis,Clothing,10623,45,5842.65,3,Credit Card,1061.37
BF03537,29-01-2024,Lynn Rivera,18-25,Male,North Christianbury,West Virginia,Paper,Clothing,46927,78,10323.94,1,Credit Card,2027.7
BF03538,31-08-2024,Joseph Patterson,18-25,Other,Michaelfort,Alabama,Probably,Beauty,13643,63,5047.91,3,UPI,757.92
BF03539,27-10-2023,Allison Jefferson MD,26-35,Other,Johnmouth,Rhode Island,Make,Toys,25765,25,19323.75,2,Gift Card,3882.59
BF03540,19-10-2023,Michele Peterson,26-35,Male,East Crystalton,California,Citizen,Toys,8121,14,6984.06,4,Debit Card,724
BF03541,25-01-2024,Kristin Galvan,60+,Female,East Abigailborough,Arkansas,Ready,Beauty,39251,50,19625.5,4,Cash,2385.49
BF03542,26-08-2024,Nicole Torres,18-25,Female,Fosterfurt,New Mexico,Analysis,Clothing,47178,34,31137.48,4,Gift Card,3868.21
BF03543,03-06-2024,Alan Martin,36-45,Other,Acostaville,Ohio,Tree,Clothing,14232,36,9108.48,1,Gift Card,1133.76
BF03544,18-09-2024,Sarah Wilson,18-25,Female,Caitlintown,Montana,Middle,Home Appliances,23209,14,19959.74,2,Credit Card,2661.12
BF03545,05-06-2024,Tina Anderson,26-35,Female,North Gabrielle,Montana,Event,Sports,24165,79,5074.65,2,Cash,840.93
BF03546,02-04-2024,Holly Rose,18-25,Other,Matthewstad,Montana,Nice,Toys,46746,33,31319.82,4,Cash,4572.3
BF03547,14-08-2024,Dr. Erica Durham MD,26-35,Female,Wongmouth,South Dakota,Radio,Clothing,38610,41,22779.9,1,Debit Card,2202.33
BF03548,14-05-2024,Bill Hayes,36-45,Other,Lake Randy,Minnesota,Commercial,Clothing,32738,69,10148.78,2,Cash,1893.5
BF03549,27-02-2024,Thomas Moore,26-35,Other,Martinezchester,Minnesota,By,Beauty,41379,63,15310.23,4,Gift Card,1701.63
BF03550,03-08-2024,Richard Melton,26-35,Other,Lisatown,Nebraska,Control,Sports,566,43,322.62,3,Gift Card,30.43
BF03551,27-10-2023,Stephanie Jones,18-25,Male,North Kathrynburgh,Ohio,Investment,Electronics,14202,44,7953.12,2,Credit Card,1035.89
BF03552,27-11-2023,Karen Garcia,26-35,Female,New Andrewville,Iowa,Tv,Beauty,13449,38,8338.38,1,UPI,497.86
BF03553,30-11-2023,Nicole Cortez,60+,Male,Brendashire,Nebraska,Per,Electronics,30198,23,23252.46,4,Credit Card,4296.42
BF03554,12-05-2024,Eric Bird,60+,Other,Debraberg,Maryland,Pass,Sports,14725,19,11927.25,1,Gift Card,2724
BF03555,08-08-2024,Katherine Johnson,36-45,Female,New Robert,Pennsylvania,Create,Toys,7637,77,1756.51,1,UPI,336.33
BF03556,29-09-2024,Marissa Grant,18-25,Male,Davisshire,Virginia,Decision,Clothing,8902,25,6676.5,3,Debit Card,1600.73
BF03557,09-09-2024,James Mata,60+,Other,Petersfort,West Virginia,Police,Beauty,44608,75,11152,1,Gift Card,2673.85
BF03558,17-04-2024,Ronald Cortez,18-25,Other,Johnmouth,Arkansas,The,Clothing,20313,68,6500.16,2,Debit Card,969.56
BF03559,04-11-2023,Steven Hayden,36-45,Other,East Maureenfurt,Indiana,Second,Toys,36996,48,19237.92,2,Cash,3321.31
BF03560,21-03-2024,Pamela Hayden,36-45,Female,North Darrellshire,Maryland,Body,Electronics,13365,64,4811.4,3,Cash,1127.4
BF03561,21-08-2024,Kevin Wilson,46-60,Male,Grayhaven,New Hampshire,Dog,Toys,34761,73,9385.47,3,Credit Card,1056.64
BF03562,18-03-2024,Tyler Mitchell,18-25,Male,Port Daniel,Utah,Prevent,Home Appliances,33384,14,28710.24,4,Gift Card,2982.94
BF03563,12-08-2024,Larry Bowman II,36-45,Female,Jeffreyside,Massachusetts,Movement,Sports,15311,11,13626.79,1,Credit Card,1964.07
BF03564,07-02-2024,Amy Lindsey,60+,Male,Julieton,New York,Court,Beauty,29900,63,11063,4,UPI,1441.31
BF03565,05-03-2024,Latoya Henderson,26-35,Male,South Codyview,Tennessee,Maintain,Beauty,32340,30,22638,1,Cash,3092.26
BF03566,26-10-2023,Brandon Williams,46-60,Male,Campbellmouth,Rhode Island,Yard,Toys,25520,12,22457.6,1,Debit Card,1446.37
BF03567,03-04-2024,Carolyn Carter,26-35,Female,Manningland,Vermont,Theory,Sports,42405,67,13993.65,4,UPI,2543.87
BF03568,11-02-2024,Nathan Schmidt,26-35,Other,Powellbury,Washington,Moment,Sports,37951,57,16318.93,2,Debit Card,3974.93
BF03569,27-04-2024,Richard Wells,18-25,Male,Port Sarahport,Maine,Big,Toys,45386,23,34947.22,2,Gift Card,3795.1
BF03570,13-09-2024,Christina Payne,60+,Female,Melissaside,Vermont,As,Electronics,35974,39,21944.14,3,Credit Card,5199.69
BF03571,29-06-2024,Andrea Miller,18-25,Male,New Keith,Illinois,Four,Electronics,39432,30,27602.4,4,Debit Card,4715.76
BF03572,16-05-2024,Joann Roberts,36-45,Male,Kennethview,South Dakota,Charge,Toys,48530,41,28632.7,4,Credit Card,5151.43
BF03573,28-04-2024,Christine Munoz,46-60,Male,West Noah,Illinois,Rather,Electronics,46438,16,39007.92,1,Gift Card,6720.1
BF03574,12-08-2024,Scott Harris,36-45,Other,East Michaelburgh,New Jersey,Discuss,Sports,5433,62,2064.54,4,Credit Card,432.77
BF03575,15-07-2024,Charles Cook,26-35,Female,Davisshire,Iowa,Exactly,Toys,45230,72,12664.4,1,Cash,2340.56
BF03576,17-07-2024,Angela Sellers,26-35,Female,Wilkersonville,South Carolina,Instead,Sports,15284,40,9170.4,1,Credit Card,2198.32
BF03577,23-06-2024,Amy Wall,36-45,Other,Port Lisa,Oklahoma,Letter,Clothing,41284,23,31788.68,2,UPI,1603.18
BF03578,22-10-2023,Henry Lewis,60+,Female,Andreburgh,West Virginia,Officer,Sports,32535,39,19846.35,4,Debit Card,4821.51
BF03579,14-03-2024,Peter Ellis,18-25,Female,New Bob,New Mexico,Deep,Home Appliances,45577,55,20509.65,1,Gift Card,4846.91
BF03580,13-03-2024,Cathy Richardson,18-25,Female,Kevinville,Massachusetts,Up,Toys,39490,69,12241.9,2,Cash,2364.51
BF03581,27-01-2024,Marcus Bailey,46-60,Male,New John,Texas,Since,Electronics,31107,40,18664.2,2,Cash,2383.61
BF03582,02-01-2024,Lisa Mckinney,60+,Other,Anthonyfurt,Indiana,Thought,Electronics,49301,12,43384.88,4,Debit Card,3438.47
BF03583,13-01-2024,Jason Hernandez,36-45,Male,East Zachary,Louisiana,And,Clothing,48096,55,21643.2,4,Gift Card,4316.72
BF03584,13-04-2024,Tara Martinez,46-60,Other,Tanyamouth,South Dakota,Quality,Toys,24282,27,17725.86,3,Debit Card,1236.01
BF03585,16-06-2024,Tammy Smith,26-35,Other,New Shawn,Wyoming,Argue,Clothing,14762,55,6642.9,1,UPI,1542.2
BF03586,08-02-2024,John Hall,46-60,Other,East Anna,Rhode Island,Million,Home Appliances,46900,53,22043,1,Cash,2631.07
BF03587,16-01-2024,Scott White,46-60,Female,Port Barbara,Florida,Hold,Sports,3672,72,1028.16,1,Cash,95.48
BF03588,08-04-2024,Andrea Osborne,36-45,Male,Braunshire,Tennessee,Ability,Beauty,21983,63,8133.71,1,Debit Card,788.31
BF03589,16-03-2024,Karen Cochran,18-25,Male,West Isaiahchester,Wyoming,After,Sports,30993,26,22934.82,3,UPI,2542.06
BF03590,10-12-2023,Cindy Dickson,60+,Male,Port Justin,Minnesota,Evening,Beauty,41253,63,15263.61,3,Cash,1088.32
BF03591,25-11-2023,Shelby Jones,60+,Male,Mooreland,Vermont,Final,Clothing,34925,44,19558,1,Gift Card,1627.51
BF03592,03-05-2024,Kevin Murphy,18-25,Female,Acostaborough,Ohio,Bank,Sports,30800,70,9240,2,Credit Card,1307.69
BF03593,17-09-2024,Catherine Brown,60+,Male,South Desireestad,California,Someone,Beauty,11258,25,8443.5,3,Debit Card,1484.48
BF03594,12-04-2024,John Hall,36-45,Female,Watsonport,North Dakota,Save,Sports,35885,68,11483.2,4,Cash,1283.94
BF03595,23-12-2023,Amanda Berg,18-25,Male,Jacobshire,Illinois,Those,Electronics,14601,48,7592.52,4,Credit Card,1525.82
BF03596,12-01-2024,Andrew Peterson,26-35,Male,New Deborah,Tennessee,Head,Electronics,26378,18,21629.96,1,Gift Card,4440.15
BF03597,14-06-2024,Carrie Chambers,26-35,Female,Dunlapport,Rhode Island,Military,Clothing,1217,73,328.59,1,Cash,47.35
BF03598,13-01-2024,Leslie Cooper,26-35,Male,Moralesborough,Georgia,Southern,Electronics,40053,74,10413.78,1,Gift Card,1411.08
BF03599,20-04-2024,Mary Martinez,60+,Other,New Pamelaton,Oregon,Provide,Toys,4006,27,2924.38,2,UPI,369.38
BF03600,21-12-2023,Samuel Smith,60+,Other,North Debrabury,Nevada,Believe,Home Appliances,49577,72,13881.56,3,Cash,1201.82
BF03601,01-02-2024,Jaclyn Hill,46-60,Male,Steventon,Hawaii,Often,Clothing,1337,14,1149.82,1,Credit Card,160.35
BF03602,25-08-2024,Lisa Williams,46-60,Female,North Eduardohaven,Maine,Chance,Clothing,22347,34,14749.02,3,Gift Card,1856.95
BF03603,19-06-2024,Carmen Duran,26-35,Female,Matthewborough,Utah,Recently,Beauty,22587,71,6550.23,3,Gift Card,748.14
BF03604,15-12-2023,David Miller,36-45,Other,Hernandezfurt,Ohio,Radio,Sports,11863,31,8185.47,1,Gift Card,1110.84
BF03605,24-02-2024,Robert Pitts,26-35,Male,Whitemouth,New Jersey,Man,Toys,7783,48,4047.16,1,Debit Card,709.91
BF03606,14-12-2023,Phillip Wilson,46-60,Female,Aaronfurt,New York,Owner,Home Appliances,38149,26,28230.26,4,Gift Card,2190.13
BF03607,10-09-2024,Brian Williams,36-45,Male,Port Kelly,Washington,Understand,Sports,31880,39,19446.8,4,Cash,2394.14
BF03608,02-07-2024,Tracy Duncan,26-35,Male,Lake Christina,Oklahoma,Thought,Clothing,30210,25,22657.5,3,Cash,3626.89
BF03609,28-03-2024,David Wilkins,26-35,Female,Brownshire,Oklahoma,Various,Sports,10512,38,6517.44,3,Debit Card,1565.21
BF03610,08-01-2024,Nicole Hardin,60+,Female,West Christineland,Idaho,Box,Toys,44802,56,19712.88,2,Gift Card,4252.96
BF03611,22-01-2024,Tamara Obrien,46-60,Other,Carlosfort,Colorado,Program,Electronics,43244,77,9946.12,3,Gift Card,1359.3
BF03612,13-06-2024,Dr. Thomas Thompson,26-35,Female,Thompsonbury,Oregon,Western,Electronics,26118,11,23245.02,1,Cash,3471.11
BF03613,17-07-2024,Megan Willis,46-60,Other,Thorntonburgh,Florida,Read,Clothing,21422,73,5783.94,1,Debit Card,1127.45
BF03614,14-12-2023,Penny Wallace,26-35,Other,North Kellyland,South Carolina,Outside,Toys,37794,43,21542.58,4,UPI,1182.19
BF03615,23-01-2024,Daisy Lee,18-25,Male,Brownburgh,Rhode Island,Recognize,Sports,9975,37,6284.25,4,UPI,1472.92
BF03616,04-02-2024,David Santos,18-25,Male,Austinhaven,Rhode Island,You,Beauty,6323,12,5564.24,4,UPI,948.79
BF03617,20-07-2024,Anthony Andrews,26-35,Other,South Jillberg,South Carolina,Protect,Toys,21372,62,8121.36,4,Cash,1375.51
BF03618,06-07-2024,Cody Roberts,18-25,Male,New Matthew,Wisconsin,Trade,Beauty,14301,18,11726.82,1,UPI,901.33
BF03619,22-12-2023,Erin Mendoza,60+,Other,West Jessicaberg,Florida,Cultural,Electronics,24570,45,13513.5,3,Credit Card,1625.96
BF03620,28-08-2024,Leah Martin,60+,Other,Wilsonberg,Missouri,Low,Electronics,1925,31,1328.25,1,Gift Card,326.75
BF03621,26-11-2023,Erin Bass,26-35,Other,Clarkview,New Jersey,Difficult,Electronics,45121,48,23462.92,3,Cash,2246.09
BF03622,01-01-2024,Mitchell Obrien,46-60,Female,Ramosmouth,Oklahoma,Within,Beauty,33859,61,13205.01,4,Cash,1485.86
BF03623,23-01-2024,Randy Blevins,26-35,Male,East Jaredton,Pennsylvania,Same,Clothing,34208,53,16077.76,4,Cash,3424.5
BF03624,03-06-2024,Candace Rice MD,18-25,Female,Johnsonbury,Alaska,Miss,Toys,23242,18,19058.44,3,Gift Card,2229.68
BF03625,17-09-2024,Henry Kramer,46-60,Female,Lake Lindaton,Illinois,Step,Sports,26199,71,7597.71,4,Debit Card,1315.06
BF03626,15-09-2024,Brandi Sims,26-35,Male,New Bradville,Indiana,Board,Clothing,38055,71,11035.95,4,Credit Card,1820.64
BF03627,26-02-2024,Cindy Garcia,36-45,Other,Cindyberg,Washington,Clearly,Sports,27635,61,10777.65,3,Credit Card,824.52
BF03628,05-08-2024,David York,26-35,Male,East Carolyn,Pennsylvania,Send,Electronics,45885,76,11012.4,1,Gift Card,1363.89
BF03629,21-01-2024,Tiffany Hill,36-45,Female,Glennview,Louisiana,Very,Beauty,17617,24,13388.92,3,Gift Card,2985.69
BF03630,21-12-2023,Mark Nielsen,18-25,Female,North Kimberly,Utah,Nature,Electronics,11505,40,6903,4,Gift Card,820.71
BF03631,23-06-2024,Douglas Newton,46-60,Female,Chadport,California,Campaign,Clothing,33966,21,26833.14,4,Gift Card,3357.66
BF03632,25-08-2024,Lori Hernandez,26-35,Female,West Rebekahhaven,Maine,Past,Sports,17293,22,13488.54,3,Cash,2823.78
BF03633,20-07-2024,Kelly Garcia,18-25,Other,North Angelaborough,Hawaii,Generation,Sports,47796,65,16728.6,2,Credit Card,895.92
BF03634,19-06-2024,Jeffery Harmon,26-35,Other,Denisestad,Georgia,Course,Toys,9647,42,5595.26,4,Credit Card,1335.7
BF03635,29-12-2023,Jennifer Jones,36-45,Male,Crawfordside,Colorado,Point,Sports,21658,69,6713.98,2,Credit Card,1203.37
BF03636,06-04-2024,Julie Davis,18-25,Female,Blairfort,California,Road,Sports,17405,61,6787.95,3,Cash,1055.78
BF03637,09-08-2024,Savannah Hayes,18-25,Other,Danielfort,New Hampshire,View,Home Appliances,2613,69,810.03,1,Gift Card,125.82
BF03638,31-07-2024,Patricia Smith,26-35,Other,Jonmouth,Louisiana,Indicate,Toys,12977,20,10381.6,2,Cash,1807.7
BF03639,25-01-2024,Angel Phillips,46-60,Male,Evansside,Montana,Radio,Home Appliances,37952,49,19355.52,3,UPI,4647.97
BF03640,03-09-2024,Holly Chung,60+,Other,West Karen,Connecticut,Television,Home Appliances,21390,19,17325.9,4,Gift Card,3162.1
BF03641,16-04-2024,Amy Irwin,26-35,Female,Snyderville,Michigan,Year,Electronics,20870,32,14191.6,2,Gift Card,783.03
BF03642,12-04-2024,Robyn Skinner,46-60,Male,Lawsonfurt,New Hampshire,Occur,Clothing,9282,10,8353.8,1,Gift Card,777.6
BF03643,01-06-2024,Rodney Miller,18-25,Female,South Belindachester,West Virginia,Not,Home Appliances,31796,52,15262.08,4,Gift Card,2274.54
BF03644,31-08-2024,Veronica Taylor,36-45,Female,Caseyview,Kentucky,Always,Home Appliances,41169,57,17702.67,2,Debit Card,1450.49
BF03645,25-05-2024,Janice Fuller,60+,Female,Brentland,Delaware,Move,Toys,25209,78,5545.98,1,Debit Card,905.93
BF03646,16-05-2024,William Hamilton,26-35,Male,Yvetteberg,Georgia,Group,Clothing,29806,24,22652.56,1,UPI,3370.21
BF03647,21-04-2024,Maurice Brown,26-35,Male,New Aaron,Indiana,Star,Beauty,31563,22,24619.14,3,Debit Card,2852.03
BF03648,05-01-2024,Heather Willis,26-35,Male,Alanberg,Utah,Tell,Beauty,48442,50,24221,4,Gift Card,4361.67
BF03649,02-05-2024,Rebecca Jones MD,36-45,Female,Phillipsburgh,Florida,Share,Home Appliances,12038,42,6982.04,4,Debit Card,1229.19
BF03650,05-06-2024,Haley Johnson,46-60,Female,New Trevor,Connecticut,Fall,Home Appliances,1963,42,1138.54,1,Debit Card,141.78
BF03651,08-11-2023,Stephen Kerr,36-45,Male,Valentinehaven,Michigan,Call,Beauty,18905,51,9263.45,1,Gift Card,2048.21
BF03652,30-08-2024,Nathaniel Jones,26-35,Female,Lake Randy,Nevada,Agency,Beauty,10355,25,7766.25,1,Cash,1900.46
BF03653,28-07-2024,Johnathan Hardy,46-60,Male,North Jennifermouth,New Jersey,Carry,Home Appliances,30130,29,21392.3,4,Cash,3546.82
BF03654,08-03-2024,Scott Soto,18-25,Male,Ryanland,Indiana,Stay,Sports,14916,35,9695.4,4,Cash,2381.6
BF03655,26-12-2023,Diane Murphy,46-60,Other,Michaelview,Louisiana,Rest,Toys,47213,23,36354.01,3,Debit Card,3686.34
BF03656,08-04-2024,Thomas Richardson,36-45,Other,South Richardhaven,Iowa,Writer,Toys,39462,54,18152.52,4,Debit Card,4356.63
BF03657,16-04-2024,Kenneth Edwards,26-35,Female,Gonzalesport,Wyoming,Outside,Beauty,36049,30,25234.3,4,Cash,3810.76
BF03658,03-07-2024,Sean Kirby,18-25,Female,Pooleville,Colorado,International,Electronics,19461,47,10314.33,1,Cash,2026.1
BF03659,11-11-2023,Kenneth Martin,36-45,Male,Danielstown,Wyoming,Risk,Electronics,45882,25,34411.5,3,Cash,4778.3
BF03660,11-03-2024,Amy Santana,26-35,Female,Lake Lauraland,New Jersey,Heavy,Sports,48490,10,43641,3,Debit Card,10533.65
BF03661,10-05-2024,Victor Greer,60+,Male,Fieldsburgh,New Jersey,Actually,Clothing,41957,52,20139.36,3,Cash,4164.11
BF03662,20-03-2024,Robert Johnson,18-25,Other,North Dustin,Kentucky,About,Toys,10411,25,7808.25,3,Credit Card,713.31
BF03663,18-03-2024,Erica Gray,46-60,Female,Jonesside,Wyoming,Quality,Beauty,22233,73,6002.91,3,Debit Card,446.45
BF03664,30-04-2024,Michelle Smith,46-60,Female,Amandaton,Colorado,Pm,Clothing,40694,71,11801.26,1,Credit Card,870.93
BF03665,17-09-2024,Raven Thompson,18-25,Female,East Michelle,Mississippi,Guess,Electronics,8183,12,7201.04,1,Cash,892.84
BF03666,27-03-2024,Abigail Webb,60+,Male,East Steven,Oregon,Shoulder,Sports,31568,56,13889.92,3,Cash,1270.74
BF03667,28-03-2024,Charles Cross DDS,26-35,Female,Lake Richardton,South Dakota,Myself,Clothing,1350,59,553.5,3,Cash,133.18
BF03668,18-04-2024,Katherine Washington,26-35,Other,North Isaiahview,Texas,Color,Beauty,42017,65,14705.95,2,Cash,1929.32
BF03669,06-12-2023,Autumn King,18-25,Female,Leslieborough,California,Fear,Electronics,13218,56,5815.92,2,Cash,692.47
BF03670,06-03-2024,Judith Beck,46-60,Male,East Gregoryfort,Virginia,Here,Home Appliances,10188,65,3565.8,3,Cash,475.11
BF03671,15-04-2024,Oscar Tran,26-35,Female,Larsonborough,Arizona,Language,Home Appliances,1653,17,1371.99,1,UPI,257.19
BF03672,22-05-2024,Anthony Glover,46-60,Other,Heatherhaven,Illinois,Major,Clothing,43720,44,24483.2,4,UPI,2226.81
BF03673,03-12-2023,Jonathan Mack,18-25,Female,Jacobville,Alaska,Quality,Toys,26511,70,7953.3,3,Gift Card,756.76
BF03674,30-05-2024,Paul Roberts,60+,Male,Woodshaven,Wisconsin,Effect,Clothing,1332,51,652.68,1,Debit Card,136.12
BF03675,05-04-2024,Curtis Kramer,26-35,Other,New Marvin,New Hampshire,Question,Toys,6057,60,2422.8,4,Debit Card,500.48
BF03676,06-02-2024,Marie Larson MD,46-60,Other,Welchtown,Idaho,Real,Clothing,38387,76,9212.88,4,Debit Card,671.89
BF03677,04-06-2024,Daniel Cummings,46-60,Male,North Holly,Wisconsin,Until,Beauty,15049,63,5568.13,1,Credit Card,375.61
BF03678,08-07-2024,Amanda Rodriguez,26-35,Female,Porterchester,California,Performance,Clothing,24255,79,5093.55,3,Cash,1215.29
BF03679,09-03-2024,Linda Chang,18-25,Female,Mejiaside,Minnesota,Bad,Sports,48961,21,38679.19,1,Debit Card,5288.31
BF03680,15-08-2024,Crystal Turner,26-35,Female,Gregorybury,New Hampshire,Fast,Sports,26119,51,12798.31,1,Cash,920.65
BF03681,25-11-2023,David Perez,36-45,Other,South Jonathan,Colorado,Share,Clothing,48641,57,20915.63,3,UPI,4198.7
BF03682,08-01-2024,Dwayne Hernandez,18-25,Male,East Nicolas,Michigan,Child,Beauty,25802,54,11868.92,4,Credit Card,1745.89
BF03683,21-07-2024,Curtis Collins,46-60,Female,Allenton,Hawaii,Lot,Electronics,27474,70,8242.2,3,UPI,1235.26
BF03684,08-10-2024,Lauren Simpson,46-60,Female,Juanmouth,Kansas,Whatever,Home Appliances,36244,32,24645.92,4,Gift Card,5044.75
BF03685,15-11-2023,Cassandra Madden,18-25,Other,North Timothyhaven,South Dakota,Near,Home Appliances,34389,60,13755.6,4,UPI,2884.64
BF03686,29-11-2023,Joseph Smith,60+,Other,Gloverberg,Colorado,Draw,Clothing,2277,79,478.17,2,Credit Card,40.71
BF03687,07-06-2024,Andrew Ayala,46-60,Other,Port Craig,Michigan,Rule,Clothing,29832,34,19689.12,2,Cash,3223.71
BF03688,03-05-2024,Robert Soto,46-60,Female,Jorgeborough,Texas,Shoulder,Electronics,49113,45,27012.15,3,Debit Card,1901.41
BF03689,29-04-2024,Michael Pearson,36-45,Other,Port Mark,Massachusetts,Class,Sports,581,42,336.98,3,UPI,60.8
BF03690,26-12-2023,Christopher Brown,26-35,Other,Lake Jennifermouth,Rhode Island,World,Electronics,7271,29,5162.41,3,UPI,291.07
BF03691,04-12-2023,Hannah Cook,46-60,Female,Lake Jessica,New York,Time,Sports,46629,62,17719.02,4,Gift Card,2053.26
BF03692,27-02-2024,David Perez,36-45,Female,Michaelfurt,North Dakota,Grow,Toys,21465,30,15025.5,3,Cash,1675.82
BF03693,08-05-2024,Melissa Ryan,36-45,Male,Anthonyshire,Maine,Build,Clothing,35628,35,23158.2,3,Debit Card,2679.02
BF03694,25-06-2024,Andre Shannon,26-35,Female,South John,Michigan,Trial,Beauty,27623,27,20164.79,4,UPI,1067.19
BF03695,29-09-2024,Danielle Shaffer,18-25,Female,Nelsonmouth,Iowa,Low,Toys,17801,57,7654.43,4,Credit Card,1506.16
BF03696,05-02-2024,Cindy Johnson,36-45,Other,Amyville,Florida,Many,Electronics,32997,49,16828.47,1,Debit Card,1503.43
BF03697,26-06-2024,William Welch MD,36-45,Female,Port Amber,Arkansas,Myself,Sports,46222,48,24035.44,4,Debit Card,1233.74
BF03698,25-01-2024,David Fields,36-45,Male,Thomasmouth,Rhode Island,Wall,Electronics,45885,36,29366.4,1,Gift Card,5929.87
BF03699,28-10-2023,Jeffrey Black,26-35,Male,Joelview,West Virginia,Million,Sports,7889,41,4654.51,3,Cash,415.25
BF03700,25-07-2024,Stephanie Buck,26-35,Male,Maryton,Connecticut,Lay,Electronics,16808,14,14454.88,2,Cash,2981.96
BF03701,27-10-2023,Juan Matthews,60+,Male,North Garyside,Montana,Drug,Clothing,8674,64,3122.64,3,Cash,596.03
BF03702,10-08-2024,Peter Ross,18-25,Female,Lake Juliechester,Alaska,Kind,Clothing,38632,75,9658,2,Debit Card,1359.8
BF03703,25-07-2024,Jennifer Diaz,26-35,Female,Lake Veronicaburgh,Kansas,Series,Toys,21240,15,18054,4,UPI,2443.45
BF03704,04-10-2024,Susan Collins,46-60,Female,Gloriabury,Michigan,Many,Beauty,40940,24,31114.4,3,Cash,5795.15
BF03705,29-09-2024,Kevin Allen,60+,Other,Acostahaven,New Mexico,Scene,Beauty,3631,23,2795.87,1,Credit Card,510.66
BF03706,04-06-2024,Richard Stevens,18-25,Female,Evanmouth,Massachusetts,Every,Toys,27349,77,6290.27,4,Credit Card,447.24
BF03707,21-02-2024,Amanda Lambert,46-60,Male,Robertburgh,Hawaii,Check,Electronics,29999,48,15599.48,1,UPI,2187.11
BF03708,31-10-2023,Meagan Saunders,26-35,Other,Soniafurt,California,Investment,Beauty,2953,65,1033.55,2,UPI,81.53
BF03709,10-01-2024,Heather Burke,60+,Other,Catherineberg,California,By,Beauty,3719,36,2380.16,1,Debit Card,582.45
BF03710,16-03-2024,Steven Dunn,18-25,Other,Lake Julie,Wyoming,End,Beauty,37202,17,30877.66,2,UPI,1655.52
BF03711,18-06-2024,Audrey Bennett,36-45,Female,Rodriguezport,Iowa,Scientist,Home Appliances,17771,59,7286.11,2,Debit Card,1471.77
BF03712,19-01-2024,Jacob Foster,60+,Male,East Leslie,Maine,Over,Clothing,34921,62,13269.98,1,Credit Card,2807.3
BF03713,18-09-2024,Lauren Willis,46-60,Female,Katrinaside,New Jersey,Dog,Beauty,41624,31,28720.56,4,Debit Card,6393.28
BF03714,18-06-2024,Margaret Fitzpatrick,46-60,Female,Lake Heidiburgh,New Mexico,Dark,Toys,28613,50,14306.5,1,UPI,1272.38
BF03715,09-12-2023,Ryan Lowe,18-25,Female,Anatown,New Hampshire,Trade,Clothing,42205,77,9707.15,1,Gift Card,1134.25
BF03716,20-11-2023,Carla Kim,36-45,Female,North Samuelton,Louisiana,Government,Electronics,38995,46,21057.3,2,Gift Card,2507.47
BF03717,05-01-2024,David Taylor,18-25,Male,Ingramville,Wisconsin,End,Toys,44192,51,21654.08,2,UPI,1964.92
BF03718,27-06-2024,Brian Adams,36-45,Male,North Nicholas,Arizona,Blood,Beauty,10704,39,6529.44,1,UPI,448.98
BF03719,19-09-2024,James Ingram,60+,Male,Kanechester,New Hampshire,Hard,Beauty,6226,39,3797.86,3,Cash,424.34
BF03720,15-03-2024,Donna Weaver,60+,Male,Pamelaburgh,Illinois,Certainly,Electronics,20490,33,13728.3,3,Gift Card,1419.09
BF03721,26-06-2024,Robert Kelly,18-25,Male,North Jeremyton,Kentucky,Natural,Sports,34102,33,22848.34,3,Debit Card,3429.51
BF03722,10-05-2024,Mary Smith,36-45,Male,Wangburgh,South Carolina,Year,Beauty,32596,66,11082.64,1,Debit Card,611.73
BF03723,08-08-2024,Lindsey Petty,36-45,Other,West Madeline,Hawaii,Partner,Clothing,30077,64,10827.72,2,Debit Card,2137.96
BF03724,28-09-2024,Carlos Owen,26-35,Male,Smithchester,Texas,Save,Beauty,40407,15,34345.95,3,UPI,7992.24
BF03725,28-06-2024,William Flores,26-35,Other,Mcclureberg,New Jersey,Professor,Beauty,32541,26,24080.34,2,Gift Card,1772.51
BF03726,28-08-2024,Jonathan Smith,60+,Male,Lake Brandonborough,Arkansas,Everyone,Toys,34904,57,15008.72,2,Debit Card,1589.64
BF03727,30-04-2024,Michael Salinas,46-60,Male,Fritzhaven,Maryland,Program,Clothing,15035,63,5562.95,4,Gift Card,921.72
BF03728,05-11-2023,Victoria Anderson,60+,Male,North Donald,Massachusetts,Those,Electronics,44653,76,10716.72,2,Gift Card,1206.19
BF03729,10-03-2024,Katherine Ellison,60+,Other,Tonymouth,Washington,Adult,Electronics,37626,35,24456.9,4,Gift Card,1443.73
BF03730,01-06-2024,Melissa George,18-25,Female,Cannonborough,Connecticut,Development,Electronics,16885,42,9793.3,2,Gift Card,680.72
BF03731,29-05-2024,Elizabeth Wells,46-60,Other,East Anthonymouth,Virginia,Power,Home Appliances,5283,11,4701.87,3,UPI,517.19
BF03732,19-03-2024,Christopher Lyons,26-35,Male,Vasquezfort,Ohio,Report,Electronics,35732,61,13935.48,3,Credit Card,1590.48
BF03733,15-03-2024,Elizabeth Thompson,26-35,Female,South Andre,Maryland,Herself,Toys,6322,24,4804.72,4,Cash,812.68
BF03734,28-03-2024,Jessica Alvarez,46-60,Male,East Lauren,Alabama,Choose,Toys,15264,25,11448,1,Cash,1735.54
BF03735,06-01-2024,Samuel Davis,36-45,Female,Bergerside,Louisiana,Paper,Beauty,46751,35,30388.15,1,Gift Card,5825.53
BF03736,09-04-2024,Jose Marsh,60+,Other,North Codybury,Texas,Mr,Electronics,32177,21,25419.83,2,Gift Card,5997.75
BF03737,07-07-2024,Jason Garcia,18-25,Male,South Coltonmouth,South Dakota,Walk,Electronics,31522,63,11663.14,1,Cash,648.9
BF03738,20-07-2024,Chelsea Warren,36-45,Female,Davisport,Wyoming,Economy,Sports,34449,12,30315.12,1,Cash,4417.66
BF03739,08-08-2024,Michael Salazar,46-60,Male,Lake Victoria,Georgia,Draw,Sports,26394,51,12933.06,2,Debit Card,3179.42
BF03740,05-02-2024,Ronald Berger,18-25,Other,Ramirezchester,South Carolina,Bag,Sports,3518,42,2040.44,4,Cash,241.74
BF03741,07-01-2024,Katrina Reed,60+,Female,East Theresa,South Dakota,Vote,Toys,15970,38,9901.4,1,Debit Card,2331.39
BF03742,08-04-2024,Ronald Wilson,36-45,Other,Port Nicole,California,His,Beauty,12702,77,2921.46,3,UPI,349.8
BF03743,14-06-2024,Leslie Smith,60+,Female,Lake Mollyshire,Colorado,Per,Clothing,9852,18,8078.64,1,UPI,1998.94
BF03744,05-04-2024,Autumn Huerta,26-35,Male,Owenstad,South Dakota,Consumer,Electronics,46046,28,33153.12,4,Debit Card,6782.01
BF03745,09-06-2024,Patricia Green,18-25,Male,Seanville,Indiana,Year,Home Appliances,28106,11,25014.34,1,Debit Card,1396.1
BF03746,25-06-2024,Michael Burton,46-60,Male,West Jessicastad,Connecticut,Window,Clothing,22073,15,18762.05,4,Debit Card,1707.35
BF03747,04-11-2023,Charles Ryan,60+,Other,New Angela,Massachusetts,You,Home Appliances,28552,79,5995.92,4,Credit Card,993.59
BF03748,01-02-2024,Tammy Porter,60+,Female,Chenfurt,Maine,Thought,Electronics,12002,41,7081.18,2,Gift Card,377.55
BF03749,12-05-2024,Cory Williams,36-45,Female,North Ashley,Michigan,General,Sports,17351,28,12492.72,2,Debit Card,1196.06
BF03750,13-06-2024,Brad Gonzales,18-25,Male,South Gregory,Oregon,Dream,Home Appliances,17367,52,8336.16,1,Cash,1213.36
BF03751,01-10-2024,Nicholas Tapia,60+,Male,Denisefurt,Missouri,Attention,Sports,29070,59,11918.7,4,UPI,614.79
BF03752,22-03-2024,Christopher Mays,60+,Male,West Shannonside,Maine,Day,Electronics,29174,26,21588.76,4,Cash,5377.67
BF03753,01-08-2024,Damon Webb,36-45,Female,South Katelyntown,Ohio,Significant,Toys,49715,75,12428.75,3,Cash,2181.07
BF03754,25-05-2024,James Branch,60+,Male,New David,Connecticut,Beautiful,Sports,23078,33,15462.26,4,Credit Card,1996.89
BF03755,24-12-2023,Sharon Andrade,18-25,Other,New Alexandra,Connecticut,Their,Home Appliances,24672,31,17023.68,2,UPI,3453.36
BF03756,11-03-2024,Christopher Walsh,36-45,Female,Jacksonberg,Michigan,Around,Sports,15564,32,10583.52,4,Debit Card,1588.34
BF03757,11-06-2024,Michael Torres,18-25,Other,East James,West Virginia,Save,Toys,4115,36,2633.6,2,Credit Card,560.43
BF03758,31-08-2024,Doris Le,36-45,Other,Stevenshaven,Idaho,Tell,Home Appliances,44261,60,17704.4,3,UPI,2772.19
BF03759,27-04-2024,Sylvia Garcia,18-25,Female,East Grace,Massachusetts,Listen,Electronics,37352,76,8964.48,4,Credit Card,814.4
BF03760,10-01-2024,Teresa Mills,18-25,Male,West Elizabethmouth,Washington,Year,Home Appliances,44520,13,38732.4,4,Cash,2702.97
BF03761,23-08-2024,Cassandra Watts,36-45,Male,Jacksontown,Texas,Quickly,Clothing,43854,57,18857.22,1,UPI,3967.75
BF03762,29-12-2023,Jason Davis,26-35,Other,Arroyoview,South Carolina,Oil,Electronics,34917,58,14665.14,1,Credit Card,3390.46
BF03763,26-03-2024,James Taylor,26-35,Male,East Brett,Nebraska,Beautiful,Home Appliances,10467,39,6384.87,4,Cash,382.19
BF03764,19-01-2024,John Harrison,26-35,Male,New Jesseport,Oregon,Hotel,Toys,3604,42,2090.32,2,Debit Card,247.09
BF03765,22-12-2023,John Mata,18-25,Female,New Seanfurt,Oklahoma,Then,Home Appliances,5920,65,2072,1,UPI,243.65
BF03766,22-06-2024,David Robinson,26-35,Male,Allisonville,Kansas,Action,Home Appliances,5343,70,1602.9,3,Cash,106.29
BF03767,19-05-2024,Michael Wright,36-45,Other,Holmesland,Florida,Sort,Sports,12646,11,11254.94,3,UPI,1711.56
BF03768,10-12-2023,Sandra Pena,36-45,Other,Lake Peterstad,Illinois,History,Clothing,10024,63,3708.88,4,Gift Card,859.38
BF03769,23-12-2023,Nathaniel Carey,18-25,Male,New Courtney,Illinois,So,Clothing,11999,14,10319.14,1,Debit Card,734.78
BF03770,29-05-2024,Andrew Pham,26-35,Male,South Lindsay,South Dakota,Read,Sports,2091,46,1129.14,3,Gift Card,133.86
BF03771,02-04-2024,Donna Wright,36-45,Female,Port Teresaborough,Montana,Ever,Beauty,10779,62,4096.02,2,UPI,821.95
BF03772,14-10-2023,Katie Johnson,18-25,Other,East Deanna,Kentucky,In,Sports,30137,11,26821.93,4,UPI,1487.7
BF03773,31-05-2024,Gregory Cannon,26-35,Female,Teresastad,North Dakota,Laugh,Toys,5050,17,4191.5,3,Gift Card,936.52
BF03774,25-12-2023,Colleen Cohen,26-35,Other,South Robertport,Connecticut,Region,Electronics,19144,72,5360.32,3,Debit Card,1121.14
BF03775,24-12-2023,Marilyn Booker,60+,Male,Beasleychester,Virginia,Also,Sports,6108,54,2809.68,2,Credit Card,549.21
BF03776,17-11-2023,Monica Rojas,46-60,Male,Michealchester,Alaska,Director,Beauty,46170,27,33704.1,1,Credit Card,5103.5
BF03777,12-05-2024,Marcus Vincent,18-25,Other,North Stephanie,South Dakota,Left,Electronics,39107,46,21117.78,3,UPI,3968.03
BF03778,07-09-2024,Michael White,26-35,Other,New David,North Dakota,But,Clothing,29846,18,24473.72,3,Debit Card,4701.19
BF03779,12-06-2024,Danielle French,18-25,Male,Dillonstad,Michigan,Position,Home Appliances,6990,63,2586.3,4,Cash,545.68
BF03780,06-01-2024,Ruben Moore,18-25,Male,East Allenfort,North Carolina,Consumer,Sports,44456,21,35120.24,2,Credit Card,4665.98
BF03781,19-08-2024,Stacey Gray,60+,Male,North Mark,Montana,Attention,Beauty,10961,66,3726.74,3,Debit Card,439.98
BF03782,29-01-2024,Matthew Knight,46-60,Other,West Amanda,Wisconsin,Art,Home Appliances,12783,37,8053.29,3,Cash,1441.57
BF03783,20-11-2023,Antonio Taylor,26-35,Female,Lake Alexburgh,Louisiana,Attention,Clothing,18519,41,10926.21,3,Gift Card,2411.52
BF03784,03-12-2023,Bianca Wright,26-35,Female,Lake Rachaeltown,Vermont,Open,Clothing,7890,48,4102.8,2,Cash,233.8
BF03785,03-08-2024,Christina Miller,18-25,Other,West Madisonberg,Louisiana,Somebody,Electronics,4475,22,3490.5,4,UPI,741.63
BF03786,01-12-2023,Karen Rivera,18-25,Other,Watsonbury,North Carolina,Trade,Electronics,38576,42,22374.08,4,Cash,1797.07
BF03787,15-01-2024,Sherry Adams,26-35,Female,Ramseyberg,Maryland,Series,Sports,28412,27,20740.76,2,Credit Card,2392.25
BF03788,23-07-2024,Anthony Wilson,26-35,Other,Johnsonville,Tennessee,Group,Beauty,46261,22,36083.58,1,Debit Card,4146.68
BF03789,01-10-2024,Julie Miller,26-35,Female,Nancyberg,Utah,Recent,Toys,41723,76,10013.52,1,Debit Card,1557.45
BF03790,19-05-2024,Cindy Roberts,18-25,Other,Mathewmouth,Iowa,Send,Clothing,13967,75,3491.75,4,Debit Card,728.04
BF03791,13-08-2024,Justin Barrera,18-25,Other,Austinview,Iowa,Trial,Sports,26426,43,15062.82,2,Gift Card,1050.42
BF03792,24-01-2024,Michael Hoover,60+,Female,Michaelmouth,Texas,Provide,Beauty,812,73,219.24,4,UPI,34.89
BF03793,29-12-2023,Ana Ramos,36-45,Female,Port Michelle,New Mexico,Something,Sports,36534,50,18267,1,Debit Card,4536.96
BF03794,09-08-2024,Jennifer Fernandez,26-35,Female,Laurastad,Washington,Pattern,Home Appliances,45462,36,29095.68,3,Credit Card,3285.31
BF03795,14-03-2024,David Quinn,26-35,Male,South William,Montana,Message,Sports,42261,48,21975.72,4,Credit Card,2991.92
BF03796,12-08-2024,Miguel Johnson,18-25,Male,North Baileyborough,Alaska,Him,Clothing,24263,12,21351.44,2,Gift Card,4785.19
BF03797,19-01-2024,Kevin Conrad,36-45,Male,South Jessicaville,Utah,Third,Sports,40073,63,14827.01,2,Gift Card,2839.09
BF03798,23-02-2024,Patrick Hoffman,46-60,Male,Port Heather,Missouri,All,Clothing,15263,64,5494.68,3,Debit Card,994.09
BF03799,05-02-2024,Morgan Freeman,26-35,Female,North Gabriel,Michigan,Bar,Toys,19488,37,12277.44,1,Gift Card,1205.63
BF03800,14-04-2024,Sara Juarez,60+,Female,Michelleside,Nebraska,Service,Beauty,1711,75,427.75,1,Cash,86.83
BF03801,29-09-2024,Anne Wright,46-60,Female,Port Seanmouth,Missouri,Hit,Home Appliances,14313,78,3148.86,2,Cash,367.39
BF03802,17-04-2024,Chelsea Spencer,26-35,Female,Lisafort,Colorado,South,Home Appliances,12087,22,9427.86,1,Debit Card,1167.07
BF03803,27-06-2024,James Wu,46-60,Female,Johnsontown,Louisiana,School,Beauty,20205,12,17780.4,3,Debit Card,3400.63
BF03804,25-05-2024,Jose Hall,18-25,Other,North Jamesmouth,Minnesota,Pay,Sports,46860,25,35145,3,Credit Card,5770.71
BF03805,18-02-2024,Bonnie Peters,46-60,Female,West Amanda,Oregon,Between,Clothing,2662,37,1677.06,2,Cash,180.17
BF03806,28-12-2023,Brian Bailey,60+,Other,New Peter,Virginia,Suddenly,Clothing,29751,55,13387.95,4,Cash,1651.24
BF03807,04-03-2024,Cheryl Dickson,26-35,Male,New Markborough,Alaska,Table,Clothing,41546,50,20773,3,Gift Card,4692.63
BF03808,19-10-2023,Natasha Williams,36-45,Other,Bethfurt,Pennsylvania,Age,Electronics,38558,52,18507.84,4,Gift Card,2657
BF03809,02-06-2024,Yolanda Walker,26-35,Other,Alvinland,Wyoming,Generation,Toys,41274,17,34257.42,4,UPI,5177.9
BF03810,20-09-2024,Lisa Kirby,18-25,Female,Hurleyfurt,Colorado,Hit,Electronics,19757,60,7902.8,3,UPI,885.35
BF03811,21-12-2023,Benjamin Clark,46-60,Female,New Donald,South Dakota,Audience,Electronics,3701,56,1628.44,2,Credit Card,183.39
BF03812,15-06-2024,Kaitlyn Cook,18-25,Female,Greenland,Illinois,Different,Beauty,22324,20,17859.2,2,Credit Card,2372.62
BF03813,23-12-2023,Jose Rodriguez,46-60,Male,South Charlene,Delaware,Mean,Toys,9961,63,3685.57,4,Gift Card,659.6
BF03814,13-06-2024,Bailey Rodriguez,36-45,Male,Shelleyfort,Maryland,Pull,Toys,13732,74,3570.32,3,Credit Card,247.04
BF03815,02-03-2024,Miranda Cox,60+,Other,Nicholeland,Oregon,Remember,Sports,2920,76,700.8,1,UPI,125.31
BF03816,01-09-2024,Amber Lawson,36-45,Other,West Tinachester,Rhode Island,Young,Home Appliances,48341,10,43506.9,4,Debit Card,7691.76
BF03817,01-05-2024,Barbara Kline,18-25,Male,Carolside,Wisconsin,Some,Beauty,2525,22,1969.5,2,UPI,416.79
BF03818,07-05-2024,Kevin Rodriguez,26-35,Other,Morrisonshire,Maine,Test,Electronics,45041,60,18016.4,2,Debit Card,2326.19
BF03819,31-01-2024,Lindsay Duke,46-60,Male,Natashaville,Connecticut,Benefit,Toys,17456,14,15012.16,3,Cash,1516.17
BF03820,09-01-2024,Andrew Davenport,60+,Male,Fishermouth,Nevada,Trouble,Toys,10087,32,6859.16,3,Gift Card,1043.32
BF03821,12-10-2023,Victoria Miller,18-25,Male,Leehaven,New York,Cost,Home Appliances,37589,24,28567.64,3,Debit Card,4873
BF03822,23-11-2023,Kevin Berger,60+,Female,West Lawrence,Utah,Ever,Electronics,7102,56,3124.88,3,Cash,690.57
BF03823,04-02-2024,Phillip Mckee,60+,Female,North Angela,Florida,Operation,Electronics,38755,18,31779.1,4,UPI,3298.57
BF03824,18-03-2024,Carl Caldwell,36-45,Male,Port Matthewside,South Carolina,Buy,Beauty,2978,53,1399.66,2,Cash,169.36
BF03825,28-03-2024,Melissa Miller,26-35,Other,Nathanbury,New Mexico,Admit,Sports,30731,72,8604.68,3,UPI,1818.63
BF03826,26-03-2024,Dr. Paul Fisher V,26-35,Male,Shepardstad,New Mexico,Tough,Toys,31706,50,15853,3,Gift Card,3297.11
BF03827,11-05-2024,Aaron Barron,36-45,Female,South Ann,Georgia,Trouble,Home Appliances,35892,13,31226.04,2,Gift Card,7629.36
BF03828,08-06-2024,James Mcdonald,18-25,Male,East Jaclyn,Massachusetts,Picture,Clothing,40339,78,8874.58,2,Gift Card,1812.73
BF03829,08-01-2024,Seth Smith,26-35,Male,Delgadoberg,Idaho,Focus,Home Appliances,34022,39,20753.42,4,UPI,2197.37
BF03830,04-06-2024,Edgar Anderson,36-45,Male,Christopherton,New York,Whatever,Beauty,22507,12,19806.16,3,Credit Card,1666.67
BF03831,11-05-2024,Matthew Norton,60+,Female,West Robertmouth,Alaska,Official,Sports,42138,40,25282.8,2,Cash,3809.55
BF03832,15-01-2024,Stephanie Joseph,36-45,Other,Anthonyshire,Utah,Machine,Electronics,49449,20,39559.2,3,UPI,5400.67
BF03833,03-05-2024,Daniel Vaughn,36-45,Female,South Dalton,North Carolina,Fill,Electronics,20030,19,16224.3,3,Debit Card,2251.58
BF03834,22-10-2023,Carol Simpson,46-60,Other,Marialand,Nevada,Race,Toys,14402,23,11089.54,3,UPI,1929.46
BF03835,11-08-2024,Whitney Mitchell,18-25,Other,New Kristinberg,Colorado,Husband,Beauty,22899,25,17174.25,4,UPI,2752.89
BF03836,10-06-2024,Dylan Roberson,18-25,Other,Port Colleen,Utah,One,Home Appliances,12721,74,3307.46,2,UPI,310.69
BF03837,06-12-2023,Javier Cochran,46-60,Female,Smithfort,Delaware,Stand,Clothing,10308,75,2577,1,Cash,457.97
BF03838,18-02-2024,Crystal Thomas,18-25,Female,Nicoleside,Utah,Week,Electronics,47045,13,40929.15,2,UPI,7836.93
BF03839,16-11-2023,Katelyn Andrews,18-25,Male,South Nicolestad,Michigan,Trip,Beauty,32497,10,29247.3,4,Gift Card,1543.44
BF03840,10-02-2024,Miguel Roberts,26-35,Female,East Ryan,Georgia,Employee,Home Appliances,14005,21,11063.95,3,UPI,2744.24
BF03841,08-07-2024,Dustin Stewart,18-25,Other,Port William,New Jersey,Strong,Sports,36026,17,29901.58,2,Gift Card,4228.28
BF03842,26-10-2023,William Hull,36-45,Other,Jeremytown,Arkansas,Upon,Beauty,44979,47,23838.87,1,Debit Card,2288.45
BF03843,07-01-2024,Dawn Johnson,26-35,Male,Harristown,West Virginia,Site,Sports,39960,29,28371.6,1,Cash,6204.61
BF03844,07-12-2023,Jacqueline Obrien,46-60,Male,East Melissaton,Utah,Daughter,Electronics,32362,25,24271.5,1,Debit Card,2983.59
BF03845,23-10-2023,Raymond Todd,18-25,Female,Jacksonburgh,Connecticut,Kid,Toys,45088,12,39677.44,2,UPI,6231.46
BF03846,05-11-2023,Eric Andrews,36-45,Male,Taylorfort,Hawaii,Scene,Beauty,35428,32,24091.04,3,Debit Card,1328.67
BF03847,12-08-2024,Richard Bowman,26-35,Other,North Annland,Connecticut,Ok,Sports,528,24,401.28,2,Cash,97.43
BF03848,10-06-2024,Douglas Suarez,18-25,Other,Cantumouth,Louisiana,Language,Sports,23268,16,19545.12,1,Gift Card,4465.02
BF03849,19-09-2024,Johnny Hood,60+,Female,New Rachelmouth,Tennessee,Dark,Home Appliances,4003,45,2201.65,1,Gift Card,147.1
BF03850,21-10-2023,Kevin Gilbert,60+,Female,Michelleburgh,Georgia,My,Beauty,8834,69,2738.54,3,Gift Card,489.11
BF03851,03-09-2024,Michelle Allen,36-45,Other,Diazstad,Colorado,Raise,Toys,30168,50,15084,2,UPI,2944.34
BF03852,27-09-2024,Cody Bryant,36-45,Male,South Brian,Hawaii,Financial,Beauty,2902,75,725.5,2,Credit Card,67.05
BF03853,07-02-2024,Sherry Underwood,46-60,Male,West Michelle,Kentucky,I,Beauty,48443,60,19377.2,1,UPI,3277.91
BF03854,02-10-2024,Shannon Vaughan,18-25,Male,North Carlos,Nebraska,Foot,Home Appliances,27049,25,20286.75,4,Gift Card,2396.41
BF03855,27-03-2024,Paul Banks,26-35,Other,New Debrastad,North Dakota,Black,Sports,6911,48,3593.72,1,UPI,241.23
BF03856,25-11-2023,Sharon Santana,26-35,Male,Hayestown,Kansas,She,Home Appliances,36117,21,28532.43,4,Cash,5454.48
BF03857,20-12-2023,Kathryn Nguyen,60+,Other,West Robert,Maryland,Traditional,Clothing,40194,75,10048.5,2,UPI,2490.17
BF03858,17-04-2024,Dennis Mitchell,46-60,Female,North Jessicachester,California,Ok,Toys,30205,44,16914.8,2,UPI,4220.29
BF03859,11-09-2024,Christine Green,46-60,Male,Andersonbury,Pennsylvania,Then,Electronics,20904,47,11079.12,4,Credit Card,2282.28
BF03860,14-02-2024,Leslie Williams,60+,Other,South Richard,Minnesota,Yard,Clothing,930,22,725.4,1,Debit Card,179.84
BF03861,14-10-2023,Diana Lopez,26-35,Female,Port Martin,Kansas,Edge,Beauty,29417,21,23239.43,2,Credit Card,4351.44
BF03862,14-08-2024,Anthony Jensen,26-35,Other,East Aaron,Maine,Then,Sports,2277,12,2003.76,3,Debit Card,392.39
BF03863,21-10-2023,Douglas Yang,18-25,Male,Wellsside,Illinois,Maybe,Beauty,40144,65,14050.4,3,Cash,3170.46
BF03864,19-03-2024,Jacob Rodriguez,46-60,Female,South Christina,South Dakota,Consumer,Clothing,49977,50,24988.5,2,Debit Card,1999.87
BF03865,16-10-2023,Belinda Adkins,18-25,Male,Jaredport,Vermont,Oil,Sports,49853,72,13958.84,1,Gift Card,2097.76
BF03866,13-10-2023,Justin Terry,18-25,Male,Neilmouth,Mississippi,Discover,Beauty,40183,34,26520.78,2,UPI,5785.1
BF03867,15-06-2024,Sarah Garner,26-35,Male,Port Kristahaven,New York,Around,Toys,15776,59,6468.16,2,Credit Card,665.41
BF03868,03-02-2024,Karen Roy,18-25,Other,New Brandonland,Louisiana,Author,Electronics,10176,37,6410.88,2,Credit Card,1218.14
BF03869,11-01-2024,Jordan Johnson,60+,Male,Brownmouth,Arkansas,School,Beauty,30522,53,14345.34,2,Cash,2816.05
BF03870,21-03-2024,Lisa Cunningham,46-60,Female,Elliottport,Florida,Company,Electronics,4239,73,1144.53,3,Debit Card,268.11
BF03871,02-06-2024,Scott Johnson,46-60,Female,Port Robert,West Virginia,View,Clothing,33626,68,10760.32,2,UPI,1042.06
BF03872,16-08-2024,Jeremy Owens,36-45,Male,Carlosshire,New Mexico,One,Clothing,44807,44,25091.92,1,Credit Card,3717.99
BF03873,14-04-2024,Dawn Wright,26-35,Other,Lake Christopherberg,Washington,Around,Electronics,17736,41,10464.24,2,Gift Card,2477.5
BF03874,02-01-2024,William Hansen,60+,Other,Lake Heather,Mississippi,Quality,Electronics,16501,34,10890.66,1,UPI,1793.25
BF03875,28-08-2024,Allison Crawford,60+,Female,Jamesfort,Ohio,Fast,Electronics,8094,29,5746.74,1,Credit Card,821.21
BF03876,08-10-2024,Mr. Richard Scott,60+,Other,West Sheilaton,Texas,Cut,Sports,23231,66,7898.54,3,UPI,1253.25
BF03877,15-05-2024,Peter Cervantes,60+,Female,Gonzalezborough,Virginia,Fly,Beauty,42068,51,20613.32,2,Gift Card,1102.91
BF03878,04-04-2024,Christina Day,26-35,Other,West Edwardton,Arizona,Woman,Home Appliances,49337,51,24175.13,1,Debit Card,3459.2
BF03879,01-03-2024,Pamela Martinez,46-60,Female,Port Jillstad,New Jersey,Interview,Beauty,47267,67,15598.11,1,Credit Card,2085.15
BF03880,10-10-2024,Kimberly Taylor,36-45,Female,New Keithport,South Dakota,Only,Home Appliances,4397,66,1494.98,4,Cash,245.81
BF03881,31-01-2024,Anthony Barrera,18-25,Female,Lake Stephen,Iowa,Church,Toys,21648,38,13421.76,1,Debit Card,1113.9
BF03882,28-10-2023,Jody Cook,46-60,Other,North Marychester,Maine,Happen,Sports,13102,69,4061.62,4,Credit Card,591.11
BF03883,24-07-2024,Anthony Moore,46-60,Female,Mccormickmouth,Washington,Feeling,Toys,44084,54,20278.64,1,Credit Card,4925.6
BF03884,04-10-2024,David Young,18-25,Other,Terriborough,Maine,Popular,Toys,35153,56,15467.32,4,UPI,1067.91
BF03885,21-10-2023,Jay Cantu DVM,26-35,Male,Wardborough,Oklahoma,Music,Toys,6542,54,3009.32,2,Credit Card,735.18
BF03886,09-02-2024,Jason Rios,26-35,Female,Rodneyville,Florida,Its,Sports,25555,78,5622.1,2,Debit Card,1142.71
BF03887,23-12-2023,Andrew Cherry,60+,Other,Millerview,Louisiana,Century,Sports,16739,61,6528.21,4,Credit Card,1157.75
BF03888,28-01-2024,Susan Mayo,18-25,Female,Deanfort,New Mexico,Less,Beauty,44630,77,10264.9,2,Credit Card,905.58
BF03889,23-02-2024,Richard Crawford,18-25,Male,Mcfarlandmouth,Hawaii,Floor,Beauty,36250,38,22475,1,Gift Card,3462.18
BF03890,05-02-2024,Hannah Vance,26-35,Other,South Ashley,Arizona,Mrs,Sports,17398,75,4349.5,4,Debit Card,410.21
BF03891,03-01-2024,Colleen Montgomery,36-45,Male,East Caitlin,Oklahoma,Ahead,Toys,8102,56,3564.88,2,Credit Card,280.34
BF03892,15-12-2023,Natasha Harrison,36-45,Other,New Kaitlyn,Florida,Let,Toys,31117,44,17425.52,4,Gift Card,2236.46
BF03893,11-02-2024,Jenna Wilson,46-60,Other,West Matthew,Iowa,Imagine,Home Appliances,7258,57,3120.94,3,Cash,473.27
BF03894,27-04-2024,Isaiah Bean,26-35,Male,Cookport,Wisconsin,Write,Electronics,3627,71,1051.83,2,Gift Card,91.21
BF03895,29-05-2024,Rebecca Harmon,46-60,Female,North Miguelton,Maine,Make,Beauty,42910,48,22313.2,3,UPI,5043.32
BF03896,09-07-2024,Charles Rogers,36-45,Other,New Rachelton,North Carolina,Threat,Home Appliances,45885,76,11012.4,3,Debit Card,1327.34
BF03897,15-12-2023,Timothy Holden,46-60,Other,Gonzalezside,New Mexico,Former,Sports,32119,48,16701.88,2,Cash,1292.19
BF03898,18-05-2024,Gabriella Cowan,36-45,Male,Hamptonberg,Georgia,Daughter,Sports,23852,29,16934.92,2,UPI,3547.16
BF03899,25-07-2024,Darrell Frey,18-25,Male,Frenchtown,Kansas,Success,Home Appliances,13658,37,8604.54,1,UPI,2024.36
BF03900,22-12-2023,Steven Silva,46-60,Other,Ryanchester,Washington,Here,Home Appliances,37098,61,14468.22,2,Debit Card,2990.12
BF03901,15-11-2023,Donald Vaughan,26-35,Male,Morenoton,North Dakota,Less,Clothing,17778,56,7822.32,1,Gift Card,862.61
BF03902,08-08-2024,Jimmy Marquez,36-45,Female,East Kristina,Maine,Cost,Toys,19871,48,10332.92,1,UPI,1639.85
BF03903,07-08-2024,Anthony Cruz,18-25,Male,Cruzview,Hawaii,Foreign,Toys,39381,43,22447.17,4,Debit Card,2387.62
BF03904,02-04-2024,David Allen,18-25,Other,New Donnabury,South Carolina,Around,Toys,14089,51,6903.61,4,Credit Card,1437.9
BF03905,18-05-2024,Kevin Mcclure,60+,Other,Obrienmouth,Tennessee,Former,Beauty,7119,58,2989.98,2,Debit Card,300.42
BF03906,21-05-2024,Robert Jones,46-60,Female,Smithstad,Utah,Do,Beauty,38593,25,28944.75,1,Credit Card,5922.12
BF03907,29-07-2024,Mary Martinez,36-45,Male,North Johnview,Oklahoma,Put,Sports,39619,15,33676.15,1,Gift Card,2350.09
BF03908,20-12-2023,Leslie Maddox,60+,Female,West Robertstad,Colorado,Sister,Clothing,29344,68,9390.08,3,Credit Card,1060.3
BF03909,02-06-2024,Jenny Owens,26-35,Female,Grantview,Nevada,Answer,Clothing,29114,27,21253.22,1,Cash,2420.53
BF03910,31-01-2024,Alyssa Brown,18-25,Male,Patriciatown,Massachusetts,Recognize,Sports,9153,47,4851.09,4,UPI,772.22
BF03911,02-03-2024,Albert Smith,26-35,Female,Hallshire,Ohio,While,Clothing,43319,36,27724.16,3,Credit Card,6016.62
BF03912,29-05-2024,John Donovan,36-45,Male,Port Savannahville,Pennsylvania,Similar,Home Appliances,38737,10,34863.3,3,Credit Card,4658.44
BF03913,27-12-2023,Frank Howell,60+,Other,South Thomas,South Dakota,Floor,Sports,34819,14,29944.34,4,Credit Card,7350.61
BF03914,27-06-2024,Michelle Evans,46-60,Female,Boltonshire,Minnesota,Director,Home Appliances,6509,35,4230.85,3,Debit Card,909.96
BF03915,31-01-2024,Rachel Williams,18-25,Female,New Christopher,Nebraska,Face,Sports,20237,43,11535.09,4,Credit Card,2585.47
BF03916,15-12-2023,Shelly Waters,60+,Other,Adamsburgh,Nevada,College,Toys,10427,66,3545.18,4,Credit Card,177.87
BF03917,20-09-2024,Thomas Hernandez,26-35,Other,Amyborough,Michigan,Song,Toys,19591,64,7052.76,4,UPI,1408.03
BF03918,30-10-2023,Mrs. Amy Sullivan,60+,Other,Markburgh,Vermont,Why,Sports,34413,51,16862.37,1,Debit Card,1382.65
BF03919,01-12-2023,Brenda Rogers,26-35,Other,Gomezview,North Dakota,Race,Sports,24964,23,19222.28,4,UPI,2695.58
BF03920,17-01-2024,Heather Stout,46-60,Male,New Nicoleville,New York,Consumer,Beauty,32566,72,9118.48,2,Credit Card,944.91
BF03921,27-08-2024,Jessica Ford,60+,Female,Smithfort,Rhode Island,Choose,Toys,46359,35,30133.35,2,Gift Card,4673.8
BF03922,06-11-2023,Jeffery Rice,36-45,Male,Port Brandonchester,Oregon,Military,Clothing,4719,11,4199.91,1,Gift Card,515.64
BF03923,12-08-2024,Max Castro,36-45,Female,Markmouth,North Carolina,Start,Clothing,7362,61,2871.18,3,UPI,552.37
BF03924,04-10-2024,Crystal Franco,46-60,Female,New Carolside,Mississippi,Parent,Home Appliances,41826,34,27605.16,2,UPI,5995.15
BF03925,04-04-2024,Patricia Montoya,26-35,Other,Peterhaven,Alaska,Religious,Sports,21912,70,6573.6,4,Cash,1008.81
BF03926,16-11-2023,Brianna Herrera,60+,Male,Harrismouth,New York,Door,Sports,41553,27,30333.69,1,Gift Card,3247.64
BF03927,18-04-2024,Gary Gutierrez,18-25,Other,Christieport,Alaska,Sometimes,Electronics,25945,23,19977.65,2,Debit Card,4964.18
BF03928,25-03-2024,James Barton,18-25,Female,Willisview,South Dakota,Ten,Home Appliances,11463,76,2751.12,1,Credit Card,495.34
BF03929,16-06-2024,Leon Wright,36-45,Female,North Judy,Hawaii,Hold,Sports,1294,50,647,3,Debit Card,55.91
BF03930,23-11-2023,Jeremy Cox,60+,Other,Port John,South Dakota,She,Home Appliances,45803,13,39848.61,4,Debit Card,2450.85
BF03931,31-03-2024,Amy Henry,26-35,Other,Larsenton,Missouri,Military,Beauty,41293,23,31795.61,3,UPI,1816.84
BF03932,17-06-2024,Kimberly Fletcher,26-35,Male,New Nicole,Florida,Also,Clothing,35819,63,13253.03,2,Debit Card,3193.75
BF03933,13-01-2024,Mark Wilcox,60+,Other,Liside,Massachusetts,Now,Electronics,25848,76,6203.52,1,Credit Card,995.52
BF03934,30-12-2023,Deborah Blackburn,26-35,Other,Cassandrafurt,Oregon,Discover,Clothing,11897,50,5948.5,3,UPI,1277.91
BF03935,24-06-2024,Alex Snyder,26-35,Female,New Stephenchester,Utah,Call,Beauty,1800,55,810,4,Cash,108.49
BF03936,13-10-2023,Teresa Hamilton,18-25,Female,New Ericshire,Maine,Positive,Electronics,39509,42,22915.22,1,Cash,1286.24
BF03937,26-04-2024,Brandon Jordan,18-25,Other,North Dawnberg,New Jersey,Mrs,Beauty,2439,42,1414.62,3,Gift Card,231.75
BF03938,06-12-2023,Carolyn King,46-60,Male,Lake Rachel,Nebraska,Relationship,Toys,31564,43,17991.48,3,Credit Card,2341.04
BF03939,13-10-2023,Jennifer Randolph,46-60,Other,Nelsonmouth,Pennsylvania,Suffer,Home Appliances,9254,24,7033.04,2,Cash,478.73
BF03940,31-01-2024,Thomas Levine,46-60,Male,Clintonview,Mississippi,Manager,Beauty,34789,77,8001.47,3,Debit Card,1204.11
BF03941,30-08-2024,Melissa Gonzales,46-60,Female,East Laura,Iowa,Next,Sports,45467,16,38192.28,4,Debit Card,7431.74
BF03942,27-04-2024,Walter Johnson,36-45,Other,Isaacmouth,Arizona,Identify,Sports,29407,69,9116.17,2,Debit Card,2086.77
BF03943,06-12-2023,Sabrina Frey,18-25,Other,West Deborah,Virginia,Program,Home Appliances,21235,72,5945.8,2,UPI,1242.81
BF03944,21-10-2023,Robert Hawkins,46-60,Other,Glennview,Louisiana,Authority,Clothing,24377,37,15357.51,2,Cash,1611.16
BF03945,20-02-2024,Richard Ferguson,36-45,Other,Port Tammyfort,Alaska,Public,Toys,35810,10,32229,3,UPI,1791.09
BF03946,18-11-2023,Mary Meyers,46-60,Female,East Autumn,Montana,With,Home Appliances,40484,49,20646.84,2,UPI,2699.87
BF03947,15-02-2024,Joshua Fox,60+,Other,Duranberg,Wisconsin,Their,Home Appliances,31730,48,16499.6,1,Debit Card,3592.92
BF03948,08-09-2024,Patrick Stephens,18-25,Other,Daltonville,Louisiana,Inside,Home Appliances,16101,28,11592.72,4,Cash,1777.32
BF03949,02-10-2024,Tonya Smith,26-35,Other,Port Rachel,Nebraska,Six,Electronics,8294,29,5888.74,4,Cash,471.2
BF03950,25-03-2024,Allison Herrera,26-35,Male,New Brettland,New Jersey,Appear,Home Appliances,46631,41,27512.29,1,Credit Card,5891.83
BF03951,04-07-2024,Melissa Fitzpatrick,60+,Male,Hillland,New Mexico,Candidate,Home Appliances,31653,48,16459.56,1,UPI,1816.75
BF03952,19-09-2024,Jeffrey Grimes,60+,Female,New Seth,Maryland,Serve,Beauty,1630,58,684.6,2,Debit Card,93.1
BF03953,10-03-2024,Cindy Lang,26-35,Male,Sarashire,Maryland,Somebody,Clothing,5329,73,1438.83,4,Debit Card,304.94
BF03954,26-07-2024,Michael Baker,46-60,Other,Williamsmouth,Utah,Field,Clothing,25447,22,19848.66,4,Cash,2208.16
BF03955,02-01-2024,Donald Marquez MD,18-25,Other,East Thomas,Maryland,Blue,Electronics,23523,26,17407.02,4,Cash,1721.17
BF03956,25-08-2024,Isaac Mullen,60+,Male,Lake Adrianside,Wisconsin,Around,Electronics,5549,24,4217.24,3,UPI,952.26
BF03957,04-06-2024,Valerie Davis,26-35,Female,New Yvette,New York,Into,Home Appliances,27908,30,19535.6,2,UPI,3926.23
BF03958,06-08-2024,Matthew Fleming,46-60,Other,New Natalieville,Texas,Write,Clothing,7567,44,4237.52,1,UPI,389.7
BF03959,13-04-2024,Brandon Sullivan,18-25,Female,Hollowayland,Vermont,Fire,Sports,44227,28,31843.44,3,Gift Card,6801.24
BF03960,25-06-2024,Laura Santiago,36-45,Female,Lake Jenniferville,Missouri,Call,Home Appliances,37883,39,23108.63,1,UPI,5014.64
BF03961,02-01-2024,Kelly Wade,60+,Other,North Raymondburgh,Nebraska,Skin,Sports,36295,79,7621.95,4,Credit Card,1746.58
BF03962,11-04-2024,Julie Brown,26-35,Male,Matthewview,North Carolina,Safe,Sports,37728,78,8300.16,3,Cash,643.5
BF03963,14-02-2024,Melanie Evans,26-35,Male,Michaelfurt,North Carolina,Radio,Home Appliances,20742,49,10578.42,1,Debit Card,2278.33
BF03964,09-03-2024,Steven Faulkner,46-60,Male,East James,Hawaii,Kid,Clothing,8143,58,3420.06,3,Cash,268.62
BF03965,21-12-2023,Jonathan Bernard,46-60,Other,New Michaelville,Georgia,Change,Toys,39034,58,16394.28,2,Gift Card,1675.73
BF03966,15-09-2024,Ricky Mayer Jr.,26-35,Female,Tiffanyfurt,Oklahoma,Audience,Electronics,22125,55,9956.25,1,Debit Card,1328.8
BF03967,10-12-2023,James Lucas,26-35,Male,Reynoldsberg,Nevada,Writer,Beauty,35504,40,21302.4,3,Credit Card,1580.67
BF03968,14-03-2024,Jonathan Little,46-60,Female,West Elizabeth,California,Health,Home Appliances,3675,70,1102.5,4,Gift Card,221.77
BF03969,25-12-2023,Laurie Lawrence,18-25,Other,Ryanmouth,Montana,Fact,Home Appliances,20182,58,8476.44,1,UPI,910.27
BF03970,05-04-2024,Brooke Garcia,36-45,Male,North Kaylee,Massachusetts,Loss,Electronics,7631,11,6791.59,1,Gift Card,827.65
BF03971,23-06-2024,Julie Ward,46-60,Male,New Jenna,Delaware,Image,Beauty,42139,13,36660.93,4,Cash,2252.22
BF03972,14-01-2024,Tina Gutierrez,60+,Female,Charlesland,Kentucky,With,Clothing,46512,15,39535.2,2,Credit Card,8184.65
BF03973,07-02-2024,Seth Moon,60+,Male,Erintown,Iowa,Glass,Home Appliances,44017,10,39615.3,1,Gift Card,8152.08
BF03974,04-05-2024,Robert Rodgers,18-25,Female,Joshuabury,New Mexico,Shoulder,Home Appliances,17125,12,15070,1,Gift Card,932.15
BF03975,09-08-2024,Michelle Davis,26-35,Other,South Diamond,Nebraska,Top,Beauty,7830,23,6029.1,1,Debit Card,1419.31
BF03976,20-02-2024,Joseph Evans,26-35,Female,Hilltown,Florida,Prove,Toys,15364,71,4455.56,4,Cash,787.21
BF03977,14-11-2023,David Crane,18-25,Female,South Dianeshire,Iowa,Democrat,Electronics,48484,75,12121,3,UPI,1864.77
BF03978,24-02-2024,Christine Copeland,46-60,Male,Lake Wesley,Maine,Fight,Home Appliances,24677,69,7649.87,3,Credit Card,1351.78
BF03979,07-07-2024,Brandi King,26-35,Female,Michaelburgh,South Dakota,Stop,Clothing,4351,23,3350.27,4,Gift Card,548.53
BF03980,09-01-2024,Mckenzie Soto,46-60,Male,Cohenstad,Utah,Them,Toys,5924,68,1895.68,2,UPI,114.22
BF03981,19-07-2024,Bradley Kent,26-35,Other,East Katherinetown,South Dakota,Five,Home Appliances,7771,35,5051.15,3,Gift Card,1208.37
BF03982,27-12-2023,Jeffrey Bentley,60+,Other,New Loriberg,New Hampshire,Truth,Sports,27700,55,12465,3,Gift Card,1122.83
BF03983,26-02-2024,Barbara Allen,46-60,Male,North Jessica,Georgia,Subject,Clothing,48818,50,24409,3,Cash,4200.94
BF03984,30-11-2023,Anne Cooley,26-35,Other,East Zachary,North Carolina,Remember,Clothing,24907,24,18929.32,2,Gift Card,2198.26
BF03985,20-03-2024,Sara Reeves,26-35,Other,New George,Iowa,Around,Toys,43076,76,10338.24,4,Gift Card,1612.68
BF03986,01-03-2024,Shelby Hughes,26-35,Female,Stevenfort,Iowa,No,Home Appliances,45028,21,35572.12,2,Cash,7521
BF03987,23-05-2024,Sarah Williams,26-35,Female,Gibsonfort,Oregon,Clear,Clothing,37428,38,23205.36,2,Gift Card,1708.17
BF03988,28-10-2023,Jordan May,60+,Male,South Sharon,New Mexico,Social,Clothing,20977,51,10278.73,3,Gift Card,2453.87
BF03989,18-03-2024,Sarah Lewis MD,36-45,Female,Jacobberg,Michigan,Production,Sports,7719,71,2238.51,4,UPI,552.99
BF03990,29-09-2024,Beth Bell,18-25,Other,Port Stacybury,Pennsylvania,Safe,Beauty,18455,74,4798.3,1,Cash,287.77
BF03991,12-03-2024,Diane Kemp,18-25,Female,Lake Lisa,Indiana,Least,Beauty,20816,45,11448.8,2,UPI,2060.2
BF03992,08-03-2024,Nicholas White,36-45,Male,West Nathan,North Dakota,Daughter,Electronics,35655,19,28880.55,3,Debit Card,5627.34
BF03993,18-02-2024,Brandy Hayes,26-35,Other,Bretthaven,Nebraska,Skin,Electronics,46319,28,33349.68,4,Cash,6693.16
BF03994,22-04-2024,Samuel White,60+,Other,Hayesville,Wisconsin,Choice,Home Appliances,7339,32,4990.52,3,Cash,282.5
BF03995,21-06-2024,Joel Sanchez,46-60,Other,Davisview,Maryland,Huge,Toys,13097,17,10870.51,1,Cash,1519.49
BF03996,01-02-2024,Benjamin Taylor,36-45,Male,Lake Phillip,New Mexico,Medical,Toys,23793,51,11658.57,1,UPI,1967.86
BF03997,26-07-2024,Mackenzie Murphy,36-45,Male,Carlsontown,Mississippi,Than,Home Appliances,37981,69,11774.11,3,Credit Card,2558.25
BF03998,21-05-2024,Nicholas Sandoval,26-35,Male,Martinezland,New Hampshire,Wait,Sports,11475,22,8950.5,1,Cash,748.66
BF03999,20-01-2024,Donald Oliver,36-45,Male,East Tylerton,Minnesota,Several,Beauty,29926,44,16758.56,2,Debit Card,3557.02
BF04000,09-06-2024,William Day,18-25,Female,Thomasport,Indiana,Commercial,Beauty,15462,40,9277.2,4,Credit Card,2057.07
BF04001,10-07-2024,Amber Hernandez,26-35,Female,New Dawnmouth,Florida,Window,Electronics,48214,34,31821.24,3,Cash,2702.41
BF04002,10-06-2024,Donna Smith,60+,Female,West Mary,Colorado,Condition,Beauty,30708,71,8905.32,4,Cash,460.19
BF04003,08-01-2024,Lisa Coleman,60+,Female,South Donna,Arizona,So,Beauty,43414,73,11721.78,2,Gift Card,2025.37
BF04004,25-02-2024,Ronald Smith,26-35,Male,Michaelberg,Arizona,Find,Beauty,45270,44,25351.2,1,Cash,4442.5
BF04005,25-10-2023,Francisco Mckinney,36-45,Female,Jasmineview,Minnesota,Stay,Home Appliances,18594,66,6321.96,4,UPI,655.27
BF04006,12-12-2023,Michael Moore,18-25,Female,Lindafort,Maine,Soon,Toys,20800,38,12896,1,Debit Card,1097.18
BF04007,24-05-2024,Gregory Nelson,26-35,Male,Port Matthewhaven,Nebraska,Describe,Clothing,17952,71,5206.08,4,Cash,1047.86
BF04008,18-02-2024,Amy Cervantes,46-60,Female,West Debrashire,Nevada,Approach,Sports,30841,12,27140.08,4,Credit Card,6340.88
BF04009,28-09-2024,Cindy Davenport,26-35,Other,Rogersstad,Minnesota,Total,Beauty,33074,62,12568.12,3,Gift Card,850.62
BF04010,08-09-2024,Kevin Brown,60+,Male,West Amyside,North Dakota,Near,Electronics,27524,70,8257.2,3,UPI,971.65
BF04011,06-01-2024,David Singleton,18-25,Male,New Williamshire,Montana,Improve,Electronics,4868,50,2434,1,UPI,172.64
BF04012,07-05-2024,Christopher Lawrence,36-45,Other,South Jennifertown,South Carolina,Entire,Home Appliances,8326,62,3163.88,4,UPI,307.22
BF04013,28-05-2024,Grace Cannon,36-45,Female,Berrymouth,Florida,Future,Home Appliances,4332,31,2989.08,1,Gift Card,415.16
BF04014,18-03-2024,Timothy Bell,46-60,Male,Stewartchester,Arizona,Participant,Clothing,11943,13,10390.41,3,Gift Card,1441
BF04015,09-11-2023,Melissa Day,18-25,Male,Lake Brandi,Louisiana,Dark,Sports,16006,22,12484.68,2,Credit Card,2982.62
BF04016,27-07-2024,Sarah Ramsey,36-45,Female,New Markshire,North Dakota,Everyone,Sports,41909,53,19697.23,2,Debit Card,2543.35
BF04017,23-02-2024,Dawn Norris DDS,60+,Other,Hensonstad,Massachusetts,Today,Sports,40809,44,22853.04,1,Gift Card,5030.75
BF04018,18-03-2024,Brandi Alvarez,60+,Female,Stewartton,Florida,Threat,Electronics,11700,21,9243,4,Gift Card,1278.84
BF04019,08-05-2024,Todd Gibson,36-45,Other,Port Lee,Pennsylvania,Determine,Electronics,30713,14,26413.18,2,Cash,2040.6
BF04020,03-07-2024,Terry Rollins,36-45,Male,West Robert,South Dakota,Dream,Beauty,26894,49,13715.94,4,Debit Card,2694.99
BF04021,16-08-2024,Alexander Parks,36-45,Female,New Garyfort,North Carolina,Republican,Home Appliances,31595,19,25591.95,4,Cash,4784.03
BF04022,20-12-2023,Hannah Fleming,46-60,Female,Stewarthaven,Rhode Island,Must,Sports,23290,70,6987,3,Debit Card,660.03
BF04023,16-07-2024,Eric Lynch,18-25,Male,New Amanda,West Virginia,Scientist,Home Appliances,16769,48,8719.88,4,Debit Card,1000.84
BF04024,22-08-2024,Jon Rhodes,46-60,Male,Jacksonville,Oregon,Attack,Toys,1115,64,401.4,1,Debit Card,40.12
BF04025,13-09-2024,Joe Evans,60+,Male,Alanfort,Kansas,More,Electronics,43239,63,15998.43,1,Cash,1140.01
BF04026,23-12-2023,Mary Perez,26-35,Other,Meredithberg,Virginia,Herself,Electronics,10307,28,7421.04,4,Credit Card,1643.07
BF04027,06-06-2024,John Ramsey,36-45,Other,Vegatown,South Dakota,Recent,Beauty,6404,72,1793.12,4,Debit Card,120.56
BF04028,04-06-2024,Mark Gordon,26-35,Male,East Jamesland,South Dakota,Know,Sports,4936,47,2616.08,2,Credit Card,207.16
BF04029,12-05-2024,Michelle Ramirez,46-60,Female,West Derek,Wyoming,Million,Toys,16224,44,9085.44,2,Gift Card,1434.46
BF04030,07-07-2024,Samuel Rogers,36-45,Other,West Samanthaborough,New Jersey,Store,Clothing,30423,53,14298.81,3,Cash,1471.17
BF04031,23-10-2023,Morgan Sweeney,36-45,Other,Lake Billy,Vermont,Really,Toys,20478,40,12286.8,2,Gift Card,2570.17
BF04032,25-02-2024,Michael Smith,18-25,Female,Wilsonside,Montana,Forward,Clothing,46667,31,32200.23,1,Credit Card,7770.42
BF04033,28-09-2024,Kristen Rubio MD,18-25,Other,Mitchellhaven,South Dakota,High,Clothing,22270,23,17147.9,1,UPI,3480.97
BF04034,23-07-2024,Angela Morgan,60+,Male,Michellehaven,Wyoming,Wife,Home Appliances,49341,70,14802.3,4,Credit Card,2848.2
BF04035,27-11-2023,Michael Mcdowell,46-60,Male,Woodwardfort,Maine,Walk,Toys,38889,12,34222.32,3,Cash,3112.68
BF04036,18-11-2023,Melissa Newman,46-60,Other,Kathrynchester,Connecticut,Will,Clothing,13275,21,10487.25,4,Credit Card,2339.31
BF04037,29-12-2023,Timothy Shelton,60+,Other,Julieland,South Dakota,Sometimes,Clothing,4517,31,3116.73,4,Gift Card,489.68
BF04038,13-08-2024,Shawn Paul,18-25,Female,Lewisborough,Massachusetts,Few,Electronics,16167,19,13095.27,2,Gift Card,704.03
BF04039,15-01-2024,Kathleen Norris,26-35,Male,South Robertburgh,Maryland,Provide,Clothing,23167,23,17838.59,3,Cash,3655.13
BF04040,31-01-2024,Susan Huff,18-25,Male,East Jefferyside,Georgia,Majority,Clothing,731,13,635.97,4,Gift Card,97.45
BF04041,24-12-2023,Erik Thompson,18-25,Female,West Nathan,Iowa,Seven,Toys,16350,39,9973.5,1,Cash,1785.03
BF04042,28-12-2023,Erik Pineda,18-25,Female,New Robert,Connecticut,Cause,Toys,40280,21,31821.2,3,UPI,3903.23
BF04043,18-05-2024,Ashley Bass,60+,Female,West Frederick,Hawaii,Spring,Electronics,38660,26,28608.4,2,Debit Card,2877.9
BF04044,19-10-2023,Gary Carlson,46-60,Other,North Katherinemouth,Washington,Level,Sports,8824,27,6441.52,2,Cash,1255.16
BF04045,23-07-2024,Courtney Reeves,18-25,Other,Franklinborough,New Mexico,East,Home Appliances,31965,42,18539.7,1,UPI,4040.69
BF04046,21-06-2024,Jennifer Snyder,18-25,Other,Nealbury,Ohio,Fear,Home Appliances,19314,64,6953.04,2,UPI,742.53
BF04047,02-05-2024,Sandra Miller,26-35,Female,Lake Joseph,Florida,Though,Electronics,49703,47,26342.59,3,Debit Card,4369.27
BF04048,21-12-2023,David Diaz,18-25,Female,Jamesmouth,Florida,Often,Home Appliances,42784,31,29520.96,3,Debit Card,4233.64
BF04049,23-11-2023,Abigail Mcfarland,46-60,Male,Nicoleview,Idaho,Personal,Sports,30165,73,8144.55,1,UPI,447.51
BF04050,24-10-2023,Paul Hill,46-60,Male,West Amberton,Georgia,At,Home Appliances,9774,71,2834.46,3,UPI,423.77
BF04051,25-06-2024,Audrey Cain,60+,Female,North Aaron,Georgia,Those,Home Appliances,6887,64,2479.32,3,Credit Card,199.99
BF04052,28-05-2024,Dakota Charles,26-35,Other,Justinville,West Virginia,Good,Home Appliances,23624,11,21025.36,4,Gift Card,2688.95
BF04053,08-11-2023,Tara Hill,18-25,Female,Lake Cindyview,Texas,So,Toys,28029,57,12052.47,4,Debit Card,940.17
BF04054,29-09-2024,Eric Kim,46-60,Other,South Michaelfort,Tennessee,All,Clothing,47762,52,22925.76,3,Credit Card,5168.9
BF04055,02-03-2024,Christian Foster,26-35,Other,Taylorborough,Delaware,Group,Electronics,36219,47,19196.07,3,Cash,3528.61
BF04056,09-04-2024,Logan Short,36-45,Other,South Kevinview,Hawaii,Example,Electronics,25597,70,7679.1,4,Debit Card,638.24
BF04057,25-03-2024,Caitlin Ramirez,26-35,Male,New Dianechester,Delaware,Clearly,Sports,2462,39,1501.82,4,Credit Card,358.85
BF04058,28-08-2024,Katherine Zavala,46-60,Other,New Gina,Iowa,I,Sports,15793,42,9159.94,1,Cash,873.52
BF04059,10-04-2024,Lisa Velez,46-60,Female,Zacharyside,Idaho,Relationship,Clothing,1758,68,562.56,2,Debit Card,52.11
BF04060,23-03-2024,Kayla Chan,46-60,Other,Lopezburgh,Mississippi,Art,Home Appliances,44338,24,33696.88,2,Credit Card,3963.98
BF04061,20-04-2024,Christopher Rodriguez,18-25,Male,South Lauraport,Ohio,We,Toys,24297,48,12634.44,1,UPI,765.86
BF04062,24-05-2024,Phillip Johnson,46-60,Other,Chaseville,South Dakota,Big,Beauty,3058,23,2354.66,1,Gift Card,442.62
BF04063,13-07-2024,John Robles,18-25,Other,Lynchville,Mississippi,Control,Beauty,538,21,425.02,2,Gift Card,85.17
BF04064,19-08-2024,David Mckinney,18-25,Male,Johnhaven,Missouri,How,Electronics,10397,43,5926.29,4,Cash,474.79
BF04065,08-07-2024,Theresa Bell,18-25,Female,Lake Cameronshire,Rhode Island,House,Sports,3407,69,1056.17,3,Credit Card,208.04
BF04066,29-09-2024,Carrie Walton MD,18-25,Female,Gregoryton,Iowa,Want,Sports,9727,17,8073.41,1,Gift Card,800.08
BF04067,11-06-2024,Tina Lawrence,26-35,Female,East John,Virginia,Leave,Beauty,8197,28,5901.84,1,UPI,1107.53
BF04068,20-12-2023,Renee Shaffer,36-45,Male,Russoview,Louisiana,Seek,Beauty,30958,35,20122.7,4,UPI,4882.06
BF04069,12-02-2024,Lisa Johnson,60+,Female,Kingland,Rhode Island,Answer,Home Appliances,38380,42,22260.4,1,Credit Card,4355.86
BF04070,07-06-2024,Thomas Rhodes,46-60,Other,Devinborough,Wyoming,Arrive,Sports,19218,58,8071.56,3,Gift Card,1507.75
BF04071,10-03-2024,Morgan Hodges,26-35,Other,North Maureenport,Oklahoma,Modern,Clothing,38747,23,29835.19,1,UPI,6368.3
BF04072,02-01-2024,Shannon Robles,60+,Other,Mejiafort,Vermont,Fill,Sports,11941,13,10388.67,3,Credit Card,1865.49
BF04073,28-05-2024,Joseph Tran,46-60,Other,Ashleychester,Wyoming,Example,Toys,6356,43,3622.92,3,Debit Card,664.16
BF04074,08-10-2024,Michael King,18-25,Male,South Eric,Indiana,Military,Home Appliances,35468,74,9221.68,2,Debit Card,801.03
BF04075,08-05-2024,Bruce Ramsey,26-35,Male,North Caroline,California,Early,Home Appliances,48183,57,20718.69,4,Debit Card,1686.5
BF04076,05-10-2024,John Meyer,18-25,Female,Michaelstad,Wyoming,Loss,Sports,47701,11,42453.89,3,Credit Card,3844.78
BF04077,11-06-2024,David Buchanan,60+,Female,Morgantown,Virginia,Human,Sports,7784,71,2257.36,4,Credit Card,438.27
BF04078,18-05-2024,Chad Jensen Jr.,36-45,Female,Rachaelhaven,Alabama,Market,Toys,23704,68,7585.28,1,Gift Card,850.51
BF04079,26-03-2024,David Gordon,36-45,Male,Bryanton,Nebraska,Hear,Clothing,12017,49,6128.67,2,Credit Card,1420.19
BF04080,22-04-2024,Carol Rodriguez,18-25,Female,Timothystad,Vermont,Always,Sports,12686,36,8119.04,1,Gift Card,480.4
BF04081,02-10-2024,Deborah Smith,60+,Male,Nathanielville,Tennessee,Case,Sports,18280,27,13344.4,1,Gift Card,1325.43
BF04082,12-09-2024,Aaron Hill,36-45,Female,Lake Rileyberg,Iowa,Always,Sports,37577,29,26679.67,3,Credit Card,5162.23
BF04083,16-11-2023,Pamela Moore,46-60,Female,Deanbury,Georgia,Agree,Home Appliances,7022,30,4915.4,3,UPI,380.79
BF04084,17-08-2024,Monica Davis,60+,Other,Port Diana,Kentucky,Music,Sports,33358,72,9340.24,4,Cash,2215.12
BF04085,25-01-2024,Lauren Ayala,18-25,Male,Port Diana,Utah,Store,Home Appliances,29955,76,7189.2,2,Credit Card,1589.92
BF04086,31-07-2024,Shane Gross,36-45,Male,New Emily,Pennsylvania,History,Beauty,44171,49,22527.21,3,Credit Card,4265.16
BF04087,15-07-2024,Catherine Thomas,46-60,Female,West Christopher,Texas,Provide,Toys,7553,37,4758.39,2,UPI,382.05
BF04088,08-08-2024,George Perez,46-60,Male,South Michaelshire,Massachusetts,Local,Electronics,8675,78,1908.5,2,Cash,425.16
BF04089,25-07-2024,Holly West,18-25,Female,Gutierrezport,Mississippi,At,Beauty,30949,77,7118.27,1,Debit Card,474.89
BF04090,13-07-2024,Michael Brooks,36-45,Male,Lake Kimberly,New Mexico,Blood,Home Appliances,44204,66,15029.36,3,Credit Card,1389.81
BF04091,03-04-2024,Brian Spencer,26-35,Male,Thomasview,Missouri,His,Sports,6035,56,2655.4,1,Cash,145.47
BF04092,31-07-2024,Yolanda Martinez,36-45,Male,Port Sarah,North Dakota,Sell,Toys,34520,21,27270.8,3,Gift Card,4000.7
BF04093,09-12-2023,Laura Hoover,60+,Female,East Nicholasfurt,West Virginia,Today,Sports,25272,32,17184.96,2,UPI,2906.86
BF04094,07-12-2023,Michael George,36-45,Male,Kramerhaven,Alaska,Top,Electronics,49326,28,35514.72,2,UPI,5672.54
BF04095,09-06-2024,Adam Owens,46-60,Other,Roberttown,Wyoming,World,Toys,27475,38,17034.5,1,Gift Card,2317.65
BF04096,04-09-2024,Mr. Ronald Wright DVM,36-45,Other,Angelaport,Idaho,Necessary,Sports,21850,47,11580.5,2,Cash,1904
BF04097,20-06-2024,Darlene Espinoza,60+,Other,Jonathanfort,Tennessee,Although,Electronics,33556,49,17113.56,1,Debit Card,4102.49
BF04098,08-12-2023,Mrs. Laura Patterson MD,36-45,Male,Danielleview,Minnesota,Herself,Sports,13152,27,9600.96,1,Cash,1308.61
BF04099,13-09-2024,Jacob Malone,18-25,Female,Nancybury,Arkansas,Big,Sports,15797,50,7898.5,2,Gift Card,846.79
BF04100,01-12-2023,Linda Tucker,60+,Other,Sheltonchester,Louisiana,Reality,Electronics,45310,64,16311.6,3,Credit Card,3753.13
BF04101,03-04-2024,Heather Scott,26-35,Male,Shafferton,Nebraska,Smile,Home Appliances,13734,52,6592.32,4,Debit Card,493.1
BF04102,27-04-2024,Andrew Wilson,26-35,Female,South Stephenville,New York,Idea,Home Appliances,22213,26,16437.62,3,Debit Card,2890.94
BF04103,01-08-2024,Stephen Allen,26-35,Other,Lake Justin,Kentucky,Anything,Sports,14066,28,10127.52,2,UPI,1445.21
BF04104,05-09-2024,Gregory Ford,36-45,Other,North Melissa,Arizona,Responsibility,Sports,14168,56,6233.92,1,Debit Card,1276.26
BF04105,23-12-2023,Jennifer Taylor,46-60,Female,Bakerland,South Dakota,Board,Clothing,45357,28,32657.04,1,Gift Card,4379.36
BF04106,19-05-2024,Joseph Green,36-45,Female,West Thomas,California,Level,Clothing,30617,68,9797.44,3,Credit Card,2048.08
BF04107,11-02-2024,Carlos Contreras,46-60,Other,Lovestad,Indiana,Address,Toys,29306,62,11136.28,3,Gift Card,853.44
BF04108,23-10-2023,Adrienne Webb,26-35,Male,Bryanstad,Colorado,Security,Sports,48814,31,33681.66,4,Debit Card,5484.91
BF04109,05-12-2023,Christopher Bird,26-35,Male,Warrenland,North Carolina,Answer,Electronics,11719,47,6211.07,2,UPI,824.81
BF04110,02-03-2024,Heather Frey,26-35,Female,West Rachel,Pennsylvania,Population,Sports,16636,62,6321.68,3,Cash,426.7
BF04111,06-02-2024,Amber Davis,46-60,Other,Josephmouth,Hawaii,Blood,Sports,2457,36,1572.48,3,Cash,182.21
BF04112,28-01-2024,Megan Harper,26-35,Other,Lake Kevinchester,California,Serve,Toys,35447,51,17369.03,1,UPI,1440.29
BF04113,26-03-2024,Robert Martinez,60+,Male,Stantonfort,Arizona,Especially,Toys,8492,75,2123,1,Credit Card,149.96
BF04114,17-02-2024,Amber Smith,46-60,Male,Port Deborahfort,Iowa,Walk,Home Appliances,24998,36,15998.72,1,Gift Card,3982.71
BF04115,11-08-2024,Shelby Patrick,46-60,Male,Mccluretown,Kansas,Not,Beauty,29753,21,23504.87,4,Cash,2289.56
BF04116,27-12-2023,Jacqueline Benton,46-60,Female,Hawkinsstad,North Dakota,Long,Beauty,31933,38,19798.46,1,Gift Card,2453.75
BF04117,02-04-2024,Michael Willis,60+,Male,Lake Joseph,West Virginia,Street,Sports,8773,11,7807.97,4,Cash,1293.9
BF04118,10-08-2024,Emily Anderson,18-25,Male,Lake Samantha,Utah,Smile,Clothing,1211,58,508.62,2,UPI,122.25
BF04119,29-04-2024,Christopher Taylor,36-45,Male,Carlosborough,Colorado,Bed,Toys,13848,22,10801.44,1,Credit Card,1763.52
BF04120,04-09-2024,Dr. Tiffany Smith DDS,26-35,Male,Booneburgh,Mississippi,Either,Clothing,49070,64,17665.2,3,Debit Card,2215.74
BF04121,23-09-2024,Kathryn Cisneros,36-45,Other,Ashleychester,West Virginia,Nice,Electronics,21497,57,9243.71,3,UPI,1472.09
BF04122,07-12-2023,Walter Smith,46-60,Female,Higginsberg,Louisiana,Effort,Beauty,46503,65,16276.05,4,Debit Card,1682.38
BF04123,06-07-2024,Katelyn Vang,26-35,Female,Tammyhaven,Rhode Island,Want,Clothing,10193,14,8765.98,4,Cash,651.63
BF04124,27-08-2024,Lisa Henderson,36-45,Male,Port Catherine,Texas,Avoid,Toys,34973,17,29027.59,2,UPI,5079.39
BF04125,30-07-2024,Karen Cameron,46-60,Male,Harperbury,New Mexico,Part,Clothing,32463,20,25970.4,4,UPI,3886.8
BF04126,03-07-2024,Jamie Randall,60+,Other,Mcintoshmouth,Minnesota,Become,Sports,9620,73,2597.4,2,Debit Card,157.03
BF04127,30-06-2024,Mary Hill,46-60,Other,Lisashire,Idaho,Series,Sports,24270,38,15047.4,2,Cash,2955.02
BF04128,27-08-2024,Carol Miller,18-25,Other,Lopezmouth,West Virginia,Difficult,Toys,32347,64,11644.92,3,Gift Card,2101.88
BF04129,10-03-2024,Jason Edwards,46-60,Female,Jordanmouth,Rhode Island,Difficult,Toys,18611,71,5397.19,4,Cash,830.84
BF04130,09-09-2024,Sophia Walker,26-35,Male,Whitneyburgh,New York,Factor,Beauty,28058,10,25252.2,4,Gift Card,5108.03
BF04131,28-06-2024,Shawn Smith,46-60,Male,North Richard,Ohio,Agency,Beauty,24798,31,17110.62,1,Credit Card,3192.18
BF04132,08-11-2023,Gabriel Barnett,18-25,Male,Deleonside,Minnesota,Sport,Beauty,38128,11,33933.92,3,Credit Card,6644.89
BF04133,10-12-2023,Stacy Chase,36-45,Female,East Tony,Kansas,Beat,Electronics,3275,11,2914.75,1,Credit Card,193.84
BF04134,01-03-2024,Alan Stone,18-25,Other,Austinchester,Arizona,Him,Clothing,36577,33,24506.59,4,UPI,2290.46
BF04135,04-07-2024,Carolyn Lawrence,26-35,Male,North Karen,Hawaii,Heart,Toys,41741,16,35062.44,3,Gift Card,5466.96
BF04136,28-12-2023,Joshua Contreras,46-60,Female,Patriciaton,South Dakota,Term,Home Appliances,5098,28,3670.56,2,Credit Card,275.54
BF04137,25-08-2024,Russell Rodriguez,26-35,Female,South John,Rhode Island,Both,Toys,30347,21,23974.13,4,Gift Card,2574.16
BF04138,02-01-2024,Gary Hansen,26-35,Male,Sarahview,Wyoming,Tonight,Clothing,43522,35,28289.3,2,Credit Card,1842.37
BF04139,11-05-2024,John Davis,18-25,Female,Shafferchester,Tennessee,Building,Clothing,14875,24,11305,4,Gift Card,2242.99
BF04140,15-12-2023,Jacqueline Baker,36-45,Male,Lake Sarah,Wyoming,Follow,Beauty,24221,41,14290.39,1,Gift Card,2861.59
BF04141,02-01-2024,Jesse Reynolds,18-25,Female,North Garyville,Wisconsin,East,Sports,23223,58,9753.66,3,Cash,895.46
BF04142,07-12-2023,Sarah Snow,60+,Female,Murphyburgh,Kansas,Act,Toys,4056,28,2920.32,4,Cash,218.64
BF04143,06-05-2024,Joe Ward,18-25,Other,Lake Melissatown,Texas,Maybe,Toys,2241,28,1613.52,2,Gift Card,285.04
BF04144,03-01-2024,Lawrence Spencer,26-35,Other,Port Thomasfort,Kansas,Of,Clothing,2225,54,1023.5,3,Debit Card,127.58
BF04145,15-11-2023,Tyler Glenn,46-60,Other,South Kellieville,Maine,Concern,Electronics,3199,48,1663.48,3,Debit Card,266.93
BF04146,28-10-2023,Cindy Gonzales,18-25,Female,East Ashley,Maryland,Serve,Toys,13000,67,4290,1,Debit Card,898.31
BF04147,08-08-2024,Elizabeth Wilson,26-35,Male,New Charlesberg,Hawaii,Movie,Home Appliances,15856,65,5549.6,2,Gift Card,886.73
BF04148,13-03-2024,David Brown,46-60,Female,Wolfburgh,South Carolina,How,Toys,23757,72,6651.96,2,Cash,1349.15
BF04149,27-09-2024,Luis Reid,36-45,Other,Lake Rhondatown,West Virginia,High,Toys,3127,72,875.56,1,UPI,180.22
BF04150,24-11-2023,Juan Mcbride,18-25,Male,Lake Mitchellberg,South Carolina,Already,Beauty,30286,72,8480.08,4,UPI,1818.35
BF04151,08-09-2024,Pamela White,46-60,Other,Carlaburgh,Kentucky,Both,Electronics,1293,36,827.52,3,Debit Card,186.86
BF04152,22-10-2023,Bryan Sloan,46-60,Female,Hectorfort,New York,Book,Electronics,23285,73,6286.95,2,Cash,1381.93
BF04153,25-12-2023,Jodi Young,26-35,Other,Markbury,Colorado,Example,Clothing,15534,34,10252.44,4,UPI,2212.88
BF04154,07-06-2024,Brian Roberts,36-45,Female,North Marissa,South Dakota,Manager,Home Appliances,48507,34,32014.62,4,Credit Card,3242.46
BF04155,03-08-2024,James Kent,46-60,Male,North Danielmouth,Connecticut,Board,Clothing,30413,58,12773.46,4,Cash,1223.64
BF04156,14-02-2024,Paul Nichols,18-25,Male,Turnerport,Wisconsin,Agency,Sports,43503,64,15661.08,1,Gift Card,1354.49
BF04157,23-05-2024,Joseph Patterson,46-60,Female,Branchside,Kansas,Enough,Electronics,40126,20,32100.8,2,Credit Card,7925.16
BF04158,24-07-2024,Ronald Bass,26-35,Female,Port Kevinview,Wisconsin,Data,Clothing,43852,47,23241.56,3,Credit Card,3507.84
BF04159,25-05-2024,Jonathan Davies,46-60,Female,West Lindsey,West Virginia,Kind,Home Appliances,29467,25,22100.25,4,Gift Card,3808.05
BF04160,14-01-2024,Nicholas Foster DDS,46-60,Other,Nancymouth,Iowa,Parent,Sports,41240,12,36291.2,2,Credit Card,8420.06
BF04161,17-10-2023,Nichole Carter,36-45,Other,Kennethberg,Georgia,Show,Electronics,1352,13,1176.24,3,UPI,189.72
BF04162,04-09-2024,Kevin Bennett,18-25,Other,Lake Ashley,Texas,Agreement,Clothing,18034,65,6311.9,4,UPI,653.4
BF04163,16-10-2023,Jonathan Pearson,18-25,Male,West Christopher,Tennessee,Trade,Beauty,19799,41,11681.41,3,Gift Card,1897.29
BF04164,27-12-2023,Anthony Jones,36-45,Female,Charlesburgh,West Virginia,Really,Toys,6645,20,5316,4,Cash,1082.77
BF04165,15-06-2024,Susan Brown,26-35,Female,East Tammyberg,Hawaii,Course,Clothing,35240,61,13743.6,3,Credit Card,905.12
BF04166,15-07-2024,Sandra Joseph,18-25,Other,Lake Grantmouth,Colorado,Scientist,Electronics,9959,51,4879.91,1,Gift Card,259.4
BF04167,31-01-2024,Joseph Weaver,18-25,Male,Liufurt,Arkansas,History,Beauty,1101,79,231.21,4,Cash,15.87
BF04168,08-01-2024,Rebecca Stephens,18-25,Other,New Ashleychester,Georgia,Color,Clothing,10974,64,3950.64,4,UPI,298.35
BF04169,11-06-2024,Diana Eaton,26-35,Other,West Josephmouth,Pennsylvania,West,Electronics,10904,78,2398.88,3,Cash,146.33
BF04170,12-05-2024,Danielle Anderson,36-45,Other,North Shawnchester,Montana,Close,Toys,45103,18,36984.46,4,UPI,3160.15
BF04171,29-03-2024,Maurice Collins,18-25,Female,Reevesfurt,Minnesota,Nearly,Beauty,24032,29,17062.72,4,Cash,1393.23
BF04172,07-05-2024,Samantha Houston,26-35,Female,New Dalehaven,Texas,Material,Beauty,12434,48,6465.68,3,Gift Card,1138.4
BF04173,20-04-2024,Kyle Shaffer,36-45,Female,Harrisburgh,Michigan,Local,Electronics,23907,16,20081.88,4,Cash,3607.15
BF04174,31-05-2024,Linda Woodward,60+,Other,Newmanchester,Wisconsin,Budget,Home Appliances,23632,72,6616.96,3,Gift Card,781.59
BF04175,30-06-2024,Julie Rice,36-45,Female,Poolebury,Wisconsin,Simple,Toys,19896,37,12534.48,4,Debit Card,1011.65
BF04176,11-04-2024,Nicole Johnson,36-45,Female,Robinsonshire,Illinois,Bit,Electronics,44232,54,20346.72,2,Credit Card,3986.34
BF04177,29-10-2023,Jimmy Stevens,46-60,Female,Lucasview,Texas,Coach,Electronics,6305,18,5170.1,2,Cash,813.59
BF04178,01-06-2024,Stephen Gordon,18-25,Male,North Mikayla,Maryland,The,Toys,9881,68,3161.92,1,UPI,482.33
BF04179,23-07-2024,Sara Ferguson,18-25,Male,Amyland,Maine,Debate,Sports,33636,37,21190.68,3,Credit Card,4791.94
BF04180,28-08-2024,Erik Ramos,36-45,Female,New Cynthiafurt,North Carolina,Know,Toys,28064,38,17399.68,3,Debit Card,930.29
BF04181,24-10-2023,Jimmy Cooper,18-25,Other,Jamesshire,Idaho,Standard,Toys,47097,54,21664.62,2,Cash,4676.06
BF04182,19-04-2024,Ashley Wolf,60+,Male,Lake Amy,Texas,Responsibility,Electronics,46391,46,25051.14,3,Debit Card,1856.76
BF04183,29-09-2024,Joseph Jackson,18-25,Female,Escobarfurt,Kansas,Evening,Electronics,963,11,857.07,3,Gift Card,68.25
BF04184,06-12-2023,Jodi Morris,18-25,Female,Lake Christopher,Florida,Mrs,Clothing,45191,68,14461.12,4,Gift Card,1244.2
BF04185,12-02-2024,Amanda Dickerson,46-60,Male,Boylebury,Nebraska,Fine,Beauty,9200,67,3036,2,Gift Card,393.79
BF04186,12-11-2023,Trevor Lopez DDS,46-60,Other,Millerfurt,Colorado,Today,Toys,35590,58,14947.8,4,Cash,1692.84
BF04187,30-09-2024,Betty Fuller,60+,Other,New Ianbury,Nebraska,Which,Home Appliances,6770,42,3926.6,1,Cash,448.31
BF04188,01-07-2024,James Adams,46-60,Female,Middletonchester,Pennsylvania,Least,Home Appliances,29267,22,22828.26,2,Gift Card,5342.5
BF04189,06-02-2024,Devin Sullivan,36-45,Other,North Lauren,Kansas,Rise,Home Appliances,44671,18,36630.22,3,Gift Card,6072.13
BF04190,21-04-2024,Charles Hart,46-60,Male,Port Karenchester,Minnesota,Talk,Toys,46257,68,14802.24,1,Credit Card,1091.3
BF04191,26-09-2024,Laurie Hopkins,26-35,Other,Alanchester,Alaska,But,Beauty,40558,56,17845.52,4,Cash,2328.27
BF04192,05-11-2023,Steven Smith,18-25,Other,Lake Stephaniechester,North Dakota,Which,Home Appliances,4995,33,3346.65,3,Debit Card,647.27
BF04193,03-10-2024,Robert Day,46-60,Male,South Ivanborough,Utah,Feel,Electronics,46460,36,29734.4,2,Gift Card,6210.63
BF04194,25-03-2024,Ariel Thompson,18-25,Female,Camachochester,Montana,Thing,Home Appliances,41793,40,25075.8,4,Gift Card,3691.91
BF04195,17-11-2023,Steven Patel,60+,Female,Andersontown,New Mexico,Turn,Clothing,37366,66,12704.44,1,Cash,2432.39
BF04196,27-01-2024,Teresa Thomas,26-35,Female,Zavalaborough,Washington,Try,Home Appliances,22421,11,19954.69,4,Cash,3078.31
BF04197,02-10-2024,Russell Merritt,36-45,Other,North Gabriel,Michigan,Indeed,Electronics,7279,64,2620.44,3,Gift Card,341.06
BF04198,18-02-2024,Christine Conway,36-45,Other,Jacksonstad,New Jersey,Arm,Home Appliances,26084,44,14607.04,2,Cash,2726.37
BF04199,14-11-2023,Jacob Lloyd,60+,Female,Rhodesberg,Hawaii,Safe,Home Appliances,49889,26,36917.86,2,Gift Card,4658.54
BF04200,07-07-2024,Crystal Lopez,36-45,Female,New Mary,Hawaii,Little,Home Appliances,47468,23,36550.36,3,UPI,7580.27
BF04201,05-01-2024,Patrick Wade,26-35,Male,New Heather,Illinois,Population,Clothing,42492,25,31869,1,Gift Card,4219.78
BF04202,31-03-2024,Sandra Wilson,60+,Other,Hernandezmouth,Montana,Traditional,Clothing,37025,70,11107.5,4,Cash,1025.54
BF04203,02-10-2024,Brandon Anderson,18-25,Female,New Carlos,New Hampshire,Issue,Toys,17442,21,13779.18,3,UPI,1097.4
BF04204,03-06-2024,Denise Martin MD,18-25,Male,Valenciaville,California,World,Electronics,10848,11,9654.72,3,Credit Card,1598.57
BF04205,08-08-2024,Tina Taylor,36-45,Other,Troyshire,Indiana,Despite,Home Appliances,36376,44,20370.56,4,Gift Card,2223.38
BF04206,11-07-2024,Lori Hicks,60+,Other,West Ashley,New Hampshire,Sell,Toys,8152,20,6521.6,1,UPI,1002.06
BF04207,14-08-2024,Christopher Wade,60+,Male,West Ronaldberg,Oregon,Side,Home Appliances,12979,29,9215.09,3,Credit Card,668.61
BF04208,15-05-2024,Hannah Gardner,36-45,Male,New Eric,Hawaii,Baby,Electronics,20323,25,15242.25,4,UPI,3435.91
BF04209,09-07-2024,Marc Herring,26-35,Other,West Jessicachester,Pennsylvania,Still,Sports,11207,29,7956.97,2,Cash,1784.99
BF04210,22-11-2023,Kenneth Gonzales,36-45,Male,South Derek,Iowa,Food,Toys,24600,79,5166,2,Credit Card,663.81
BF04211,15-10-2023,Chase Ferguson,36-45,Female,South Tammyberg,Pennsylvania,Vote,Home Appliances,34914,32,23741.52,1,Cash,3613.76
BF04212,13-04-2024,Amy Henry,60+,Male,Lake Jennifer,Oregon,Partner,Sports,35355,15,30051.75,3,Credit Card,2203.97
BF04213,11-05-2024,Mario Thomas,26-35,Female,Lake Amanda,Maine,Exist,Clothing,29630,46,16000.2,1,Gift Card,2426.49
BF04214,22-01-2024,Jason Myers,60+,Male,Schultzton,Georgia,Like,Clothing,40256,79,8453.76,2,UPI,581.85
BF04215,18-12-2023,Taylor Smith,46-60,Male,Kathleenfurt,Colorado,Hundred,Toys,12817,16,10766.28,3,Debit Card,680.74
BF04216,16-06-2024,Teresa Henry,26-35,Other,New Taylor,New Mexico,Continue,Electronics,11567,49,5899.17,2,Gift Card,453.63
BF04217,28-09-2024,Shannon Chung,26-35,Male,Brettmouth,New Mexico,Stop,Clothing,7331,42,4251.98,4,Cash,232.75
BF04218,14-01-2024,Patrick Austin,60+,Male,Lake Matthew,Hawaii,Success,Toys,43413,65,15194.55,2,Cash,2208.53
BF04219,07-11-2023,Amanda Hale,60+,Male,Browntown,Massachusetts,Real,Home Appliances,9890,18,8109.8,4,Credit Card,1678.49
BF04220,07-12-2023,Kelsey Johnson,36-45,Female,Martinezburgh,Arizona,Wife,Beauty,41603,24,31618.28,2,Debit Card,2838.57
BF04221,11-02-2024,Zachary Johnson,18-25,Female,Jenniferfort,Alabama,Manager,Home Appliances,22444,62,8528.72,3,UPI,1962.48
BF04222,22-07-2024,Joshua Chan,60+,Female,West Dannyside,Nevada,Sure,Beauty,18376,64,6615.36,1,Credit Card,912.31
BF04223,09-08-2024,Cathy Anderson,18-25,Male,Pennystad,California,Statement,Electronics,32940,45,18117,3,Gift Card,2130.19
BF04224,19-07-2024,Yolanda Mckinney,26-35,Male,Port Deborahland,Vermont,Although,Home Appliances,12782,53,6007.54,4,UPI,501.26
BF04225,08-12-2023,Robin Morris,36-45,Other,Cynthiafort,Michigan,Teacher,Electronics,20275,12,17842,1,Credit Card,2926.13
BF04226,22-03-2024,Yvonne Johnson,36-45,Male,West Johnnymouth,Tennessee,Former,Sports,48766,37,30722.58,4,UPI,7313.61
BF04227,06-03-2024,Cynthia Stephenson,46-60,Female,Lake Jeffrey,Virginia,A,Toys,32037,78,7048.14,4,Debit Card,1497.39
BF04228,23-08-2024,Monica Weaver,46-60,Other,North Ryan,New Jersey,Former,Sports,45853,68,14672.96,3,Debit Card,2887.25
BF04229,13-01-2024,Mary Dean,36-45,Male,East Donald,California,Activity,Clothing,15221,47,8067.13,3,Credit Card,514.69
BF04230,19-03-2024,Gregory Bennett,60+,Male,Lewishaven,Virginia,Movie,Clothing,10426,66,3544.84,4,Cash,560.83
BF04231,18-11-2023,Sharon Phillips,18-25,Other,Carpenterberg,New Hampshire,Might,Home Appliances,11484,13,9991.08,4,Debit Card,2439.06
BF04232,11-04-2024,Jason Hoffman,46-60,Male,North Robertberg,South Carolina,Employee,Sports,31889,26,23597.86,2,Credit Card,3855
BF04233,10-07-2024,Thomas Mays,26-35,Female,New Kevin,Kansas,Movie,Home Appliances,27871,17,23132.93,1,UPI,2806.59
BF04234,28-03-2024,John Ponce,18-25,Female,Ellisburgh,Michigan,Hundred,Sports,14140,39,8625.4,1,Debit Card,714.5
BF04235,02-01-2024,Jenna Mata,36-45,Female,North Brentport,California,Drop,Beauty,36921,29,26213.91,4,UPI,5591.9
BF04236,27-01-2024,Dr. Emily Martin,60+,Male,Sawyerton,Mississippi,Standard,Home Appliances,22114,31,15258.66,1,UPI,798.3
BF04237,27-06-2024,Walter Jones,26-35,Male,Lake Derek,Alaska,Rise,Electronics,18455,13,16055.85,2,UPI,2950.9
BF04238,10-07-2024,David Stokes,18-25,Other,Stephanieton,Maine,Quite,Sports,11102,24,8437.52,3,Debit Card,508.86
BF04239,18-01-2024,Brenda Parker DVM,46-60,Other,Tammyfort,Iowa,Catch,Toys,17660,55,7947,4,Debit Card,1888.4
BF04240,06-10-2024,Marie Burke,36-45,Other,Smithton,Massachusetts,Will,Beauty,39704,26,29380.96,1,Debit Card,6718.26
BF04241,29-04-2024,Rebecca Benton,60+,Other,Mosleyview,South Dakota,Available,Sports,8757,16,7355.88,2,Credit Card,1569.3
BF04242,13-11-2023,Kimberly Baldwin,60+,Female,Jillianview,Missouri,Property,Beauty,38584,14,33182.24,1,Debit Card,1833.61
BF04243,27-06-2024,Edward Chapman,60+,Female,North Jessicafort,South Dakota,Sign,Clothing,23071,60,9228.4,2,Cash,2235.33
BF04244,27-11-2023,Chelsea Brown,46-60,Other,Lake Christieton,Wisconsin,Full,Beauty,38433,42,22291.14,1,Debit Card,3370.03
BF04245,28-11-2023,Christina West,36-45,Female,Port Jessicamouth,Rhode Island,Story,Sports,47317,11,42112.13,2,Gift Card,4012.68
BF04246,01-09-2024,Derrick Liu,18-25,Male,New Felicia,Florida,Society,Sports,33025,23,25429.25,1,Cash,3942.6
BF04247,03-06-2024,Susan Thomas,46-60,Male,West Amanda,Alabama,Least,Sports,35780,18,29339.6,4,Cash,3056.26
BF04248,13-10-2023,Barry Goodwin,18-25,Other,West Isabella,Nebraska,Born,Clothing,6168,78,1356.96,4,Gift Card,182.06
BF04249,26-08-2024,Mark Dixon,18-25,Female,Port Chelseabury,Ohio,Care,Home Appliances,4574,43,2607.18,1,Gift Card,392.61
BF04250,26-06-2024,Brian Pope,46-60,Female,South Kari,Michigan,Strategy,Electronics,48982,71,14204.78,2,UPI,1326.28
BF04251,28-11-2023,Nicole Turner,26-35,Male,New Ginaview,Minnesota,Matter,Clothing,26720,35,17368,4,Credit Card,2141.49
BF04252,08-01-2024,Laura Rodriguez,60+,Male,Jonesmouth,Indiana,Family,Clothing,13462,48,7000.24,1,Gift Card,1410.89
BF04253,10-03-2024,Tiffany Reid,46-60,Female,East John,New York,Sound,Beauty,3509,62,1333.42,4,Debit Card,128.59
BF04254,15-01-2024,Elizabeth Sims,18-25,Other,North Johnathan,Massachusetts,Other,Beauty,42035,26,31105.9,1,Credit Card,5080.08
BF04255,22-05-2024,Jeanette Morgan,60+,Other,South Jenniferfurt,Nevada,Because,Sports,14769,76,3544.56,4,Debit Card,342.76
BF04256,04-10-2024,Jason Frederick,18-25,Male,West Brandon,West Virginia,Wonder,Home Appliances,21372,60,8548.8,3,Cash,1368.66
BF04257,02-09-2024,Samantha Mckinney PhD,18-25,Other,West Feliciaville,Illinois,Seek,Home Appliances,44396,56,19534.24,4,Cash,1596.1
BF04258,17-04-2024,Kimberly Stein DVM,60+,Female,North Darren,Arizona,Also,Toys,25611,37,16134.93,2,Credit Card,3479.09
BF04259,11-11-2023,Seth Morgan,36-45,Male,Yangbury,West Virginia,Face,Clothing,18785,73,5071.95,3,Gift Card,321.24
BF04260,05-11-2023,Michelle Roach,36-45,Female,East Denise,New York,Local,Toys,44719,16,37563.96,1,UPI,9313.72
BF04261,15-02-2024,Brian Webster,26-35,Male,Ramirezshire,California,Word,Toys,22065,28,15886.8,3,UPI,3010.39
BF04262,24-02-2024,Steven Rasmussen,26-35,Female,Robertsstad,Virginia,Attorney,Sports,19312,30,13518.4,4,Credit Card,929.58
BF04263,03-05-2024,Kimberly Estrada,26-35,Male,Farmerstad,Florida,Investment,Sports,20396,55,9178.2,3,Credit Card,914.02
BF04264,12-06-2024,Rachel Morgan,26-35,Other,North Justin,Alaska,Current,Electronics,19474,75,4868.5,2,Cash,869.57
BF04265,07-11-2023,Michael Zavala,46-60,Other,North Susan,Washington,Condition,Beauty,41785,21,33010.15,1,UPI,5846.72
BF04266,11-06-2024,Jason Murphy,26-35,Other,Port Anna,Arkansas,Weight,Toys,5047,31,3482.43,2,UPI,404.63
BF04267,02-06-2024,Kimberly Bell,26-35,Other,Beckland,Oklahoma,Third,Home Appliances,39698,15,33743.3,1,Cash,6494.56
BF04268,28-08-2024,Danielle Harris,36-45,Male,Jameshaven,Florida,Music,Home Appliances,35768,17,29687.44,1,Gift Card,4537.73
BF04269,10-04-2024,Suzanne Murray,26-35,Other,South Diane,Delaware,Occur,Clothing,22822,10,20539.8,2,Gift Card,4172.38
BF04270,11-06-2024,Kimberly Lopez,26-35,Other,Benjaminview,Florida,Book,Clothing,16844,55,7579.8,3,Debit Card,801.24
BF04271,03-01-2024,Jessica Andrade,36-45,Male,East Jacobshire,North Carolina,Degree,Home Appliances,10218,77,2350.14,2,Credit Card,135.03
BF04272,19-08-2024,John Williams,36-45,Female,Rodriguezside,West Virginia,Republican,Toys,15288,24,11618.88,2,UPI,2332.42
BF04273,24-12-2023,Michael Terry,26-35,Male,Lake Jason,North Carolina,Create,Sports,27144,24,20629.44,3,UPI,4085.39
BF04274,05-08-2024,Cole Vaughn,46-60,Male,Benjaminhaven,Utah,Last,Electronics,2145,39,1308.45,3,Debit Card,139.65
BF04275,29-09-2024,Ryan Anderson,18-25,Other,West Aprilville,Maine,Man,Beauty,37730,21,29806.7,3,Cash,4029.73
BF04276,14-06-2024,Brittany Moore,46-60,Female,Michaelville,Illinois,Method,Home Appliances,26492,40,15895.2,2,Gift Card,2414.84
BF04277,23-10-2023,Michael Moreno,60+,Other,Alexanderfurt,New Jersey,Here,Beauty,12041,43,6863.37,4,Gift Card,567.94
BF04278,11-02-2024,Kelli Barber,46-60,Male,South John,Arizona,Already,Beauty,37067,10,33360.3,1,Cash,3095.1
BF04279,30-07-2024,Thomas Romero,18-25,Female,North Kathrynburgh,South Dakota,Ask,Sports,11198,41,6606.82,3,Debit Card,1047.34
BF04280,04-01-2024,Joshua Bates,60+,Other,East Williamport,Nevada,Away,Clothing,37948,28,27322.56,2,Cash,1579.33
BF04281,31-07-2024,Michael Jensen,18-25,Other,Kimberlyborough,Georgia,Perhaps,Home Appliances,43608,34,28781.28,1,Credit Card,7138.68
BF04282,23-10-2023,Gary Avila,60+,Male,Gilmoreborough,North Carolina,Pull,Toys,11651,58,4893.42,1,Credit Card,701.62
BF04283,26-10-2023,Megan Brown,60+,Male,Salazarborough,Alaska,Get,Beauty,47608,69,14758.48,3,Gift Card,1713.86
BF04284,02-05-2024,Julie Mills,26-35,Male,Mcmillanhaven,Arizona,Last,Toys,46873,21,37029.67,3,Gift Card,7501.67
BF04285,19-10-2023,Angela Taylor,60+,Male,Howardton,Montana,Environmental,Toys,14616,61,5700.24,3,UPI,326.07
BF04286,21-06-2024,Travis Martin,36-45,Female,South Johnathan,New Hampshire,Responsibility,Home Appliances,15931,32,10833.08,3,Credit Card,1756.22
BF04287,18-12-2023,Ann Tran,18-25,Male,North Leslieton,Florida,Under,Sports,48945,71,14194.05,3,Cash,994.88
BF04288,27-07-2024,Kevin Cordova,60+,Female,Whitneyshire,West Virginia,Represent,Beauty,2375,66,807.5,3,Debit Card,71.04
BF04289,26-07-2024,Derrick Alexander,60+,Male,West Charlesland,Hawaii,Institution,Beauty,49560,61,19328.4,2,Cash,4384.02
BF04290,29-10-2023,Evan Williams,46-60,Other,Lake Sharon,Mississippi,Question,Electronics,12281,63,4543.97,1,UPI,680.81
BF04291,10-03-2024,Jason Hamilton,26-35,Male,Cameronbury,Missouri,Worker,Toys,43248,51,21191.52,2,Credit Card,2924.21
BF04292,14-01-2024,Justin Sanford MD,46-60,Female,Mcintyrestad,New York,Customer,Beauty,45428,71,13174.12,1,Credit Card,1583.52
BF04293,20-07-2024,Brandon Anderson,46-60,Other,Garciabury,Iowa,May,Home Appliances,12915,73,3487.05,3,Gift Card,429.83
BF04294,10-08-2024,Christine Foster,46-60,Other,Pricefort,Ohio,Yet,Toys,911,53,428.17,3,Debit Card,55.06
BF04295,14-04-2024,Stephanie Anderson,18-25,Other,Coxfurt,Wisconsin,Class,Toys,15359,59,6297.19,4,UPI,1541.29
BF04296,31-12-2023,Jeffrey Adams,26-35,Female,South Danatown,Nevada,What,Home Appliances,23066,43,13147.62,1,Cash,719.48
BF04297,14-12-2023,Jonathan Hudson,36-45,Other,Hesterbury,New York,Where,Clothing,18489,79,3882.69,1,Gift Card,544.73
BF04298,29-06-2024,John Vang DVM,60+,Male,Amyside,Mississippi,Today,Home Appliances,47137,52,22625.76,2,Credit Card,2148.07
BF04299,05-10-2024,Glenda Ramirez,46-60,Female,Knightside,Montana,Small,Sports,4419,76,1060.56,3,Debit Card,212.94
BF04300,07-06-2024,Jacqueline Wilson,18-25,Other,Lake James,Ohio,Soon,Clothing,23013,51,11276.37,1,Cash,788.54
BF04301,25-05-2024,Amy Kidd,36-45,Female,West Kent,North Dakota,Movie,Clothing,49466,15,42046.1,2,Debit Card,8247.44
BF04302,12-07-2024,Christopher Hernandez,36-45,Other,Morrisshire,Wyoming,Recent,Electronics,43128,47,22857.84,4,Credit Card,1700.25
BF04303,07-07-2024,Robert Banks,60+,Female,West Stephanieville,Montana,About,Electronics,22256,30,15579.2,4,Cash,930.67
BF04304,01-02-2024,Thomas Ibarra,60+,Female,North Lawrencemouth,Oregon,Growth,Beauty,38742,29,27506.82,1,Debit Card,4562.99
BF04305,09-09-2024,Mr. Brandon Turner,60+,Other,Port Dorothymouth,Rhode Island,Computer,Toys,28740,21,22704.6,4,Cash,2135.73
BF04306,09-12-2023,Julie Johnson,60+,Female,Matthewshire,Oklahoma,Beat,Beauty,47097,27,34380.81,2,Debit Card,5081.61
BF04307,20-06-2024,Edward James,60+,Male,Lawrenceshire,Alaska,West,Home Appliances,13894,22,10837.32,1,Debit Card,2120.56
BF04308,24-01-2024,Angela Velasquez,36-45,Male,North Kevinshire,Colorado,Real,Toys,35781,70,10734.3,2,Debit Card,1091.64
BF04309,12-02-2024,Zachary Johnson,18-25,Male,Robinmouth,West Virginia,Pay,Home Appliances,41194,55,18537.3,3,UPI,2828.39
BF04310,01-02-2024,Melinda Jackson,26-35,Other,Johnsonshire,Texas,Second,Sports,29511,46,15935.94,4,Debit Card,3089.18
BF04311,17-02-2024,Kathryn Burton,36-45,Female,New Jasonland,Florida,Production,Sports,38607,38,23936.34,1,Cash,5103.84
BF04312,04-04-2024,Samantha Nash,46-60,Other,East Katrinafurt,California,Including,Clothing,43801,57,18834.43,3,Cash,3470.26
BF04313,03-04-2024,Philip Clark,26-35,Female,West Alexamouth,Oklahoma,Note,Sports,35023,34,23115.18,3,Debit Card,4194.43
BF04314,08-06-2024,Susan Henderson,18-25,Other,Andrealand,Delaware,Very,Electronics,38341,29,27222.11,3,Debit Card,4824.39
BF04315,17-03-2024,Lynn Johnson,18-25,Female,Whitetown,Texas,Answer,Sports,42253,46,22816.62,2,Cash,3772.8
BF04316,17-03-2024,Christopher Peters,60+,Female,Robertberg,Connecticut,Discussion,Home Appliances,39759,40,23855.4,2,Cash,4966.05
BF04317,02-09-2024,Kathleen Jenkins,36-45,Female,South Monicaton,Oregon,Act,Electronics,16268,37,10248.84,3,Cash,534.24
BF04318,06-08-2024,Tommy Warren,36-45,Female,Jacquelineville,Montana,Speak,Clothing,38481,15,32708.85,3,Gift Card,4408.86
BF04319,18-11-2023,Jennifer Walton,36-45,Female,West Ronaldmouth,Utah,Bill,Electronics,30166,34,19909.56,1,Cash,2675.09
BF04320,05-03-2024,Michael Love,26-35,Other,West Leonardfurt,Texas,Wonder,Clothing,47595,74,12374.7,1,Cash,1189
BF04321,01-10-2024,Carrie Norris,36-45,Female,South Allisonborough,New Hampshire,Not,Clothing,35157,26,26016.18,2,Gift Card,5322.83
BF04322,29-02-2024,Elizabeth Miller,36-45,Other,Nicholsville,Delaware,Rather,Beauty,27088,62,10293.44,1,Gift Card,1302.75
BF04323,02-04-2024,Cheryl Sanchez,60+,Female,South Nicole,Arkansas,Office,Beauty,47604,32,32370.72,4,UPI,3923.48
BF04324,15-12-2023,Brett Dean,60+,Female,Christophershire,Mississippi,Cut,Home Appliances,28173,11,25073.97,2,Debit Card,5710.29
BF04325,03-07-2024,Deborah Sexton,60+,Male,West Michael,Louisiana,Dog,Electronics,29809,54,13712.14,1,Gift Card,1636.11
BF04326,16-01-2024,Mackenzie Stein,18-25,Female,South Melissamouth,New Mexico,Various,Beauty,26012,37,16387.56,1,Cash,2461.14
BF04327,13-11-2023,Mrs. Penny Harris,46-60,Male,West Rebeccafurt,Arkansas,Ground,Clothing,31770,25,23827.5,2,Cash,3823.39
BF04328,01-03-2024,Jennifer Bell,36-45,Other,North Veronica,Kentucky,Likely,Home Appliances,32707,47,17334.71,4,Gift Card,3120.04
BF04329,22-12-2023,Karen Henderson,60+,Male,Michaelchester,West Virginia,Team,Home Appliances,9079,79,1906.59,2,Credit Card,380.09
BF04330,01-08-2024,Donna Sanchez,60+,Female,Gailborough,New Hampshire,Camera,Clothing,26276,34,17342.16,4,UPI,3504.5
BF04331,13-05-2024,Matthew Navarro,18-25,Female,East Monica,Michigan,New,Home Appliances,45449,30,31814.3,3,Credit Card,3710.03
BF04332,08-04-2024,Gabriel Smith,60+,Male,Jeffreyport,Michigan,Last,Home Appliances,24202,31,16699.38,2,Cash,1241.5
BF04333,22-12-2023,Nancy Scott,18-25,Other,Port Johnstad,Kentucky,Relate,Electronics,47913,32,32580.84,2,Credit Card,3809.63
BF04334,01-07-2024,Edward Ramos,46-60,Male,Holmesshire,Montana,Last,Beauty,9689,64,3488.04,1,Debit Card,251.54
BF04335,28-01-2024,Katherine Munoz,26-35,Male,Courtneyfurt,Maine,Identify,Sports,10957,41,6464.63,3,Gift Card,722.7
BF04336,18-09-2024,Jeremy Vasquez,46-60,Female,West Lauraville,Alabama,Step,Home Appliances,27022,76,6485.28,2,Gift Card,1367.92
BF04337,22-11-2023,Derrick Gonzalez,26-35,Other,Shawnaland,Oklahoma,Test,Toys,33212,44,18598.72,3,Credit Card,2519.84
BF04338,26-06-2024,Karen Jones,18-25,Female,North Amandafort,South Dakota,Woman,Electronics,20728,39,12644.08,4,Debit Card,2848.15
BF04339,11-09-2024,Rhonda Wallace,26-35,Male,West Alexandraton,Wyoming,Change,Toys,9751,73,2632.77,4,Credit Card,586.67
BF04340,26-12-2023,Kevin Pacheco,26-35,Other,Jenniferfurt,Illinois,Consider,Toys,29233,75,7308.25,3,Credit Card,1324.2
BF04341,16-08-2024,Frank Snyder,18-25,Female,Lake Tiffany,Kentucky,Wrong,Clothing,16885,16,14183.4,2,UPI,1557.6
BF04342,31-12-2023,Erik Barnes,26-35,Other,New Heather,Connecticut,National,Toys,8321,23,6407.17,3,Cash,1124.01
BF04343,12-03-2024,Claudia Thompson,26-35,Female,Deborahtown,Colorado,Heavy,Home Appliances,48817,41,28802.03,3,Credit Card,5309.16
BF04344,20-10-2023,Justin White,36-45,Male,Roberttown,Rhode Island,How,Electronics,45453,35,29544.45,4,Gift Card,4125.1
BF04345,13-03-2024,Jonathan King,36-45,Male,Jessicaview,Massachusetts,Range,Beauty,30933,69,9589.23,4,Debit Card,2388.44
BF04346,10-10-2024,Vanessa Gonzalez,46-60,Male,Lake Anthonyhaven,California,Article,Electronics,12113,72,3391.64,1,Cash,251.09
BF04347,01-03-2024,Timothy Oconnor,36-45,Other,Dawnstad,Nebraska,Reflect,Home Appliances,13183,70,3954.9,4,Gift Card,245.13
BF04348,20-08-2024,David Garcia,46-60,Other,North Lawrence,Minnesota,Beyond,Toys,44189,42,25629.62,4,Cash,5673.37
BF04349,02-04-2024,Jack Salazar,36-45,Other,Changfort,Maryland,Than,Clothing,18189,59,7457.49,4,Gift Card,1364.02
BF04350,02-10-2024,Michael Gonzalez,36-45,Other,East Melissa,West Virginia,Old,Toys,9910,47,5252.3,2,Credit Card,588.71
BF04351,22-09-2024,Lori Molina,60+,Male,Stephanieville,Nebraska,Community,Beauty,26981,12,23743.28,4,Cash,3079.08
BF04352,15-10-2023,Alexa Rogers,26-35,Other,Sandraville,Connecticut,Result,Clothing,5393,39,3289.73,3,Cash,266.7
BF04353,23-09-2024,Ms. Amanda Contreras,26-35,Male,Port Marie,Maryland,Should,Home Appliances,10654,26,7883.96,2,Cash,1847
BF04354,20-08-2024,Jessica Black,60+,Male,Port Melissaview,Kansas,Sense,Beauty,6094,72,1706.32,3,Cash,356.37
BF04355,24-10-2023,Cheryl Forbes,26-35,Male,East Jason,Idaho,Late,Electronics,33611,67,11091.63,3,Gift Card,2179.2
BF04356,28-10-2023,Russell Nguyen,46-60,Female,East Jillland,Wyoming,Fear,Home Appliances,38160,60,15264,1,UPI,3461.09
BF04357,01-08-2024,William Long,60+,Male,Charlesfurt,Florida,While,Electronics,43854,52,21049.92,3,Gift Card,4185.13
BF04358,24-10-2023,Monica Mclaughlin,18-25,Female,Hayesport,Pennsylvania,During,Sports,20962,39,12786.82,1,Credit Card,3045.39
BF04359,07-08-2024,Eddie Ryan,26-35,Female,Frostside,Maryland,Attorney,Toys,37491,30,26243.7,4,Gift Card,1784.18
BF04360,06-08-2024,Robert Rosales,18-25,Other,Crossfurt,Washington,Different,Toys,18664,13,16237.68,2,Gift Card,2944.41
BF04361,21-12-2023,Kelly Navarro,46-60,Male,Rebeccashire,North Carolina,Rather,Electronics,40787,65,14275.45,2,UPI,1918.89
BF04362,17-01-2024,Heidi Whitehead,26-35,Female,Erikamouth,Arkansas,Company,Beauty,24587,32,16719.16,2,Debit Card,2232.95
BF04363,08-09-2024,Brian Conley,46-60,Male,North Leslie,Pennsylvania,Similar,Toys,34503,22,26912.34,3,Debit Card,2817.51
BF04364,13-09-2024,Richard Rivera,46-60,Other,Annaport,New York,Trade,Clothing,31140,61,12144.6,4,Debit Card,2092.45
BF04365,21-02-2024,Melissa Kelley,18-25,Other,Grayside,Delaware,Let,Home Appliances,15927,66,5415.18,3,Debit Card,380.72
BF04366,01-08-2024,Charles Brock,26-35,Other,Barrbury,New Hampshire,Size,Electronics,32890,37,20720.7,2,Gift Card,1351.37
BF04367,26-03-2024,Tina Martinez,18-25,Other,North Lindastad,New Mexico,Best,Beauty,42728,14,36746.08,3,UPI,7593.89
BF04368,07-02-2024,Sheryl Ramirez,36-45,Other,Christophermouth,Arizona,Pass,Electronics,46825,36,29968,4,UPI,3942.39
BF04369,01-10-2024,Brittney Davis,60+,Male,Port Robertstad,Wisconsin,Condition,Sports,8976,22,7001.28,4,Cash,1218.27
BF04370,13-09-2024,William Brown,26-35,Other,Lake Rhondahaven,West Virginia,Bring,Beauty,28145,12,24767.6,3,Credit Card,3027.46
BF04371,06-07-2024,Bryan White,26-35,Female,New Kyle,Louisiana,Oil,Sports,5443,10,4898.7,3,Gift Card,1139.69
BF04372,25-02-2024,Haley Wallace,26-35,Female,Ryanfurt,Kansas,Affect,Beauty,39859,55,17936.55,3,Gift Card,3227.8
BF04373,12-01-2024,Steven York,60+,Male,Port Billystad,Pennsylvania,Return,Clothing,47742,69,14800.02,2,Cash,2910.23
BF04374,27-12-2023,Brian Chavez,46-60,Male,New Mark,Wyoming,Her,Electronics,34433,43,19626.81,4,Gift Card,3805.54
BF04375,14-11-2023,Howard Chung,18-25,Other,Wendyton,Ohio,Threat,Beauty,13284,13,11557.08,3,Cash,2179.68
BF04376,28-06-2024,Donna Stevens,26-35,Female,East Michelle,Utah,After,Toys,13095,63,4845.15,3,Cash,532.82
BF04377,07-09-2024,Rachel Shah,46-60,Female,West Feliciabury,Oklahoma,Recognize,Clothing,20748,52,9959.04,2,UPI,932.41
BF04378,13-01-2024,Pamela Carter,26-35,Female,Mercerbury,California,Role,Beauty,6932,49,3535.32,2,Cash,288.49
BF04379,03-08-2024,John Moreno,46-60,Other,North Kevin,Michigan,Trip,Sports,7271,46,3926.34,3,Debit Card,384.75
BF04380,28-03-2024,Cody King,60+,Male,Kimberlymouth,Wyoming,Pick,Home Appliances,8015,23,6171.55,3,UPI,1209.21
BF04381,29-07-2024,Chad Wilson,36-45,Female,Rodriguezton,Rhode Island,Somebody,Beauty,26761,60,10704.4,3,Cash,1600.51
BF04382,27-03-2024,Ellen Luna,18-25,Other,Adamview,Montana,Future,Sports,24413,41,14403.67,2,Debit Card,848.24
BF04383,21-03-2024,Christopher Yates,46-60,Female,Mooreburgh,Oklahoma,Number,Home Appliances,7390,41,4360.1,1,Cash,260.09
BF04384,12-08-2024,Amber Escobar,18-25,Male,Meganberg,Illinois,Various,Clothing,27788,63,10281.56,4,Debit Card,1414.16
BF04385,04-10-2024,Ashley Howell,60+,Female,North Alishaborough,Hawaii,Spring,Home Appliances,22176,26,16410.24,3,Gift Card,3228.48
BF04386,08-09-2024,Derek Stevens,60+,Male,Keithfurt,West Virginia,Really,Beauty,29189,46,15762.06,1,Debit Card,3783.81
BF04387,06-04-2024,Douglas Williams,26-35,Male,Port Anne,Washington,Difficult,Clothing,6330,12,5570.4,4,Credit Card,353.47
BF04388,27-08-2024,Franklin Sims,46-60,Female,West Daniel,Illinois,Marriage,Sports,7958,10,7162.2,2,Credit Card,1613.19
BF04389,28-07-2024,Edward Wheeler,46-60,Other,South Richard,Missouri,Street,Sports,13229,53,6217.63,3,Gift Card,414.91
BF04390,28-04-2024,Brooke Hughes,26-35,Male,Williamsland,South Dakota,Family,Electronics,24872,58,10446.24,4,Debit Card,1463.82
BF04391,04-01-2024,Andrea Baker,46-60,Other,Ortizchester,Utah,Get,Electronics,18896,49,9636.96,1,Debit Card,1908.98
BF04392,13-11-2023,Michael Jackson,60+,Male,North Josefurt,Ohio,Necessary,Sports,16870,57,7254.1,4,UPI,466.5
BF04393,05-09-2024,Jonathan Miller,46-60,Other,Dawsonbury,Utah,Piece,Home Appliances,44149,12,38851.12,3,Cash,2580.37
BF04394,01-01-2024,Crystal Duncan,60+,Male,West Shari,Massachusetts,Wish,Home Appliances,35438,52,17010.24,2,UPI,1990.06
BF04395,06-08-2024,Diane Miller,46-60,Male,Estradaton,North Dakota,All,Home Appliances,34779,74,9042.54,3,Debit Card,1578.71
BF04396,22-03-2024,Shawn Patterson,46-60,Male,Andersonchester,North Carolina,Local,Clothing,17753,29,12604.63,3,Gift Card,1439.36
BF04397,25-12-2023,Carl Nguyen,18-25,Female,Evansborough,Massachusetts,General,Sports,28725,12,25278,3,Gift Card,2375.26
BF04398,07-06-2024,Marissa Anderson,18-25,Female,New Laura,Alabama,Tv,Clothing,10596,61,4132.44,2,Gift Card,253.82
BF04399,16-12-2023,Cathy Salinas,18-25,Male,West Dalebury,Missouri,Ago,Toys,37365,62,14198.7,2,Gift Card,1258.78
BF04400,24-08-2024,Anna Tran,36-45,Other,Lake Sheenamouth,Connecticut,Seat,Beauty,16547,38,10259.14,1,Gift Card,566.94
BF04401,15-08-2024,Aaron Johnson,60+,Male,Lake Johnmouth,Delaware,Car,Clothing,48386,35,31450.9,3,Credit Card,5944.72
BF04402,12-12-2023,John Booth,36-45,Male,Clarkview,Arizona,All,Electronics,11246,14,9671.56,4,Debit Card,1439.56
BF04403,22-10-2023,Dave Griffin,60+,Other,Rosalesfurt,Oregon,Understand,Sports,12685,12,11162.8,3,Gift Card,1066.43
BF04404,31-01-2024,Carol Reed,18-25,Other,New Brianburgh,Kansas,Hand,Beauty,22113,48,11498.76,1,Credit Card,1723.7
BF04405,01-03-2024,Laura Russell,26-35,Male,West Eduardomouth,Indiana,No,Home Appliances,9213,77,2118.99,1,Credit Card,276.96
BF04406,07-10-2024,Tamara Watson,36-45,Male,Torresside,New Mexico,Pick,Home Appliances,31553,60,12621.2,4,Debit Card,1967.18
BF04407,19-06-2024,Barry Rodriguez,36-45,Other,Port Katherineville,Minnesota,Worry,Clothing,13270,65,4644.5,4,Gift Card,1150.22
BF04408,10-12-2023,Edward Campbell,18-25,Male,Johnsonmouth,Oregon,Specific,Home Appliances,18517,30,12961.9,2,Credit Card,2523.85
BF04409,24-06-2024,Cody Ferguson,26-35,Other,Paulaville,Michigan,Religious,Clothing,35754,33,23955.18,1,UPI,3495.3
BF04410,22-11-2023,Michael Welch,36-45,Female,Levychester,Michigan,Know,Toys,25707,19,20822.67,1,Debit Card,1139.12
BF04411,29-09-2024,Stephanie Hardy,18-25,Female,Port Joshuamouth,Delaware,Piece,Electronics,47524,56,20910.56,3,UPI,3124.49
BF04412,17-04-2024,Aaron Carr,36-45,Other,Lake Lisa,New Jersey,While,Beauty,22626,29,16064.46,3,Debit Card,1226.77
BF04413,18-02-2024,Michael Mcneil,18-25,Male,West Johnchester,Utah,Sure,Electronics,39100,12,34408,1,Credit Card,4112.81
BF04414,20-11-2023,Eric Walker,26-35,Female,Mosesport,Alabama,Body,Home Appliances,14105,31,9732.45,2,Cash,1899.75
BF04415,17-04-2024,John Marquez,46-60,Male,Tristanmouth,Arizona,Mind,Clothing,47308,35,30750.2,1,Gift Card,3690.59
BF04416,13-04-2024,Joseph Lopez,26-35,Male,West Juanchester,Massachusetts,Town,Home Appliances,2275,73,614.25,4,Debit Card,110.68
BF04417,18-12-2023,Kelly Elliott,60+,Other,Williamsfurt,Oregon,Drop,Sports,46898,71,13600.42,4,Cash,2355.12
BF04418,26-03-2024,Matthew Morales,60+,Other,Davisville,Oregon,Happen,Toys,33566,73,9062.82,2,UPI,1854.79
BF04419,26-05-2024,Jimmy Guzman,60+,Other,Port Tonyamouth,Kentucky,Challenge,Beauty,49964,77,11491.72,4,Credit Card,1229.62
BF04420,13-05-2024,Crystal Thomas,36-45,Female,Rodriguezchester,Rhode Island,You,Electronics,48190,77,11083.7,4,Debit Card,1073.34
BF04421,06-02-2024,Anthony Williams,18-25,Female,New Erinberg,Arkansas,Push,Home Appliances,44480,13,38697.6,3,Cash,6973.93
BF04422,16-09-2024,Brett Jefferson,26-35,Female,Lake Charlotte,Massachusetts,Provide,Toys,17351,20,13880.8,4,Gift Card,3321.57
BF04423,09-10-2024,Jamie Baker,36-45,Male,North Kristinburgh,Wyoming,Will,Toys,40267,57,17314.81,4,Debit Card,1627.72
BF04424,05-07-2024,Thomas Martin,60+,Female,Andresport,Tennessee,Camera,Toys,38495,52,18477.6,4,Debit Card,1365.68
BF04425,27-07-2024,Dustin Harris,18-25,Other,Lake Kenneth,Mississippi,Get,Toys,6279,77,1444.17,2,Cash,115.89
BF04426,12-03-2024,Eric Campos,36-45,Other,Emilymouth,Illinois,Need,Electronics,45228,35,29398.2,2,Credit Card,3210.91
BF04427,20-08-2024,Adam Hunter,18-25,Female,East Michaelmouth,Maryland,Brother,Toys,3194,77,734.62,3,UPI,49.54
BF04428,12-02-2024,Joshua Ware,60+,Other,Joseville,Minnesota,Forget,Beauty,26997,75,6749.25,1,Debit Card,1122.49
BF04429,04-05-2024,Dr. Cassandra Wilson,36-45,Female,Lake Mariashire,Montana,Suffer,Electronics,45394,73,12256.38,1,Cash,2182.45
BF04430,30-07-2024,Matthew West,26-35,Female,North Walterchester,North Carolina,Plan,Electronics,48982,29,34777.22,3,UPI,3213.64
BF04431,20-06-2024,Tyler White,36-45,Male,South Ericberg,Utah,Staff,Electronics,37155,73,10031.85,1,Cash,1812.85
BF04432,29-10-2023,Jennifer Lynch,60+,Female,Conwaytown,Vermont,Word,Clothing,15555,40,9333,2,Debit Card,1913.01
BF04433,26-08-2024,Jason Small,36-45,Other,New Frederickfurt,Indiana,Guy,Beauty,22340,23,17201.8,2,UPI,2903.54
BF04434,16-11-2023,Jillian Kelly,18-25,Other,Melissatown,Arkansas,Realize,Toys,33708,50,16854,2,Gift Card,1597.4
BF04435,22-12-2023,Kevin Gray,60+,Female,Port Erin,Michigan,Capital,Electronics,38866,28,27983.52,1,Cash,3855.59
BF04436,12-09-2024,Janice Clark,26-35,Male,West Michelle,Nevada,Would,Electronics,34270,79,7196.7,1,Credit Card,1061.07
BF04437,25-04-2024,Erin Jones,26-35,Female,New Vickie,Ohio,Fill,Clothing,17670,10,15903,4,Debit Card,3340.33
BF04438,19-09-2024,Amanda Forbes,60+,Female,Lake Bryan,Vermont,Bring,Clothing,1685,15,1432.25,3,Credit Card,95.09
BF04439,12-02-2024,Daryl Jones,36-45,Female,Davidmouth,Alaska,Mission,Electronics,16161,39,9858.21,1,UPI,1973.48
BF04440,03-06-2024,Dennis Nicholson,18-25,Female,Domingueztown,Nebraska,Worker,Toys,39038,23,30059.26,2,UPI,4037.55
BF04441,06-02-2024,Andrew Rivera,60+,Other,Margaretstad,Alaska,Sell,Beauty,14077,49,7179.27,2,UPI,1675.85
BF04442,28-03-2024,Brenda Mitchell,60+,Male,East Valerie,Minnesota,Defense,Toys,25007,10,22506.3,4,Credit Card,3686.08
BF04443,17-05-2024,Amy Cannon,26-35,Male,Bowerstown,Illinois,Because,Electronics,13862,48,7208.24,3,Cash,1161.13
BF04444,30-08-2024,Bryce Floyd,18-25,Female,Ericastad,Louisiana,Provide,Clothing,21863,20,17490.4,3,Debit Card,1225.23
BF04445,28-09-2024,Michelle Bailey,18-25,Male,East William,Idaho,Light,Home Appliances,30266,12,26634.08,2,Cash,6173.65
BF04446,25-01-2024,Jeffery Parker,60+,Female,West Tonyabury,Iowa,Fast,Sports,46405,25,34803.75,4,Gift Card,1923.62
BF04447,28-11-2023,Eric Prince,18-25,Female,Lake Mark,Texas,Plan,Toys,15624,28,11249.28,3,Gift Card,1397.37
BF04448,10-10-2024,Nicole Krueger,60+,Other,Patrickton,New Jersey,Group,Sports,17016,11,15144.24,3,Cash,3125.99
BF04449,26-10-2023,Rachel Medina,36-45,Female,Wallacebury,Tennessee,Beat,Home Appliances,17716,75,4429,2,Gift Card,313.41
BF04450,16-01-2024,Phillip Moore,18-25,Female,Robertmouth,Kansas,Television,Beauty,24987,37,15741.81,4,Cash,3243.8
BF04451,31-12-2023,Ann Taylor,36-45,Other,Lindseyville,Alabama,Mission,Clothing,39767,17,33006.61,2,Gift Card,5591.92
BF04452,20-01-2024,Craig Price,60+,Other,Port Barbaramouth,Missouri,Employee,Home Appliances,33583,17,27873.89,2,Gift Card,4034.66
BF04453,28-07-2024,Laura Kemp,26-35,Other,Ellisonmouth,Oregon,Available,Toys,28979,54,13330.34,2,Credit Card,3032.47
BF04454,18-11-2023,Brandon Coleman,18-25,Male,Barreraland,Maryland,In,Sports,5534,50,2767,4,Credit Card,405.82
BF04455,12-12-2023,Gregory Rasmussen,60+,Male,South Jennifer,New York,Send,Beauty,47911,54,22039.06,1,UPI,3795.35
BF04456,28-10-2023,Patrick Walters,60+,Female,Michelleberg,Washington,Provide,Toys,28168,18,23097.76,2,UPI,2493.16
BF04457,27-04-2024,Patricia Brown,36-45,Female,Elizabethview,Idaho,Room,Beauty,35947,22,28038.66,1,Cash,5861.09
BF04458,19-03-2024,Matthew Garcia,36-45,Other,North Mariamouth,Mississippi,Themselves,Home Appliances,17318,15,14720.3,1,Gift Card,1679.79
BF04459,25-01-2024,Juan Gomez,60+,Other,Davidfort,Virginia,Seek,Sports,31282,38,19394.84,4,UPI,2108.7
BF04460,23-02-2024,Cathy Clark,18-25,Male,North Brandi,Maryland,Film,Electronics,15525,32,10557,1,Cash,818.22
BF04461,02-02-2024,Danny Thompson,26-35,Female,North Rebecca,Ohio,According,Electronics,44881,39,27377.41,3,Credit Card,2577.73
BF04462,17-07-2024,Cindy Richards,18-25,Female,Alexanderburgh,West Virginia,Future,Toys,844,64,303.84,1,Credit Card,66.69
BF04463,30-01-2024,Melissa Howard,60+,Other,Knightburgh,Connecticut,Myself,Beauty,27035,38,16761.7,3,Gift Card,3119.19
BF04464,08-02-2024,Kevin Glover,60+,Male,Dixonshire,North Carolina,Probably,Beauty,33069,30,23148.3,2,Credit Card,1804.72
BF04465,04-12-2023,Mary Martinez,46-60,Male,West Crystal,Indiana,Public,Toys,49068,67,16192.44,4,Gift Card,2497.41
BF04466,27-03-2024,Timothy Pham,36-45,Male,Lake Amyshire,Montana,Conference,Toys,2145,16,1801.8,1,Gift Card,353.45
BF04467,08-12-2023,Sherry Moon,26-35,Female,West Debra,Wyoming,Machine,Toys,8207,32,5580.76,3,Gift Card,285.67
BF04468,30-10-2023,Sara Rodriguez,18-25,Other,West John,Massachusetts,Performance,Home Appliances,40137,14,34517.82,2,Gift Card,5151.52
BF04469,10-11-2023,Patricia Stevenson,46-60,Other,Gilesland,Arizona,Food,Electronics,41876,76,10050.24,1,Gift Card,635.61
BF04470,23-03-2024,Nathaniel Jones,46-60,Male,Gomezbury,Maryland,Attorney,Electronics,15191,79,3190.11,2,Credit Card,776.46
BF04471,28-01-2024,Raymond Lee,26-35,Other,Carolinebury,Washington,Old,Beauty,42146,56,18544.24,1,Debit Card,2031.65
BF04472,23-03-2024,Gilbert Mccall,46-60,Male,Lorifurt,Florida,Lawyer,Toys,27963,47,14820.39,3,Gift Card,2874.29
BF04473,07-01-2024,David Sweeney,46-60,Male,Lake Alexandramouth,South Carolina,Traditional,Home Appliances,17719,52,8505.12,3,UPI,455.66
BF04474,11-06-2024,Laurie Briggs,18-25,Female,West Melvinmouth,Florida,Example,Clothing,41016,25,30762,3,Cash,5645.89
BF04475,21-07-2024,Juan Davidson,36-45,Male,Adamsfurt,Washington,Management,Clothing,1202,28,865.44,1,Debit Card,186.85
BF04476,31-08-2024,Kimberly French,36-45,Female,Prattland,Washington,Tell,Home Appliances,1956,56,860.64,1,Gift Card,168.4
BF04477,10-06-2024,Kayla Mckenzie,18-25,Other,Louisport,Idaho,Option,Electronics,11227,62,4266.26,4,Gift Card,995.6
BF04478,29-09-2024,Sharon Castro,60+,Other,Port Pamelamouth,Vermont,Little,Toys,39146,47,20747.38,4,Credit Card,4720.25
BF04479,27-12-2023,Tiffany Harris,46-60,Male,Lopezview,Mississippi,Treatment,Beauty,1655,41,976.45,2,Gift Card,208.05
BF04480,04-07-2024,Lauren Johnson DDS,26-35,Other,Nicholechester,Montana,Significant,Electronics,16630,51,8148.7,1,UPI,1222.54
BF04481,06-05-2024,Connor Ford,36-45,Male,Reneeton,Louisiana,Join,Home Appliances,4157,75,1039.25,3,UPI,246.65
BF04482,24-04-2024,Douglas Hernandez MD,18-25,Male,Billyfurt,Florida,Create,Clothing,36872,14,31709.92,2,Gift Card,6207.18
BF04483,20-02-2024,Alexander Chambers,60+,Female,East Williamchester,Montana,Movie,Home Appliances,28142,15,23920.7,2,Credit Card,4046.32
BF04484,19-10-2023,David Rhodes,60+,Male,South Brianmouth,Maine,Study,Toys,49364,23,38010.28,4,Credit Card,6028.42
BF04485,17-06-2024,Tiffany Bailey,46-60,Other,Morrowmouth,Wyoming,Almost,Sports,4562,50,2281,1,Cash,427
BF04486,28-06-2024,Stacey Vaughan,26-35,Other,Lake Peterchester,South Carolina,Act,Electronics,9837,31,6787.53,2,Credit Card,487.37
BF04487,04-08-2024,Carla Li,26-35,Female,Cooperberg,Vermont,Which,Home Appliances,26641,37,16783.83,2,Cash,961.66
BF04488,13-08-2024,Denise Russell,18-25,Male,Anthonyton,Arizona,He,Clothing,37272,55,16772.4,4,Cash,4106.15
BF04489,17-10-2023,Keith Hart,46-60,Other,West Tracy,West Virginia,Author,Clothing,39525,69,12252.75,3,Gift Card,2435.48
BF04490,06-08-2024,Traci Smith,60+,Female,West Virginiaborough,Alabama,Begin,Home Appliances,3063,68,980.16,4,Credit Card,127.6
BF04491,13-06-2024,Danielle Stephens,36-45,Male,Jochester,New Hampshire,Region,Home Appliances,22377,10,20139.3,4,Cash,4966.75
BF04492,13-10-2023,Susan Norman,60+,Female,North Sherryville,Mississippi,Deep,Sports,17496,38,10847.52,2,Gift Card,585.54
BF04493,02-01-2024,Erik Chambers,46-60,Female,Davisbury,Delaware,Skin,Home Appliances,34885,60,13954,3,Gift Card,2356.31
BF04494,17-10-2023,Mary Adams,36-45,Other,Kaylaberg,Arizona,Issue,Sports,24214,55,10896.3,3,Debit Card,1910.79
BF04495,09-03-2024,James Hart,18-25,Female,North Teresaside,Louisiana,Truth,Beauty,8774,18,7194.68,1,Credit Card,1379.12
BF04496,19-09-2024,Rachel Dickerson,18-25,Other,Christophertown,Utah,Certainly,Sports,27921,16,23453.64,4,UPI,2399.56
BF04497,04-07-2024,Teresa Gregory,46-60,Male,South Tasha,Kansas,Home,Home Appliances,13463,70,4038.9,2,Credit Card,377.65
BF04498,07-01-2024,Linda Robinson,36-45,Female,New Thomasshire,Michigan,Produce,Beauty,29114,13,25329.18,4,Credit Card,2360.55
BF04499,12-04-2024,Tiffany Hunt,36-45,Male,West Kennethtown,Maine,Himself,Electronics,15595,50,7797.5,1,Cash,1813.03
BF04500,05-05-2024,Nancy Taylor,36-45,Female,Pruittmouth,Tennessee,Pass,Home Appliances,32688,23,25169.76,4,Cash,3146.8
BF04501,15-12-2023,Mrs. Selena Johnson,18-25,Male,New Andrea,Connecticut,Available,Toys,16390,73,4425.3,1,Cash,753.65
BF04502,26-08-2024,Melissa Valenzuela,36-45,Female,New Sheilaton,Alabama,Rise,Toys,23874,77,5491.02,3,UPI,1235
BF04503,03-11-2023,Frank Vaughn,36-45,Female,West Amandashire,Texas,Until,Sports,947,35,615.55,2,Gift Card,109.29
BF04504,02-03-2024,Monica Duke MD,18-25,Female,Port John,Rhode Island,Apply,Clothing,13876,28,9990.72,2,Credit Card,1005.77
BF04505,26-06-2024,Jessica Jones,60+,Other,East Jenniferport,Mississippi,Dog,Beauty,21751,21,17183.29,1,UPI,3500.1
BF04506,16-06-2024,Matthew Martinez,46-60,Other,Nicolestad,Arkansas,Fight,Toys,24022,68,7687.04,1,Gift Card,698.49
BF04507,16-08-2024,Jeremy Park,36-45,Male,New Joshua,Indiana,Military,Home Appliances,40661,46,21956.94,3,Cash,2695.85
BF04508,10-01-2024,Gregory Zhang,36-45,Female,Donnaside,Minnesota,Head,Beauty,40192,11,35770.88,3,UPI,3051.11
BF04509,22-08-2024,Evan Booth,36-45,Other,Port Yolanda,South Dakota,Difficult,Beauty,39859,61,15545.01,4,Credit Card,1225.9
BF04510,01-04-2024,Debbie Clarke,60+,Male,Lake William,Idaho,Mouth,Electronics,29986,36,19191.04,3,UPI,1072.41
BF04511,20-02-2024,James Ellis,36-45,Male,Hobbsville,South Dakota,Movie,Home Appliances,48636,55,21886.2,2,Debit Card,5106.29
BF04512,11-05-2024,Robert Snow,36-45,Male,Lake Joannamouth,New Hampshire,Enter,Beauty,732,12,644.16,2,Credit Card,48.05
BF04513,22-06-2024,Sandra Perez,60+,Other,Melissaburgh,Kansas,Knowledge,Toys,30556,12,26889.28,3,UPI,5132.83
BF04514,06-03-2024,Jean Floyd,60+,Female,Collierfort,Ohio,Government,Clothing,32766,39,19987.26,2,Gift Card,3316.32
BF04515,11-05-2024,Samantha Guerra,36-45,Female,Davisport,Maryland,Figure,Sports,24975,10,22477.5,3,Cash,4209.13
BF04516,27-05-2024,Christopher Sanchez,36-45,Male,Brooksstad,North Dakota,Kitchen,Home Appliances,24646,76,5915.04,2,Credit Card,405.01
BF04517,06-08-2024,Lynn Burnett,46-60,Male,North Anthonybury,Pennsylvania,Drive,Beauty,18044,72,5052.32,4,Gift Card,450.66
BF04518,08-11-2023,Courtney Harvey,36-45,Female,Kimberlyland,Ohio,Arrive,Sports,11332,27,8272.36,1,Credit Card,805.39
BF04519,22-08-2024,Patrick Wood,36-45,Female,Taylorton,Illinois,Between,Sports,42714,37,26909.82,4,Debit Card,5982.13
BF04520,12-06-2024,Shelly Bryant,46-60,Female,East Mariastad,Indiana,Yeah,Clothing,36610,73,9884.7,3,Cash,682.57
BF04521,15-07-2024,Sarah Russell,60+,Male,Ericland,North Dakota,There,Electronics,49263,61,19212.57,2,UPI,3120.9
BF04522,15-08-2024,Michael Juarez,46-60,Female,West Franciscotown,Illinois,Side,Toys,27991,36,17914.24,1,Gift Card,2403.35
BF04523,17-02-2024,Donna Hill,26-35,Male,North Pamelaborough,Kansas,Work,Toys,8971,30,6279.7,4,Debit Card,806.94
BF04524,28-10-2023,Benjamin Wheeler,60+,Male,North Jonathanland,New Hampshire,Attack,Electronics,44283,56,19484.52,1,Cash,2170.59
BF04525,14-05-2024,Michael Hughes,60+,Male,South Jessicashire,Alaska,Him,Toys,19239,60,7695.6,3,Debit Card,479.18
BF04526,17-04-2024,Sheila Cooper,60+,Male,New Andrew,Indiana,Together,Home Appliances,49892,64,17961.12,3,Debit Card,4410.25
BF04527,08-05-2024,Albert Reyes,26-35,Male,Lake Lauren,Oregon,Movement,Clothing,7344,61,2864.16,2,Cash,383.29
BF04528,08-08-2024,Matthew Thompson,26-35,Female,Floreston,Florida,Democrat,Clothing,35123,64,12644.28,4,Cash,1727.72
BF04529,13-11-2023,Renee Diaz,60+,Other,Manningberg,Rhode Island,Assume,Toys,19580,52,9398.4,4,Debit Card,1637.99
BF04530,08-01-2024,Henry Lindsey,60+,Female,West Stephenmouth,South Dakota,Positive,Electronics,10338,31,7133.22,1,UPI,467.43
BF04531,24-09-2024,Michelle Rodgers,26-35,Other,Davidchester,West Virginia,Push,Clothing,46037,27,33607.01,1,UPI,2342.12
BF04532,03-01-2024,Jeffrey Brown,36-45,Other,Alyssahaven,Iowa,Win,Toys,29204,43,16646.28,4,UPI,3955.14
BF04533,23-03-2024,Michael Patterson,26-35,Other,West Carolinestad,Utah,Drive,Beauty,29217,61,11394.63,1,Cash,2292.4
BF04534,23-12-2023,Carla Dodson,18-25,Male,North Robert,Illinois,Make,Home Appliances,33350,47,17675.5,3,UPI,3358.68
BF04535,18-03-2024,Matthew Stanley,36-45,Female,Hardinton,Massachusetts,Production,Beauty,8517,59,3491.97,1,UPI,363.29
BF04536,23-01-2024,Austin Chandler,18-25,Other,Vazquezhaven,Iowa,Soon,Beauty,47334,37,29820.42,4,Gift Card,4261.62
BF04537,02-01-2024,Leah Mclean,18-25,Other,Annafort,Georgia,Community,Toys,1539,61,600.21,4,UPI,73.84
BF04538,12-11-2023,James Mcmahon,36-45,Male,New Kimberly,Massachusetts,At,Electronics,22109,28,15918.48,1,UPI,2374.5
BF04539,25-02-2024,Deborah Bailey,46-60,Female,Mercadobury,New Hampshire,Bed,Clothing,16923,61,6599.97,3,Credit Card,1384.22
BF04540,21-08-2024,Nicholas Olsen,46-60,Female,Rhondaburgh,Oregon,Use,Clothing,36312,65,12709.2,1,Credit Card,790.74
BF04541,21-10-2023,Benjamin Suarez,60+,Female,West Tammyview,Wyoming,President,Beauty,16274,63,6021.38,1,Cash,1385.07
BF04542,05-12-2023,Kevin Richardson,18-25,Male,West Patriciaton,Oregon,Age,Home Appliances,49168,41,29009.12,4,UPI,6128.83
BF04543,14-01-2024,Robert Morris,18-25,Other,New Nancy,West Virginia,None,Home Appliances,38925,73,10509.75,2,Debit Card,1916.82
BF04544,24-07-2024,Curtis Lawrence,36-45,Male,Dianefurt,Mississippi,Reach,Home Appliances,33750,49,17212.5,2,UPI,2540.81
BF04545,26-02-2024,Michelle Dawson,46-60,Other,East Olivia,North Dakota,Trade,Clothing,685,44,383.6,1,UPI,74.05
BF04546,31-07-2024,Johnny Foster,36-45,Male,South Samuel,Oregon,Cover,Clothing,44207,51,21661.43,2,Gift Card,1688.44
BF04547,09-05-2024,Kara Cox,60+,Male,Christinefurt,Vermont,Still,Electronics,46448,74,12076.48,4,Gift Card,1761.54
BF04548,04-05-2024,Kelly Rodriguez,26-35,Male,Wadeberg,Idaho,Side,Beauty,44729,30,31310.3,4,Cash,1914.71
BF04549,31-01-2024,Kelly Porter,46-60,Male,East Scott,Arizona,Find,Beauty,13780,46,7441.2,4,Cash,1078.77
BF04550,10-08-2024,Tina Shelton,26-35,Male,Sandersstad,Nebraska,Training,Beauty,22237,79,4669.77,1,Cash,1010.43
BF04551,24-08-2024,Tina Mcdonald,46-60,Other,South Shawnmouth,Rhode Island,Hit,Electronics,45695,20,36556,4,Debit Card,6430.49
BF04552,23-11-2023,Timothy Davis,60+,Female,New Sandra,Hawaii,Its,Electronics,9093,48,4728.36,1,UPI,575.09
BF04553,02-11-2023,Carrie Grant,18-25,Male,Stoneview,Idaho,Vote,Electronics,32767,55,14745.15,3,Gift Card,1809.51
BF04554,04-02-2024,Jason Newman,46-60,Female,Raymouth,Rhode Island,Include,Sports,49811,55,22414.95,4,Gift Card,2075.24
BF04555,17-06-2024,Kimberly Garner,26-35,Male,South Joshuashire,Iowa,One,Toys,40379,35,26246.35,2,Cash,5623.84
BF04556,18-03-2024,Dennis Murray,36-45,Male,West Thomas,Tennessee,Gun,Toys,29651,17,24610.33,3,Gift Card,4989.4
BF04557,05-01-2024,Eugene Martinez,18-25,Male,Hayeschester,Georgia,Though,Toys,20653,58,8674.26,4,Debit Card,1978.78
BF04558,25-12-2023,Susan Carter MD,46-60,Other,Port Michael,New Jersey,Soon,Beauty,7878,56,3466.32,2,Debit Card,603.76
BF04559,03-07-2024,Jennifer Gonzales,26-35,Female,Charlesport,South Dakota,Member,Sports,46714,22,36436.92,1,UPI,4629.92
BF04560,18-05-2024,Jane Robertson,18-25,Female,Lewismouth,Vermont,Take,Clothing,22596,55,10168.2,1,Gift Card,1986.96
BF04561,14-04-2024,Michael Smith,60+,Other,Fergusonport,Massachusetts,Magazine,Electronics,28815,60,11526,4,Credit Card,2020.27
BF04562,03-04-2024,Reginald Ali,18-25,Male,Port Kathrynview,Georgia,Scientist,Beauty,47130,10,42417,2,Gift Card,7913.28
BF04563,05-10-2024,Erin Saunders,26-35,Other,Whiteshire,Kentucky,In,Sports,34136,11,30381.04,3,UPI,1970.36
BF04564,31-03-2024,Taylor Escobar,60+,Female,Lake Sandra,California,Particularly,Home Appliances,44471,73,12007.17,1,Debit Card,2189.65
BF04565,08-10-2024,Eric Harris,36-45,Male,Jonathanside,Wyoming,Economic,Sports,29121,19,23588.01,3,Cash,4381.45
BF04566,31-12-2023,David Jones,36-45,Male,Boothmouth,Arkansas,Record,Beauty,48353,73,13055.31,4,Gift Card,3161.45
BF04567,25-03-2024,Lisa Johnson,36-45,Female,West Michael,Wisconsin,Situation,Beauty,27279,71,7910.91,1,Debit Card,478.88
BF04568,04-09-2024,Pamela Wood,60+,Male,Ginamouth,Connecticut,Capital,Clothing,36288,32,24675.84,1,Credit Card,1518.8
BF04569,18-06-2024,Alex Allen,46-60,Other,Greggmouth,Oklahoma,Himself,Beauty,3313,32,2252.84,1,Cash,184.59
BF04570,05-04-2024,Bradley Miller,26-35,Other,West Barbaraton,Louisiana,Decade,Beauty,23967,34,15818.22,4,Gift Card,3859.64
BF04571,21-02-2024,Jeffrey Smith,26-35,Other,Port Matthew,Virginia,Management,Sports,32829,32,22323.72,4,Debit Card,3874.47
BF04572,18-02-2024,James Johnson,36-45,Male,Lake Kimborough,Montana,These,Beauty,32131,60,12852.4,2,Cash,1013.53
BF04573,27-01-2024,Barbara Taylor,36-45,Female,Arnoldbury,Hawaii,Week,Electronics,14431,39,8802.91,3,Debit Card,1606.49
BF04574,07-02-2024,Renee Santiago,36-45,Female,North Nicholasmouth,Georgia,Some,Clothing,35776,51,17530.24,3,Credit Card,3685.13
BF04575,15-07-2024,James Martinez,60+,Other,Barbaramouth,Nebraska,Every,Home Appliances,14009,46,7564.86,1,Debit Card,583.09
BF04576,26-06-2024,David Valenzuela,46-60,Other,New Chadview,Tennessee,Heavy,Toys,35694,23,27484.38,3,Cash,3724.06
BF04577,24-02-2024,Joseph White,46-60,Other,Beardville,Kansas,Wife,Clothing,20970,79,4403.7,1,UPI,520.08
BF04578,20-03-2024,Kelsey Green,46-60,Other,Thomasburgh,Alaska,Could,Beauty,22947,13,19963.89,4,Debit Card,3697.2
BF04579,30-09-2024,Sheila Brown,46-60,Other,North Elizabeth,California,Positive,Toys,20146,43,11483.22,2,UPI,1214.28
BF04580,15-07-2024,Curtis Lewis,18-25,Male,Michaelchester,North Carolina,Democratic,Sports,23881,61,9313.59,4,Debit Card,1106.43
BF04581,29-11-2023,Amy Robinson,36-45,Male,Christopherview,California,Mind,Home Appliances,28154,27,20552.42,3,Cash,1912.79
BF04582,30-04-2024,Tina Roth,36-45,Other,New Lisa,South Dakota,Your,Beauty,8625,22,6727.5,3,Debit Card,1672.84
BF04583,08-01-2024,Timothy Davis,46-60,Other,Samuelberg,Maine,Culture,Beauty,34727,76,8334.48,2,Cash,1821.24
BF04584,22-05-2024,Wayne Price,46-60,Other,Andrewport,Indiana,Push,Home Appliances,40866,16,34327.44,3,Cash,3744.3
BF04585,13-02-2024,Valerie Miller,18-25,Female,Jacquelineside,South Carolina,Window,Sports,43287,40,25972.2,1,Cash,5339.45
BF04586,30-10-2023,Rebekah Williams,46-60,Male,North Nicholaschester,Minnesota,Model,Home Appliances,44244,58,18582.48,2,Gift Card,2434.14
BF04587,09-05-2024,Andrew Gardner,26-35,Other,Johnville,Alaska,Fire,Clothing,13935,73,3762.45,3,Debit Card,542.56
BF04588,11-03-2024,Michael Martinez,26-35,Female,New Brendamouth,Michigan,I,Beauty,42974,30,30081.8,1,Cash,4689.66
BF04589,28-01-2024,Austin Palmer,26-35,Female,Pruittside,Ohio,Positive,Beauty,2184,78,480.48,2,UPI,75.38
BF04590,27-10-2023,Mr. Jonathan Romero MD,18-25,Female,Lake Dominiqueberg,Delaware,Mrs,Toys,33833,60,13533.2,2,Cash,704.88
BF04591,23-05-2024,Sharon Wells,26-35,Female,East Andrew,Ohio,Mind,Sports,20625,43,11756.25,2,UPI,627.17
BF04592,07-11-2023,Andrew Alvarez,46-60,Female,Lake Douglasland,Wyoming,Big,Clothing,3412,30,2388.4,1,Credit Card,530.77
BF04593,22-05-2024,Dennis Joyce,36-45,Female,Port Phillipfurt,Michigan,Evidence,Electronics,45997,16,38637.48,1,Debit Card,3286.09
BF04594,17-05-2024,Michael Odom,60+,Male,Jamesfort,Illinois,Still,Home Appliances,19459,45,10702.45,2,Gift Card,2069.09
BF04595,08-05-2024,Richard Walter,36-45,Other,Christopherfurt,Texas,Manage,Home Appliances,26341,60,10536.4,4,Cash,1662.91
BF04596,04-01-2024,Melissa Shea,18-25,Female,Michaelberg,Wisconsin,When,Clothing,23357,36,14948.48,3,UPI,2306.84
BF04597,06-03-2024,Vicki Brown,60+,Other,Cookbury,Hawaii,Democrat,Toys,45077,15,38315.45,2,Gift Card,6309.18
BF04598,06-12-2023,James Wright,26-35,Other,North Angelicafort,Arkansas,Arrive,Home Appliances,1871,70,561.3,4,Gift Card,93.17
BF04599,03-04-2024,Theresa Lin,60+,Male,Lake Steve,New Hampshire,Event,Clothing,47962,26,35491.88,2,Cash,5677.06
BF04600,20-09-2024,Amanda Tapia,60+,Female,New Damon,Delaware,Here,Clothing,16777,31,11576.13,3,Debit Card,1099.66
BF04601,09-07-2024,Jason Morales,26-35,Male,Briantown,Tennessee,TRUE,Clothing,1794,52,861.12,1,Cash,136.08
BF04602,19-08-2024,Deborah Mcfarland,60+,Female,Lake Kevin,Minnesota,Listen,Clothing,37449,22,29210.22,1,Cash,1566.95
BF04603,15-12-2023,Teresa Adams,26-35,Male,West Andrew,Oklahoma,Southern,Toys,32670,27,23849.1,1,Debit Card,2217.12
BF04604,22-06-2024,Jane Baker,60+,Other,South Andrea,South Carolina,Article,Clothing,34748,24,26408.48,3,UPI,1856.4
BF04605,23-02-2024,Jamie Brown,36-45,Male,North Aaronville,Vermont,Foreign,Toys,18338,13,15954.06,3,Credit Card,2349.82
BF04606,03-10-2024,Amanda Murray,18-25,Female,Port Omar,Indiana,Blue,Sports,18620,56,8192.8,2,Credit Card,1505.18
BF04607,11-01-2024,Cristina Wagner,46-60,Other,New Nicolehaven,Texas,Fight,Electronics,2633,69,816.23,2,Debit Card,144.34
BF04608,03-09-2024,Valerie Davidson,18-25,Female,Lake Joseph,Delaware,Audience,Beauty,23789,26,17603.86,1,UPI,2608.55
BF04609,23-10-2023,Donald Reed,18-25,Female,Monroeton,Vermont,Here,Sports,26791,10,24111.9,3,Gift Card,4460.61
BF04610,03-07-2024,Daisy Lewis,60+,Male,East Samantha,Tennessee,Community,Beauty,18936,10,17042.4,1,Cash,3099.25
BF04611,18-11-2023,Christopher Lopez,36-45,Female,West Heathertown,Colorado,Continue,Home Appliances,14912,58,6263.04,1,Gift Card,508.75
BF04612,21-06-2024,Eric Henry,46-60,Male,New Hannahfort,Vermont,Agent,Electronics,15854,15,13475.9,4,Gift Card,728.3
BF04613,26-11-2023,Luis Williams,60+,Other,West Leonard,Maine,Middle,Toys,45932,79,9645.72,2,Cash,1166.21
BF04614,17-08-2024,Nicole Reid,36-45,Female,Margaretton,Idaho,Vote,Electronics,37238,65,13033.3,4,Gift Card,2229.79
BF04615,15-01-2024,James Little,36-45,Male,Jonesmouth,Tennessee,Understand,Home Appliances,41841,67,13807.53,3,UPI,3368.2
BF04616,19-09-2024,Julie Martin PhD,46-60,Other,South Christinemouth,Iowa,Writer,Electronics,23002,25,17251.5,3,Gift Card,4215.37
BF04617,20-11-2023,Adam Conway,18-25,Female,Baxterberg,Colorado,Draw,Toys,4121,57,1772.03,2,Gift Card,369.15
BF04618,28-06-2024,Lisa Huffman,46-60,Female,Robertfurt,Oregon,Along,Toys,24929,60,9971.6,1,UPI,1681.13
BF04619,30-01-2024,Patricia Rogers,46-60,Other,Dunlapside,New Hampshire,Opportunity,Home Appliances,6628,71,1922.12,4,Cash,113.3
BF04620,12-12-2023,Jacqueline Chen,26-35,Other,Sierramouth,Louisiana,Media,Sports,2079,70,623.7,2,Debit Card,134.2
BF04621,14-10-2023,Derek Sanchez,36-45,Other,East April,Colorado,Believe,Beauty,23139,67,7635.87,3,Gift Card,599.22
BF04622,15-02-2024,Thomas Morrison,46-60,Female,Port Angelaview,North Carolina,Worry,Toys,5942,67,1960.86,3,Cash,145.8
BF04623,26-08-2024,Laura Thompson,46-60,Male,Deannachester,New York,Base,Clothing,32848,55,14781.6,3,Gift Card,3507.03
BF04624,13-07-2024,Kirk Martinez,18-25,Male,West Hannahburgh,Delaware,Add,Sports,8594,19,6961.14,4,Gift Card,1091.9
BF04625,08-11-2023,Sean Flores,36-45,Female,Thompsonchester,North Carolina,At,Electronics,25783,57,11086.69,1,UPI,2235.21
BF04626,25-11-2023,Adrian Wilcox,26-35,Female,Philliptown,Tennessee,Allow,Beauty,31825,70,9547.5,3,UPI,987.4
BF04627,28-02-2024,Joshua Cain,18-25,Male,Patriciamouth,Mississippi,Fish,Home Appliances,19279,56,8482.76,3,Credit Card,1566.19
BF04628,15-11-2023,Drew Robertson,26-35,Female,Millerfurt,Delaware,Option,Clothing,17323,20,13858.4,1,UPI,1217.89
BF04629,26-07-2024,Allison Adams,26-35,Male,New Jasontown,Montana,Character,Beauty,24685,65,8639.75,3,Debit Card,2107.46
BF04630,17-01-2024,Brad Smith,36-45,Male,Munozmouth,Iowa,Writer,Toys,4631,35,3010.15,2,Debit Card,453.97
BF04631,08-07-2024,Joshua Porter,36-45,Female,South Deborahborough,Utah,Benefit,Electronics,21961,61,8564.79,2,UPI,539.05
BF04632,02-05-2024,Amanda Hays,26-35,Female,Richardton,Utah,Amount,Toys,25039,14,21533.54,3,UPI,1559.66
BF04633,24-04-2024,Kelly Mathews,46-60,Male,South Charles,Florida,Write,Toys,24154,37,15217.02,2,Cash,3511.05
BF04634,23-12-2023,Samantha Kane,26-35,Male,Virginiamouth,New York,Worry,Sports,38548,68,12335.36,3,Debit Card,2883.73
BF04635,11-08-2024,Mitchell Terrell,46-60,Other,Greentown,Virginia,Personal,Electronics,43718,20,34974.4,4,Debit Card,7519.88
BF04636,28-11-2023,Mitchell Tyler,18-25,Male,North Natasha,California,Best,Electronics,40943,54,18833.78,4,Gift Card,4492.69
BF04637,03-10-2024,Mrs. Becky Brady,26-35,Male,North Larryfort,North Dakota,For,Home Appliances,46703,27,34093.19,3,Credit Card,7278.06
BF04638,19-12-2023,Michelle Parker,46-60,Female,East Mary,Wyoming,Exactly,Home Appliances,5085,68,1627.2,2,UPI,234.38
BF04639,04-05-2024,Tara Smith,26-35,Male,North Jesse,Montana,Most,Toys,18043,44,10104.08,3,Cash,955.86
BF04640,03-10-2024,Daniel Molina,60+,Male,Amybury,Georgia,Rest,Clothing,5907,17,4902.81,1,Cash,267.37
BF04641,19-01-2024,Tamara Campbell,18-25,Male,Norrisside,Maine,Meet,Home Appliances,34997,23,26947.69,4,UPI,3306.57
BF04642,08-01-2024,Robert Smith,46-60,Other,Alvarezview,Delaware,Learn,Clothing,13358,26,9884.92,3,Gift Card,1690.82
BF04643,22-09-2024,William Rodriguez,36-45,Male,Reedmouth,Maine,Radio,Clothing,30820,27,22498.6,1,Cash,3933.58
BF04644,08-02-2024,Amy Gibson,36-45,Male,Jeremiahville,Washington,Sit,Electronics,40021,49,20410.71,2,Cash,1152.32
BF04645,05-06-2024,Thomas Jones,46-60,Male,Amandaview,Oregon,Dream,Toys,8061,70,2418.3,3,Cash,201.63
BF04646,16-01-2024,Melissa Nguyen,36-45,Male,New Michael,West Virginia,Former,Home Appliances,48629,49,24800.79,3,Gift Card,2237.35
BF04647,19-03-2024,Brooke Nguyen,46-60,Male,East Robertshire,New Jersey,Call,Sports,13011,24,9888.36,3,UPI,802.54
BF04648,27-03-2024,Derek Carpenter,60+,Male,Rodriguezland,Minnesota,Ground,Toys,46403,79,9744.63,2,Debit Card,1565.45
BF04649,02-02-2024,Nicole Adams,18-25,Female,Michaelview,West Virginia,Property,Sports,1089,58,457.38,1,UPI,39.49
BF04650,06-03-2024,Christopher Riley,46-60,Female,Lake Emilystad,Tennessee,Improve,Clothing,10612,47,5624.36,4,Cash,1215.31
BF04651,27-12-2023,Karen Berry,46-60,Female,North Patrickstad,Mississippi,Partner,Beauty,25452,12,22397.76,1,Cash,1517.19
BF04652,23-10-2023,Gabrielle Moon,46-60,Other,South Jefferyfurt,Hawaii,Manage,Sports,730,41,430.7,2,Cash,37.88
BF04653,09-10-2024,Jack Dixon,46-60,Male,Mejiachester,Nevada,Support,Electronics,38285,11,34073.65,1,Credit Card,8334.63
BF04654,12-04-2024,Martin Ross,18-25,Male,West Michaelshire,Delaware,Often,Clothing,39691,42,23020.78,2,Credit Card,1652.86
BF04655,25-05-2024,Kristy Strickland,46-60,Female,Martinezstad,North Dakota,Rise,Toys,49805,37,31377.15,4,Gift Card,4713.97
BF04656,26-07-2024,Billy Mendez,60+,Male,Leonhaven,New Jersey,Pressure,Clothing,1842,10,1657.8,4,Credit Card,287.32
BF04657,06-05-2024,Debra Lopez,36-45,Male,South Brenda,Ohio,Mother,Electronics,36103,43,20578.71,1,UPI,3951.31
BF04658,01-09-2024,Jennifer Rogers,46-60,Male,Andrewberg,Virginia,Sometimes,Toys,36517,75,9129.25,1,UPI,1194.88
BF04659,16-12-2023,Leah Robles,18-25,Female,North Christopherberg,Ohio,Culture,Electronics,22308,10,20077.2,3,Credit Card,3411.68
BF04660,19-03-2024,Kyle Tucker,26-35,Male,Calhounshire,Vermont,Speech,Clothing,6971,24,5297.96,3,Cash,1133.68
BF04661,09-12-2023,Brianna Wright,36-45,Other,Williamschester,Illinois,You,Home Appliances,25253,53,11868.91,2,Cash,1358.19
BF04662,28-04-2024,Michael Robertson,26-35,Male,South Brianview,Pennsylvania,Cost,Clothing,21799,25,16349.25,1,Debit Card,2027.39
BF04663,09-02-2024,Katie Mcdowell,60+,Male,Andreport,Nebraska,Station,Electronics,3338,61,1301.82,4,Gift Card,161.98
BF04664,05-01-2024,Chad Thompson,26-35,Other,Franklinmouth,Arkansas,Not,Sports,37151,60,14860.4,3,UPI,2774.48
BF04665,30-06-2024,Ashley Moore,18-25,Female,Port Robert,Florida,Exactly,Clothing,16268,55,7320.6,4,UPI,760.21
BF04666,13-02-2024,Alexandra Jackson,46-60,Female,New Cindy,Indiana,According,Toys,47639,57,20484.77,2,UPI,1133.38
BF04667,31-05-2024,Melanie Jenkins,18-25,Female,West Jamiestad,Hawaii,Speech,Beauty,6957,72,1947.96,3,Gift Card,329.42
BF04668,07-12-2023,Darrell Bennett,46-60,Other,New Dawnberg,Idaho,Like,Home Appliances,25799,18,21155.18,1,UPI,3176.98
BF04669,25-01-2024,Paul Vega,18-25,Female,Lake Melissabury,Arizona,Sort,Sports,49884,25,37413,1,Credit Card,3351.37
BF04670,08-12-2023,Collin Allen,46-60,Other,Evansville,Pennsylvania,Still,Beauty,34524,19,27964.44,3,Gift Card,6106.87
BF04671,21-06-2024,James Mcneil,46-60,Female,Phillipsmouth,Arizona,Price,Beauty,48584,68,15546.88,4,Credit Card,1310.46
BF04672,19-06-2024,Douglas Rodriguez,26-35,Other,Wallacefurt,Oregon,Sell,Sports,33734,45,18553.7,1,UPI,3072.87
BF04673,27-03-2024,Jordan Young,46-60,Other,Waltonborough,Delaware,International,Home Appliances,31730,39,19355.3,2,Credit Card,3648.16
BF04674,27-10-2023,Rachael Collins,36-45,Male,Jessebury,Minnesota,East,Sports,45524,75,11381,3,Debit Card,1216.61
BF04675,24-02-2024,Patrick Schroeder,18-25,Female,East Charleston,Alaska,Exactly,Sports,47166,48,24526.32,3,Gift Card,4611.39
BF04676,02-07-2024,April Lynn,46-60,Male,New Amandaside,Michigan,Challenge,Toys,9440,14,8118.4,1,Gift Card,1629.43
BF04677,08-04-2024,Charles Harris,18-25,Male,Andreamouth,Maryland,Almost,Sports,45890,74,11931.4,4,Debit Card,2050.74
BF04678,18-10-2023,Andrea Morgan,36-45,Male,Shepherdstad,Kentucky,Student,Clothing,29335,78,6453.7,3,Gift Card,1340.87
BF04679,04-09-2024,Erin Gregory,60+,Male,Ricetown,Illinois,Agency,Sports,10934,23,8419.18,3,UPI,1663.14
BF04680,23-03-2024,Tiffany Skinner,18-25,Female,East David,California,Difficult,Home Appliances,20776,56,9141.44,4,Cash,686.5
BF04681,07-07-2024,Rebecca Walters,26-35,Male,West Jeremiah,Indiana,Attention,Electronics,7089,34,4678.74,3,Gift Card,354.62
BF04682,28-05-2024,Justin Edwards,36-45,Male,Natashaburgh,Alaska,Require,Sports,15289,33,10243.63,4,Credit Card,2081.34
BF04683,02-11-2023,Amy Ruiz,36-45,Female,New Patricia,Louisiana,Day,Sports,20834,63,7708.58,2,Gift Card,1687.13
BF04684,17-06-2024,Emily Reyes,60+,Male,Cooperton,Missouri,Politics,Home Appliances,48006,30,33604.2,2,Cash,7421.12
BF04685,15-10-2023,Ethan Higgins,36-45,Male,New Christinastad,Massachusetts,Well,Toys,1507,24,1145.32,3,Credit Card,226.48
BF04686,13-03-2024,Jane Walker,46-60,Other,South Samanthabury,Wyoming,Wide,Clothing,21218,42,12306.44,4,Gift Card,2863.39
BF04687,27-02-2024,Heather Miller,26-35,Male,Beverlyton,Kentucky,Wear,Toys,45898,20,36718.4,2,Credit Card,7932.38
BF04688,28-09-2024,Michael Holloway,60+,Male,West Michael,California,Defense,Beauty,6861,58,2881.62,1,Credit Card,293.26
BF04689,27-08-2024,Kenneth Levy DDS,60+,Other,Tarashire,North Carolina,Military,Toys,31814,35,20679.1,2,Credit Card,3170.43
BF04690,08-02-2024,Craig Spears,36-45,Female,Lisafurt,Arizona,Thus,Electronics,10741,13,9344.67,4,Gift Card,1422.48
BF04691,20-11-2023,Peter Johnson,60+,Male,Lake Sylvia,Montana,Able,Sports,28357,11,25237.73,1,Debit Card,2422.37
BF04692,27-10-2023,Susan Patton,36-45,Male,East Gail,Alaska,Sell,Home Appliances,46083,49,23502.33,4,Gift Card,2403.22
BF04693,23-03-2024,Carlos Long,36-45,Female,Christinashire,Minnesota,Might,Toys,4252,29,3018.92,2,UPI,711.36
BF04694,19-01-2024,Michelle Johnson,60+,Other,Smithchester,New Jersey,His,Clothing,16695,58,7011.9,2,Cash,924.4
BF04695,15-02-2024,Richard Oneal,18-25,Other,Mckenziebury,South Dakota,Environmental,Beauty,34918,76,8380.32,2,Debit Card,1395.57
BF04696,12-07-2024,Michele Garza,60+,Other,Port Steven,Nebraska,Candidate,Electronics,45035,31,31074.15,4,UPI,7328.73
BF04697,23-07-2024,Michael Graham,36-45,Female,Stricklandville,Wisconsin,Or,Sports,28988,37,18262.44,2,Cash,1221
BF04698,15-05-2024,Robert Gonzalez,18-25,Female,Lake Justinmouth,Mississippi,Rather,Toys,39897,32,27129.96,3,Debit Card,1949.41
BF04699,21-09-2024,Virginia Conner,26-35,Female,Cindystad,Colorado,Recent,Sports,23160,49,11811.6,4,Gift Card,2286.81
BF04700,23-12-2023,Michael Ramirez DDS,60+,Female,Alexville,New York,Energy,Clothing,32729,78,7200.38,2,Gift Card,1288.08
BF04701,06-12-2023,Ricardo Garcia,60+,Female,South Joyview,Iowa,Trial,Beauty,9110,59,3735.1,4,Debit Card,192.36
BF04702,21-10-2023,Dakota Deleon,60+,Male,Smithfort,Tennessee,Those,Beauty,29478,29,20929.38,1,Debit Card,2188.18
BF04703,01-10-2024,Rachel Perkins,46-60,Male,Lake Christopher,Utah,Institution,Home Appliances,22326,78,4911.72,4,Debit Card,1011.87
BF04704,03-10-2024,Christine Burnett,26-35,Male,Baileyville,New Hampshire,Identify,Home Appliances,12030,77,2766.9,4,Credit Card,310.47
BF04705,18-09-2024,Monique Patel,46-60,Female,West Jill,Ohio,Evidence,Toys,25787,50,12893.5,4,UPI,1491.46
BF04706,05-02-2024,Hunter Trevino,36-45,Female,Leestad,Alaska,How,Toys,44141,15,37519.85,1,UPI,5315.14
BF04707,21-02-2024,Jennifer Anderson,18-25,Other,Gonzalezberg,Nebraska,Car,Electronics,40425,21,31935.75,4,Credit Card,4966.99
BF04708,16-06-2024,Maria Mclaughlin,46-60,Male,Alyssaton,Kentucky,Key,Sports,40315,44,22576.4,3,Credit Card,1697.38
BF04709,09-11-2023,Nicole Mcdowell,46-60,Male,Lozanoburgh,California,Success,Clothing,20222,70,6066.6,1,Debit Card,1299.48
BF04710,01-12-2023,Ian Perry,18-25,Male,Rothborough,North Dakota,Live,Home Appliances,6654,25,4990.5,4,Cash,688.08
BF04711,14-04-2024,Madeline Cochran,36-45,Male,Nathanmouth,Arizona,Place,Clothing,26902,78,5918.44,1,Cash,549.93
BF04712,09-02-2024,Matthew Rose,60+,Other,East Benjaminview,New Jersey,Generation,Beauty,39464,58,16574.88,3,Gift Card,3823.5
BF04713,08-11-2023,Matthew Cobb,18-25,Female,Floresland,Hawaii,Wide,Toys,6238,17,5177.54,1,Cash,843.02
BF04714,19-04-2024,Hannah Williamson,46-60,Male,North Brenda,Ohio,Exist,Clothing,37179,11,33089.31,4,Gift Card,3226.9
BF04715,15-06-2024,Bradley Donovan,60+,Male,Michaelside,Mississippi,Agent,Clothing,28925,56,12727,2,Credit Card,902.93
BF04716,12-11-2023,Stephanie Stokes,18-25,Female,Collinsburgh,North Dakota,I,Electronics,15989,30,11192.3,1,UPI,2093.24
BF04717,11-12-2023,Amanda Fry,36-45,Female,Vernonbury,North Carolina,Them,Electronics,2414,68,772.48,3,UPI,45.79
BF04718,07-10-2024,Theresa Williamson,18-25,Female,Garymouth,Kentucky,Move,Beauty,27223,48,14155.96,4,Debit Card,3002.98
BF04719,17-06-2024,Carol Ford,18-25,Male,New Samanthabury,Virginia,She,Beauty,29703,12,26138.64,3,Gift Card,5435.8
BF04720,06-04-2024,Leon Williamson,36-45,Female,Mariotown,Oklahoma,Yes,Clothing,13683,73,3694.41,3,Debit Card,405.27
BF04721,18-02-2024,Peter Taylor,36-45,Male,South Amy,Idaho,Many,Electronics,23515,60,9406,3,Credit Card,1831.1
BF04722,21-11-2023,Amy Molina,36-45,Female,Melvinhaven,Virginia,Experience,Clothing,20853,18,17099.46,2,Credit Card,3921.81
BF04723,20-03-2024,Casey White,36-45,Male,West Ashleychester,Texas,Military,Toys,48301,16,40572.84,4,Cash,3083.89
BF04724,28-03-2024,Richard Carey,36-45,Other,New Stephanie,South Carolina,Tough,Home Appliances,31415,27,22932.95,4,Cash,1156.23
BF04725,03-07-2024,Kenneth Martinez,26-35,Male,North Erinport,Hawaii,Treatment,Beauty,16451,67,5428.83,2,Debit Card,994.39
BF04726,15-05-2024,Antonio Duncan,46-60,Male,Janetmouth,California,Experience,Home Appliances,49176,72,13769.28,2,Credit Card,3130.78
BF04727,23-07-2024,Robert Burke,46-60,Other,East Katherineburgh,Washington,Human,Electronics,8517,60,3406.8,1,UPI,548.54
BF04728,07-11-2023,Melinda Bryant,60+,Male,Port Kimberly,Pennsylvania,Interview,Clothing,30006,12,26405.28,2,Cash,2343.5
BF04729,30-08-2024,Antonio Thompson,36-45,Male,Evanburgh,Vermont,Big,Electronics,21666,56,9533.04,1,Credit Card,1011.26
BF04730,03-12-2023,Kathleen James,18-25,Other,South Jenniferview,Alabama,Officer,Home Appliances,21977,36,14065.28,3,Debit Card,1881.96
BF04731,29-06-2024,Mary Pena,60+,Other,North Kristin,Delaware,Reveal,Electronics,5774,66,1963.16,2,Cash,142.15
BF04732,10-09-2024,Rebecca Parker,46-60,Male,Port Jordanburgh,Indiana,Decide,Sports,10088,70,3026.4,1,Debit Card,236.07
BF04733,02-01-2024,John Guerrero,46-60,Other,West Cynthia,North Carolina,Work,Home Appliances,2841,32,1931.88,1,Cash,118.8
BF04734,11-04-2024,Alexander Blackburn,18-25,Male,Melodyland,Florida,Approach,Beauty,44594,63,16499.78,4,Credit Card,3050.88
BF04735,25-03-2024,Erika Sandoval,46-60,Male,Port Joeville,Ohio,Current,Home Appliances,20267,78,4458.74,3,Credit Card,604.35
BF04736,15-06-2024,James Acosta,18-25,Male,Watsonhaven,Nebraska,Among,Beauty,48449,15,41181.65,4,Gift Card,9939.84
BF04737,12-09-2024,Caitlin Clark,36-45,Female,New Alyssaside,Colorado,What,Sports,32087,26,23744.38,2,Cash,4011.65
BF04738,02-03-2024,Daniel Edwards,36-45,Female,Lake Janet,Arizona,Hear,Home Appliances,9783,12,8609.04,2,Credit Card,451.2
BF04739,06-08-2024,Grace Lynn,60+,Male,Phillipside,Arizona,Usually,Home Appliances,12906,48,6711.12,3,Cash,958.07
BF04740,07-02-2024,Sharon Marsh,18-25,Female,Palmermouth,Indiana,Fast,Beauty,3752,53,1763.44,2,Debit Card,347.72
BF04741,26-02-2024,Andres Phillips PhD,18-25,Male,Mccarthyhaven,Missouri,Have,Toys,34618,19,28040.58,3,UPI,4080.96
BF04742,17-06-2024,Regina Brown,26-35,Other,Port Michaelfurt,Missouri,Around,Electronics,16808,45,9244.4,4,Cash,2100.67
BF04743,15-01-2024,Diane Harris,36-45,Other,Wilsonfurt,Louisiana,How,Electronics,42104,18,34525.28,4,Credit Card,6564.81
BF04744,20-11-2023,Adam Lopez,26-35,Other,Donnaport,Virginia,Heart,Clothing,16390,57,7047.7,3,Credit Card,738.04
BF04745,01-02-2024,Anthony Morton,26-35,Other,Roberttown,Nevada,Only,Sports,11344,77,2609.12,4,Gift Card,541.4
BF04746,17-08-2024,Karen Mcgrath,60+,Female,Josephbury,Delaware,End,Sports,30754,55,13839.3,1,Gift Card,1233.3
BF04747,09-02-2024,Christopher Strickland,18-25,Other,East Destiny,California,Fear,Home Appliances,21051,78,4631.22,4,Credit Card,740.75
BF04748,25-07-2024,Jeremy Frank,60+,Male,New Adrianmouth,Ohio,Simple,Sports,39536,44,22140.16,4,Credit Card,3759.04
BF04749,17-05-2024,Elizabeth Hall,46-60,Other,Smithberg,New York,South,Toys,2393,31,1651.17,1,Debit Card,188.28
BF04750,20-03-2024,Suzanne Lee,46-60,Male,South Lindsey,Maryland,Young,Electronics,24777,72,6937.56,4,Cash,1329.01
BF04751,16-09-2024,Megan Irwin,36-45,Female,East Kristinefurt,Louisiana,Major,Beauty,8053,43,4590.21,3,Gift Card,758.43
BF04752,02-01-2024,Peter Harris,46-60,Female,Jeffreyfurt,New York,Involve,Toys,15900,62,6042,3,UPI,1290.47
BF04753,26-05-2024,Brandon Matthews,46-60,Female,Floresfort,Maine,Human,Sports,44962,25,33721.5,1,Credit Card,3417.96
BF04754,14-03-2024,Tara Brown,26-35,Female,Angelaton,Wisconsin,Reach,Toys,16311,29,11580.81,2,Cash,2009.83
BF04755,13-06-2024,Jodi Cox MD,46-60,Female,West Morganhaven,Utah,Guy,Clothing,5088,13,4426.56,1,UPI,826.71
BF04756,11-09-2024,Christopher Bullock,26-35,Other,Jasonview,Pennsylvania,Both,Sports,47523,26,35167.02,3,Cash,5350.01
BF04757,25-11-2023,Dalton Jimenez,60+,Other,Hunthaven,Kansas,Left,Sports,41172,50,20586,4,Cash,2853.46
BF04758,27-10-2023,Taylor Rasmussen,60+,Female,New Robertland,New Hampshire,Section,Electronics,25889,33,17345.63,2,Cash,2648.19
BF04759,02-02-2024,Kimberly Howell,18-25,Other,Port Crystalmouth,Arkansas,Success,Sports,48417,36,30986.88,4,UPI,6711.18
BF04760,31-10-2023,Sarah Ayala,46-60,Female,Reidview,Pennsylvania,Others,Sports,25857,46,13962.78,1,UPI,1059.79
BF04761,12-03-2024,Joseph Cox,36-45,Female,Garyport,Louisiana,Either,Beauty,578,31,398.82,3,Gift Card,95.7
BF04762,28-03-2024,Alice Jackson,26-35,Female,Kaitlynton,Massachusetts,Want,Beauty,12242,36,7834.88,3,Debit Card,1889.89
BF04763,12-04-2024,William Dalton,26-35,Female,East Kennethborough,Oregon,Save,Beauty,39829,77,9160.67,4,Cash,1712.58
BF04764,02-04-2024,Wendy Choi,36-45,Female,New Cindyland,Delaware,Only,Beauty,37140,48,19312.8,4,Gift Card,4242.85
BF04765,15-01-2024,Adrian Conner,26-35,Female,South Troy,New Hampshire,Any,Toys,5368,36,3435.52,3,Gift Card,176.12
BF04766,03-03-2024,Tina Ortega,46-60,Male,Jeremymouth,California,Animal,Toys,2964,69,918.84,2,Gift Card,227.78
BF04767,01-08-2024,Samuel Todd,60+,Other,North Cindyshire,Washington,Hope,Toys,5074,16,4262.16,4,UPI,713.02
BF04768,16-02-2024,Kyle Johnson,46-60,Female,West Thomaschester,Virginia,Range,Beauty,49877,68,15960.64,2,Credit Card,875.5
BF04769,06-03-2024,Amber Malone,60+,Female,Lopezhaven,Rhode Island,Media,Home Appliances,18126,44,10150.56,1,Gift Card,1108.18
BF04770,28-08-2024,Tracy Gray,46-60,Female,West Vanessa,Oklahoma,Break,Beauty,40635,16,34133.4,2,Gift Card,1889.99
BF04771,18-03-2024,Michael Arnold,26-35,Other,North Jessicastad,Kansas,Teach,Sports,40549,38,25140.38,1,Cash,3214.55
BF04772,17-03-2024,Cody Wolf,26-35,Other,Lake Victor,Iowa,Exist,Clothing,30459,70,9137.7,4,Credit Card,609.11
BF04773,09-10-2024,Cody Norris,26-35,Female,Georgemouth,Oregon,Plan,Sports,48472,22,37808.16,3,Debit Card,3229.22
BF04774,07-09-2024,Daniel Davis,60+,Other,Allenfurt,Arizona,Either,Electronics,38072,53,17893.84,2,Gift Card,2064.65
BF04775,11-01-2024,Jacob Lee,18-25,Other,Hernandezborough,Illinois,Hundred,Electronics,25679,51,12582.71,4,Credit Card,2468.09
BF04776,27-06-2024,Michelle Walker,46-60,Female,South Carrie,South Dakota,Thus,Clothing,2554,29,1813.34,1,Debit Card,201.68
BF04777,04-05-2024,Carol Esparza,46-60,Female,North Thomasfort,Kentucky,Happy,Clothing,33652,61,13124.28,4,Gift Card,2053.11
BF04778,03-03-2024,Cheryl Sherman,60+,Other,Scottburgh,Virginia,Oil,Home Appliances,7029,68,2249.28,1,Cash,500.56
BF04779,30-08-2024,Jessica Shaw,18-25,Other,West Williamton,Nevada,Grow,Clothing,14477,43,8251.89,2,Credit Card,577.47
BF04780,27-07-2024,Tracy Spencer,60+,Male,Jameshaven,Michigan,Energy,Clothing,48131,17,39948.73,1,UPI,8182.71
BF04781,30-06-2024,Jimmy Parker,18-25,Male,North Teresa,Arkansas,Necessary,Electronics,28761,37,18119.43,3,UPI,3034.83
BF04782,27-09-2024,Tonya Estrada,18-25,Female,Kinghaven,Kansas,Arm,Clothing,21867,78,4810.74,3,Gift Card,811.91
BF04783,21-04-2024,Carrie Campbell,18-25,Female,Lake Valerieview,Montana,Sing,Electronics,4552,21,3596.08,2,UPI,486.21
BF04784,24-11-2023,Kayla Rodriguez,26-35,Male,North Katie,South Carolina,Phone,Toys,6855,68,2193.6,3,Gift Card,345.82
BF04785,29-08-2024,Jessica Scott,18-25,Other,Port Sarah,California,Rock,Electronics,29461,63,10900.57,2,UPI,1643.63
BF04786,19-03-2024,Tina White,26-35,Female,South Harry,Wyoming,Language,Beauty,14835,26,10977.9,3,Credit Card,581.55
BF04787,16-04-2024,Heather Boyer,36-45,Other,Port Samanthashire,South Dakota,Because,Home Appliances,19769,55,8896.05,3,UPI,1729.66
BF04788,16-05-2024,Kimberly Thomas,60+,Other,Bradleymouth,Missouri,Station,Home Appliances,49844,35,32398.6,4,Gift Card,3186.27
BF04789,12-08-2024,Brandon Cole,18-25,Female,Alyssaville,Idaho,Along,Clothing,25213,19,20422.53,1,Credit Card,3365.68
BF04790,17-03-2024,Christine Meyer,26-35,Female,Smithmouth,Rhode Island,Put,Home Appliances,7844,22,6118.32,1,UPI,874.36
BF04791,11-04-2024,Lauren Clark,36-45,Male,Crossland,New Mexico,Month,Beauty,2860,72,800.8,3,Cash,64.3
BF04792,07-03-2024,Nicholas Rogers,26-35,Other,Hillhaven,Massachusetts,Girl,Clothing,42089,63,15572.93,2,Credit Card,1076.91
BF04793,06-01-2024,Steve Alvarez,46-60,Male,Toddfurt,Wyoming,Place,Sports,2247,14,1932.42,3,Debit Card,181.3
BF04794,14-12-2023,Duane Mendoza,46-60,Other,East Walterland,Alabama,History,Sports,38468,30,26927.6,3,Cash,2615.82
BF04795,08-08-2024,Kimberly Davidson,46-60,Male,South Brenda,South Dakota,Keep,Sports,38780,52,18614.4,1,UPI,3810.09
BF04796,15-05-2024,Samantha Robinson,18-25,Male,New Elizabeth,Indiana,Usually,Electronics,47455,78,10440.1,3,Gift Card,1376.28
BF04797,15-03-2024,Anthony Sanchez,18-25,Male,Lake Scottstad,Kansas,Red,Beauty,22521,72,6305.88,3,Debit Card,877.95
BF04798,07-10-2024,Abigail Sanders,26-35,Female,Cherryview,Nebraska,Experience,Clothing,19404,20,15523.2,3,UPI,3782.01
BF04799,06-10-2024,Phillip Ryan,26-35,Other,Jordanshire,Nebraska,End,Beauty,29340,75,7335,4,Gift Card,1265.8
BF04800,10-01-2024,Jeffery Ryan,18-25,Other,East Joshua,Connecticut,Job,Beauty,32649,65,11427.15,3,Gift Card,1745.71
BF04801,11-05-2024,Carlos Owen,26-35,Female,Mariefort,Florida,Tonight,Beauty,48213,24,36641.88,1,Gift Card,4447.53
BF04802,17-02-2024,Kevin Arroyo,60+,Female,Theresaborough,Michigan,Data,Beauty,3069,26,2271.06,3,Credit Card,131.11
BF04803,10-08-2024,Carlos Gillespie,46-60,Male,Patriciaberg,North Carolina,Cultural,Beauty,21360,72,5980.8,3,Debit Card,1055.88
BF04804,25-10-2023,Rachel Pierce,46-60,Male,Reesechester,Mississippi,Feeling,Toys,42978,31,29654.82,4,UPI,5471.78
BF04805,20-12-2023,Samantha Wilson,26-35,Other,Lake Laura,Colorado,Leg,Home Appliances,9297,25,6972.75,3,UPI,773.94
BF04806,23-05-2024,Alexandra Walton,18-25,Male,Port Christina,Indiana,Pick,Electronics,6157,33,4125.19,2,Cash,879.57
BF04807,19-04-2024,Michael King,60+,Female,West Deanside,Maine,Decade,Sports,14201,27,10366.73,1,Gift Card,2498.19
BF04808,23-03-2024,William Brown,36-45,Male,Port Edward,Missouri,Church,Beauty,47472,20,37977.6,1,Credit Card,8779.5
BF04809,01-09-2024,Joy Smith,46-60,Other,South Amberburgh,Nevada,Art,Electronics,37934,75,9483.5,1,Gift Card,598.9
BF04810,13-08-2024,Dwayne Parker,60+,Female,North Brandi,Iowa,Fall,Beauty,20360,28,14659.2,4,Cash,2834.26
BF04811,25-04-2024,Sally Huynh,60+,Female,Port Benjamintown,Pennsylvania,Show,Sports,17178,57,7386.54,3,Cash,547.49
BF04812,09-03-2024,Brittney Warren,18-25,Female,West Jill,North Dakota,Hour,Clothing,40188,29,28533.48,3,Debit Card,6365.24
BF04813,30-01-2024,Olivia Holland,26-35,Other,Danville,Michigan,Check,Toys,34722,19,28124.82,3,Credit Card,4237.76
BF04814,19-07-2024,Connor Moreno,26-35,Male,East Elizabethmouth,Alabama,Interest,Sports,799,46,431.46,3,Credit Card,63.33
BF04815,30-06-2024,Amanda Cook,26-35,Female,New Crystalbury,Vermont,Better,Sports,31945,27,23319.85,1,UPI,1544.55
BF04816,25-06-2024,Anna Soto,26-35,Other,Townsendport,Wisconsin,Talk,Toys,10898,21,8609.42,4,Debit Card,1251.91
BF04817,25-01-2024,Cameron Dunn,46-60,Other,Richardfurt,Georgia,Front,Toys,43190,36,27641.6,4,Credit Card,5183.73
BF04818,19-10-2023,Derek Moyer DDS,36-45,Male,Lake Roberto,Minnesota,Their,Home Appliances,42609,56,18747.96,1,Gift Card,4681.73
BF04819,26-07-2024,Cody Watson,26-35,Other,Lake Calvinview,Mississippi,There,Clothing,46829,40,28097.4,3,UPI,4313.39
BF04820,19-06-2024,Lauren Gibson,18-25,Male,West Gina,North Carolina,House,Clothing,8231,70,2469.3,4,Cash,560.59
BF04821,17-07-2024,Mr. Mark Schroeder DDS,60+,Other,Taylorchester,Arkansas,Book,Sports,18155,26,13434.7,2,Credit Card,2600.67
BF04822,03-11-2023,Chris Bush,26-35,Male,Pattersonside,North Carolina,Without,Electronics,34921,70,10476.3,1,Gift Card,661.64
BF04823,30-06-2024,Melissa Green,18-25,Other,Michaelbury,Utah,Memory,Beauty,48585,35,31580.25,2,Gift Card,6824.4
BF04824,23-05-2024,Keith Soto,36-45,Female,Williamshaven,Louisiana,Evening,Clothing,44090,24,33508.4,2,Gift Card,7651.4
BF04825,03-03-2024,Robert Greer,18-25,Male,Brendahaven,Louisiana,Memory,Electronics,10394,36,6652.16,1,Cash,385.1
BF04826,18-06-2024,Teresa Lewis,26-35,Other,Elizabethfort,Minnesota,Or,Electronics,45819,60,18327.6,3,Credit Card,1004.58
BF04827,26-04-2024,Kenneth Ortiz,46-60,Other,North Michaelview,South Dakota,Indicate,Clothing,38099,29,27050.29,4,Credit Card,3638.86
BF04828,27-09-2024,Karen Douglas,60+,Male,East Jonathan,Utah,Personal,Toys,25929,18,21261.78,3,Credit Card,3422.95
BF04829,16-09-2024,Amanda Warren,26-35,Female,Ramirezmouth,Nevada,Control,Electronics,31238,62,11870.44,4,UPI,687.87
BF04830,06-02-2024,Shelley Kramer,60+,Other,Dawnmouth,South Dakota,Suggest,Toys,27936,22,21790.08,2,UPI,2356.88
BF04831,18-04-2024,Hannah Garner,60+,Other,Port Crystal,Arizona,Political,Sports,23707,24,18017.32,2,Debit Card,3734.99
BF04832,27-03-2024,Christina Sexton,36-45,Female,Christopherville,Hawaii,Start,Sports,36313,23,27961.01,1,Cash,1571.91
BF04833,25-03-2024,Jose Hamilton,46-60,Male,South Alisonchester,North Carolina,Ok,Electronics,47601,57,20468.43,3,Debit Card,4956.99
BF04834,29-04-2024,Sandra Hammond,18-25,Female,Stephenfurt,New Jersey,Wonder,Sports,2891,30,2023.7,4,Credit Card,118.79
BF04835,06-07-2024,James Gordon,26-35,Male,West Megan,Minnesota,Represent,Home Appliances,33168,39,20232.48,1,UPI,4010.94
BF04836,06-11-2023,Dylan Smith,60+,Female,West Erin,Idaho,Should,Sports,6034,53,2835.98,1,UPI,650.9
BF04837,14-10-2023,Andrea Cook,36-45,Male,Lake William,Wisconsin,Instead,Electronics,9984,73,2695.68,1,Cash,293.07
BF04838,03-07-2024,Ryan Martin,26-35,Male,Martinton,Pennsylvania,Candidate,Clothing,32157,63,11898.09,4,UPI,1015.27
BF04839,17-01-2024,Jeffrey Velez,36-45,Female,Jessicatown,West Virginia,Fall,Clothing,4813,79,1010.73,1,Debit Card,166.97
BF04840,13-03-2024,Shaun Gordon,46-60,Male,Matthewshire,North Dakota,Itself,Toys,33202,41,19589.18,3,Gift Card,3428.45
BF04841,14-09-2024,Amy Jackson,18-25,Female,Emilychester,Arizona,Bill,Beauty,26558,32,18059.44,3,Gift Card,3620.05
BF04842,08-03-2024,Neil Osborn,46-60,Other,Margaretburgh,Wyoming,Yet,Clothing,4925,13,4284.75,4,Cash,881.78
BF04843,18-03-2024,Emma Fisher,26-35,Other,Shannontown,Indiana,Response,Home Appliances,8660,49,4416.6,2,Credit Card,866.54
BF04844,07-04-2024,Craig Diaz,60+,Male,Richfort,Iowa,Option,Clothing,21484,68,6874.88,1,Cash,778.66
BF04845,23-02-2024,Sharon Kim,18-25,Other,Christietown,Virginia,Whatever,Electronics,28871,52,13858.08,2,UPI,1885.99
BF04846,16-05-2024,Michelle Lewis,36-45,Female,Evansside,Maine,Figure,Electronics,8820,49,4498.2,4,Debit Card,462.67
BF04847,02-09-2024,Andrew Robbins,18-25,Male,Lozanoborough,Idaho,Of,Electronics,41696,46,22515.84,3,Credit Card,1743.02
BF04848,16-08-2024,Anna Dawson,36-45,Male,Robertsland,Colorado,Cell,Electronics,17386,70,5215.8,4,Credit Card,811.63
BF04849,30-06-2024,Donna Jones,36-45,Other,Rodgersburgh,Alabama,Exist,Beauty,8354,39,5095.94,2,Gift Card,1007.44
BF04850,20-04-2024,Amber Johnson,26-35,Other,Brookebury,Wyoming,Quickly,Electronics,5876,40,3525.6,3,Debit Card,705.67
BF04851,26-02-2024,Robin Harris,26-35,Male,Port Jessicaberg,Iowa,Entire,Clothing,24946,59,10227.86,3,UPI,2288.55
BF04852,02-10-2024,Mrs. Ashley Alexander,18-25,Female,Lake Vanessa,California,Bank,Electronics,46191,71,13395.39,2,UPI,2787.66
BF04853,19-04-2024,Dr. Wayne Durham Jr.,18-25,Female,Aguilarhaven,Tennessee,Buy,Sports,17426,55,7841.7,1,UPI,1062.6
BF04854,23-04-2024,Meghan Dixon,46-60,Female,Charleshaven,Indiana,Two,Electronics,21261,63,7866.57,3,Cash,1777.16
BF04855,07-05-2024,Cody Mills,46-60,Female,Collinsport,Virginia,Suddenly,Toys,42868,17,35580.44,4,UPI,2830.64
BF04856,14-01-2024,Michael Jacobs,36-45,Female,West Megan,Delaware,Security,Toys,43784,74,11383.84,1,Credit Card,838.06
BF04857,13-08-2024,Adrian Hale,26-35,Female,North Valerie,North Carolina,Ready,Beauty,22166,31,15294.54,4,Credit Card,901.13
BF04858,06-02-2024,Julie Bowen,36-45,Other,Alexisburgh,New Mexico,Continue,Toys,14830,16,12457.2,3,Cash,1031.55
BF04859,31-01-2024,Robert Allen,26-35,Male,Toddborough,Idaho,Suffer,Electronics,28823,55,12970.35,4,Cash,2754.94
BF04860,27-11-2023,Paula Le,18-25,Male,West Calvinton,Michigan,Until,Clothing,48693,21,38467.47,2,Cash,4523.39
BF04861,20-07-2024,Bradley Oliver,26-35,Female,Veronicaside,Idaho,Theory,Clothing,37422,55,16839.9,4,Credit Card,3394.27
BF04862,13-09-2024,Brandon Johnson,18-25,Female,Masonburgh,New Hampshire,Degree,Home Appliances,25452,42,14762.16,3,UPI,1060.68
BF04863,22-08-2024,Brian Rodriguez,46-60,Other,North Robertport,Wisconsin,Unit,Beauty,26539,16,22292.76,4,Debit Card,1999.84
BF04864,22-08-2024,John Shaw,18-25,Male,East Colin,Colorado,Street,Sports,2289,74,595.14,3,Gift Card,127.11
BF04865,23-11-2023,Crystal English,60+,Male,Randymouth,Kentucky,Not,Toys,4456,21,3520.24,4,Gift Card,873.61
BF04866,07-11-2023,James Flowers,26-35,Other,West Michelleton,Idaho,Father,Sports,47786,42,27715.88,3,Debit Card,2736.46
BF04867,17-07-2024,Karen Lee,18-25,Female,East Cindy,Virginia,Social,Clothing,2951,75,737.75,1,Gift Card,43.17
BF04868,03-05-2024,Jeremy Morgan,60+,Male,Hickstown,Kansas,Sound,Home Appliances,19344,66,6576.96,4,Debit Card,631.22
BF04869,08-03-2024,Rita Simon DDS,60+,Female,Kennethmouth,Rhode Island,Major,Beauty,17818,77,4098.14,4,Gift Card,334.42
BF04870,11-02-2024,Mr. Spencer Jordan,18-25,Female,Port Mandy,Vermont,Clearly,Beauty,10060,32,6840.8,3,Cash,752.95
BF04871,04-05-2024,Karen Ellis,36-45,Male,North Willieton,Illinois,Speech,Sports,33402,15,28391.7,1,Cash,6621.68
BF04872,23-05-2024,Jennifer Johnson,26-35,Female,Moorehaven,Arizona,Movement,Clothing,2207,44,1235.92,4,Cash,267.55
BF04873,28-12-2023,Lisa Harris,36-45,Other,Lake David,Kentucky,Land,Electronics,4942,73,1334.34,4,Gift Card,129.76
BF04874,23-12-2023,Debra Floyd,26-35,Other,Fieldsborough,North Dakota,Alone,Toys,47781,14,41091.66,1,Debit Card,9742.38
BF04875,04-08-2024,Brittany Wallace,18-25,Other,New Gregory,Texas,Try,Electronics,20827,51,10205.23,3,Cash,987.5
BF04876,19-06-2024,Elizabeth Anderson,46-60,Other,Cindyberg,Illinois,World,Beauty,15754,68,5041.28,4,Cash,934.94
BF04877,07-01-2024,Carol Arnold,46-60,Other,New Maryton,Wyoming,Design,Beauty,25412,57,10927.16,3,Credit Card,1951.37
BF04878,05-04-2024,Mr. Michael Burke,46-60,Female,Port Davidland,Tennessee,Foot,Home Appliances,8644,48,4494.88,1,Credit Card,291.62
BF04879,12-11-2023,Vanessa Gomez,60+,Other,Lake Ginamouth,New Mexico,Spend,Sports,41834,71,12131.86,3,Gift Card,1408.26
BF04880,03-04-2024,Angela Carpenter,18-25,Other,North Michael,Maryland,Beyond,Beauty,40401,62,15352.38,4,Gift Card,1580.22
BF04881,16-05-2024,Keith Crawford,36-45,Other,Roseborough,Florida,Foreign,Sports,37774,47,20020.22,2,Credit Card,2455.75
BF04882,29-10-2023,Stacey Howell,46-60,Other,Lake Paul,South Carolina,Compare,Electronics,32912,23,25342.24,1,Credit Card,2065.87
BF04883,05-08-2024,Brittany Murray,46-60,Other,East Zacharyfort,Delaware,Poor,Clothing,37045,43,21115.65,1,Cash,5052.75
BF04884,10-04-2024,Christina White,18-25,Male,Garcialand,South Dakota,Mention,Home Appliances,37293,15,31699.05,4,UPI,4939.1
BF04885,12-01-2024,Bryan Reeves,26-35,Other,Craigview,Rhode Island,Argue,Sports,22093,76,5302.32,4,Credit Card,1077.53
BF04886,11-12-2023,William Powell,26-35,Female,Camachoborough,North Carolina,Short,Toys,40835,71,11842.15,1,UPI,1658.42
BF04887,19-03-2024,Carla Munoz,46-60,Female,East Madison,Montana,Thing,Home Appliances,33018,41,19480.62,2,Cash,3756.83
BF04888,27-11-2023,Crystal Serrano,26-35,Female,Davidville,Hawaii,Five,Sports,20374,37,12835.62,2,UPI,1724.18
BF04889,01-05-2024,Christina Brown,26-35,Female,Peckhaven,Louisiana,Young,Toys,1977,76,474.48,1,Cash,68.66
BF04890,22-07-2024,Joshua Newton,26-35,Other,South Cheryl,New Mexico,Suddenly,Toys,21188,68,6780.16,4,Debit Card,1371.9
BF04891,25-03-2024,Valerie Stokes,26-35,Male,Port Brittany,Missouri,Position,Clothing,30210,51,14802.9,1,Credit Card,892.74
BF04892,05-12-2023,Sarah Jackson,60+,Male,Jensentown,Vermont,Pretty,Sports,23200,54,10672,1,UPI,1298.85
BF04893,21-02-2024,Rhonda Garcia,60+,Other,Lake Ricky,New Mexico,Response,Toys,30981,19,25094.61,2,UPI,5072.83
BF04894,05-03-2024,Michele Miller,26-35,Other,Davidmouth,North Carolina,Response,Sports,33830,45,18606.5,1,UPI,1329.36
BF04895,24-03-2024,Dana Trujillo,46-60,Female,East Jamesland,Missouri,Teacher,Electronics,5973,27,4360.29,4,Cash,853.13
BF04896,05-02-2024,Michael Murphy,46-60,Female,Gardnerstad,Missouri,Avoid,Beauty,33356,56,14676.64,1,Cash,2496.76
BF04897,18-02-2024,Barbara Collier,60+,Female,East Samanthahaven,Colorado,Wait,Electronics,27918,39,17029.98,3,Debit Card,2119.66
BF04898,13-11-2023,Lorraine Marquez,46-60,Female,East Markstad,Iowa,Stay,Home Appliances,9487,71,2751.23,3,Credit Card,402.1
BF04899,15-07-2024,Kathryn Daniel,36-45,Male,Marcobury,Tennessee,Believe,Toys,45800,35,29770,3,Cash,6604.32
BF04900,14-02-2024,Kayla Lawrence,46-60,Male,East Davidberg,Colorado,Deep,Sports,8000,57,3440,4,Debit Card,469.07
BF04901,07-02-2024,Curtis Smith DVM,36-45,Female,Hernandezmouth,Indiana,Direction,Clothing,44352,72,12418.56,3,Gift Card,2798.78
BF04902,09-02-2024,Linda Daniels,36-45,Other,New Jeromeport,Massachusetts,Behavior,Clothing,45182,76,10843.68,3,Gift Card,851.7
BF04903,15-11-2023,Christian Collins,46-60,Male,Mooreborough,North Dakota,Republican,Sports,4021,72,1125.88,3,Debit Card,219.15
BF04904,19-12-2023,Judy Myers,18-25,Male,Lake Michelle,New Hampshire,Suggest,Toys,25192,78,5542.24,4,Credit Card,1282.79
BF04905,20-05-2024,Amy James,60+,Female,South Eric,West Virginia,Laugh,Toys,7555,57,3248.65,2,Debit Card,745.91
BF04906,26-11-2023,Mr. Paul Page,60+,Other,West Ericville,Alabama,General,Toys,20411,56,8980.84,2,Debit Card,2106.65
BF04907,18-07-2024,Jim Contreras,36-45,Female,North Cynthia,Florida,Defense,Beauty,25584,53,12024.48,2,Cash,2396.17
BF04908,20-05-2024,Mark Leonard,46-60,Female,Crystalshire,Oklahoma,Will,Electronics,15878,62,6033.64,3,Cash,589.29
BF04909,08-06-2024,Anthony Mccormick,18-25,Male,South Melissa,Oregon,Friend,Home Appliances,15077,19,12212.37,3,Credit Card,2170.83
BF04910,29-09-2024,Julie Quinn,18-25,Male,Anthonybury,Utah,According,Sports,43324,39,26427.64,3,Cash,1601.88
BF04911,16-05-2024,Allison Stephens,36-45,Other,South Ashleybury,Alaska,Whether,Toys,41822,51,20492.78,4,Gift Card,2908.36
BF04912,10-04-2024,Keith Terrell,60+,Male,Kelseyfurt,Wisconsin,Very,Clothing,28633,72,8017.24,1,Gift Card,874.9
BF04913,12-11-2023,Brandi Campos,18-25,Other,Conniefort,Alabama,Great,Sports,18935,66,6437.9,1,Cash,1453.35
BF04914,25-07-2024,Hannah Barnes,18-25,Male,Jacksonmouth,Oklahoma,Product,Toys,41638,37,26231.94,1,Debit Card,2629.67
BF04915,27-02-2024,James Spencer,60+,Other,New Bobby,Hawaii,Nearly,Sports,38897,68,12447.04,4,Debit Card,2491.95
BF04916,09-05-2024,Nancy Lopez,60+,Female,Johnsonstad,Washington,Wall,Clothing,30646,59,12564.86,1,Gift Card,1789.73
BF04917,05-04-2024,Erica Jackson,46-60,Other,New Darleneside,Maryland,Those,Clothing,39224,34,25887.84,1,Credit Card,2582.48
BF04918,20-08-2024,Jacqueline Morales,46-60,Male,Robinsonchester,West Virginia,Paper,Clothing,22639,32,15394.52,4,Debit Card,1230.92
BF04919,05-02-2024,Sarah Reed,60+,Female,South Gregory,Washington,Knowledge,Clothing,49500,62,18810,3,Debit Card,3001.64
BF04920,19-04-2024,Marisa Fernandez,46-60,Male,Elizabethshire,Kansas,Consumer,Sports,13096,38,8119.52,1,UPI,966.22
BF04921,05-05-2024,Brianna Montgomery,36-45,Female,East Jonathan,Connecticut,Me,Electronics,43096,53,20255.12,1,Gift Card,1584.21
BF04922,06-10-2024,Jack Lynch,26-35,Male,West Peter,Oregon,Have,Sports,46645,21,36849.55,3,UPI,6492.23
BF04923,08-08-2024,Jennifer Black,18-25,Male,Stacychester,Hawaii,Specific,Home Appliances,42019,35,27312.35,3,Cash,3600.66
BF04924,08-06-2024,George Garcia,46-60,Female,New Jackchester,Montana,Offer,Electronics,41491,65,14521.85,1,Debit Card,1579.22
BF04925,28-11-2023,Jermaine Rivers,60+,Other,South Tiffanyport,North Dakota,Guy,Clothing,20013,58,8405.46,4,Cash,1706.92
BF04926,20-10-2023,Jennifer Clark,18-25,Other,East Brianburgh,Nevada,Space,Clothing,46994,47,24906.82,3,Credit Card,3586.91
BF04927,24-10-2023,Erin Alvarez,46-60,Other,New Lori,Arizona,Class,Clothing,41790,72,11701.2,1,Gift Card,1995.13
BF04928,04-06-2024,Denise Anderson,36-45,Other,Youngshire,New Mexico,Matter,Clothing,19632,38,12171.84,2,Cash,1528.62
BF04929,27-02-2024,Michael Shea,26-35,Other,Angelaburgh,Iowa,Out,Toys,4046,23,3115.42,1,UPI,359.83
BF04930,19-08-2024,Kevin Keller,46-60,Male,North Patrick,Florida,Though,Clothing,38849,66,13208.66,1,Credit Card,1374.08
BF04931,26-04-2024,Robert Lyons,26-35,Other,Lake Monicashire,Delaware,Account,Electronics,10435,17,8661.05,3,Credit Card,1955.1
BF04932,31-01-2024,Zachary Silva,36-45,Female,Stevenchester,Alaska,Wrong,Electronics,46439,75,11609.75,4,Cash,836.12
BF04933,21-11-2023,Peter Klein,36-45,Other,West Gina,West Virginia,Agreement,Sports,18183,60,7273.2,3,UPI,1691.17
BF04934,18-06-2024,Kevin Beltran,36-45,Other,Lindsayburgh,Delaware,Material,Home Appliances,37976,45,20886.8,4,Gift Card,2061.04
BF04935,08-03-2024,Mary Aguilar,60+,Other,Port Kimberly,North Dakota,Your,Clothing,37256,19,30177.36,1,Gift Card,4666.84
BF04936,11-01-2024,Tracy Valdez,18-25,Male,Colemanland,Missouri,Bag,Beauty,44259,37,27883.17,4,Gift Card,1929.07
BF04937,03-09-2024,Eric Sutton,36-45,Female,West Micheleshire,Iowa,Structure,Sports,40804,46,22034.16,4,Cash,1521.13
BF04938,16-11-2023,Sherry Hampton,46-60,Female,South Jacobchester,Delaware,Himself,Sports,19895,28,14324.4,3,Credit Card,2520.1
BF04939,03-01-2024,Alexa Martin MD,60+,Other,North Jane,Montana,Machine,Electronics,7774,33,5208.58,2,Credit Card,1164.66
BF04940,27-12-2023,Jorge Kline,36-45,Other,Frankmouth,Idaho,Minute,Clothing,21683,29,15394.93,1,Debit Card,3308.18
BF04941,28-05-2024,Ronald Faulkner,46-60,Other,Keithberg,Massachusetts,Each,Toys,26280,10,23652,4,Credit Card,4586.22
BF04942,11-07-2024,Alex Lawrence,46-60,Other,Hernandezchester,Alabama,Allow,Beauty,32174,78,7078.28,4,UPI,666.33
BF04943,27-08-2024,Albert Jones,36-45,Female,West Theresaland,Hawaii,Leg,Toys,18481,52,8870.88,4,Gift Card,1929.4
BF04944,06-09-2024,Kevin Mccoy MD,36-45,Other,Kimland,Arizona,Whether,Beauty,48604,11,43257.56,4,Gift Card,3964.71
BF04945,11-01-2024,Nicole Bradford,26-35,Female,New Kimberlyfurt,South Dakota,Memory,Home Appliances,29702,72,8316.56,1,UPI,1379.14
BF04946,17-01-2024,Shannon Sanchez,26-35,Male,North Johnhaven,Rhode Island,South,Sports,23447,12,20633.36,1,Cash,2972.62
BF04947,18-12-2023,Angela Norman,18-25,Female,South Donna,Connecticut,Teach,Home Appliances,17690,59,7252.9,2,Cash,1745.59
BF04948,16-04-2024,Sara Taylor,36-45,Female,Lake Erik,New York,Finish,Toys,43404,59,17795.64,1,Cash,4329.51
BF04949,09-05-2024,Christy Garcia,18-25,Other,West James,Kentucky,Affect,Sports,12801,70,3840.3,3,Cash,716.33
BF04950,10-06-2024,Heather Morris,60+,Other,South Kenneth,New Mexico,Budget,Electronics,49328,77,11345.44,3,Debit Card,1304.62
BF04951,20-02-2024,Erik Robles,60+,Female,Edwardbury,Vermont,Than,Clothing,8579,50,4289.5,3,UPI,600.18
BF04952,04-03-2024,Kelli Jennings,60+,Male,New David,New Jersey,Structure,Clothing,19867,78,4370.74,1,Gift Card,566.59
BF04953,10-11-2023,Daniel Morgan,36-45,Other,Kingville,Utah,This,Clothing,21290,14,18309.4,3,Gift Card,1560.62
BF04954,30-08-2024,James Grimes,60+,Other,Butlermouth,Oregon,There,Sports,32391,69,10041.21,3,UPI,1047.59
BF04955,31-03-2024,Crystal Byrd,46-60,Other,South Davidburgh,New Mexico,Activity,Sports,12857,47,6814.21,3,Credit Card,1670.53
BF04956,25-06-2024,Wendy Mccoy,46-60,Other,Port Robertport,New Mexico,Remain,Clothing,28884,57,12420.12,4,Credit Card,2226.58
BF04957,09-04-2024,Ashley Thompson,46-60,Female,Hillmouth,North Dakota,Politics,Toys,18983,78,4176.26,4,UPI,525.36
BF04958,24-01-2024,Sandra Wang,46-60,Male,Toddfurt,Delaware,Down,Electronics,6105,11,5433.45,4,Gift Card,1281.71
BF04959,30-06-2024,Vicki Harper,26-35,Male,East Diane,Georgia,Two,Clothing,25076,20,20060.8,4,Credit Card,3771.01
BF04960,19-10-2023,Terry Anderson,26-35,Female,Port Christianhaven,California,Far,Toys,47634,72,13337.52,3,Debit Card,2475.62
BF04961,22-06-2024,James Douglas,60+,Female,Tammybury,Kentucky,Ok,Electronics,38583,40,23149.8,4,UPI,5452.7
BF04962,15-08-2024,Nathan Ashley,36-45,Female,Kellychester,Michigan,Story,Clothing,30128,48,15666.56,1,Gift Card,3744.99
BF04963,09-09-2024,Zachary Salazar,26-35,Male,Jonesfurt,South Carolina,Treatment,Electronics,31325,17,25999.75,1,Debit Card,4852.7
BF04964,19-02-2024,Pamela Walker,36-45,Female,Jenniferchester,Maryland,Water,Home Appliances,5575,71,1616.75,1,Credit Card,149.88
BF04965,22-08-2024,Michelle Gutierrez,46-60,Female,North Josephside,Idaho,Fall,Home Appliances,41242,71,11960.18,1,Gift Card,1229.26
BF04966,27-10-2023,Omar Chapman,26-35,Male,East Jillstad,Colorado,Professor,Electronics,48204,24,36635.04,4,Cash,4754.99
BF04967,05-02-2024,Robert Levine,26-35,Male,New Kellyfurt,Utah,Nearly,Toys,43675,33,29262.25,1,Credit Card,5293.59
BF04968,05-10-2024,Marissa Wilson,46-60,Male,North Elizabethbury,Arizona,Prepare,Toys,29066,77,6685.18,3,Gift Card,588.74
BF04969,10-04-2024,Erik Kelly,60+,Male,North Todd,Iowa,Respond,Home Appliances,33075,40,19845,3,Credit Card,2247.73
BF04970,01-06-2024,Charles Bruce,26-35,Other,North Matthew,Oklahoma,Town,Electronics,41382,67,13656.06,2,Gift Card,2538.5
BF04971,14-08-2024,Daniel Freeman,46-60,Other,Robertfurt,Oregon,Whether,Home Appliances,42909,28,30894.48,3,Debit Card,5340.61
BF04972,06-02-2024,Ellen Spears,46-60,Female,South Cheryl,Indiana,Decision,Electronics,12505,77,2876.15,3,UPI,344.69
BF04973,15-08-2024,Amanda Webster,36-45,Female,South Aimeeland,Vermont,Pattern,Electronics,2413,56,1061.72,2,Debit Card,224.18
BF04974,03-03-2024,Brett Cross,36-45,Other,Goodwinfurt,Massachusetts,Grow,Electronics,26262,40,15757.2,1,Gift Card,1900.95
BF04975,15-12-2023,William Mays,36-45,Male,Danielleborough,Colorado,Low,Home Appliances,33081,59,13563.21,1,UPI,1095.53
BF04976,13-06-2024,Jacqueline Miller,26-35,Other,East Michael,Tennessee,Else,Sports,32398,79,6803.58,4,Cash,1376.05
BF04977,02-08-2024,Jason Washington,18-25,Female,North Georgeville,Kentucky,Still,Electronics,17188,31,11859.72,3,Cash,2316.78
BF04978,13-04-2024,James Huang,36-45,Male,South Sandra,New York,Model,Beauty,42398,69,13143.38,3,Debit Card,2028.8
BF04979,17-04-2024,Timothy Atkins,18-25,Male,Perezside,Hawaii,Civil,Electronics,27577,28,19855.44,4,UPI,4282.24
BF04980,22-10-2023,Michael Fernandez,36-45,Female,East Kathleen,Montana,Health,Sports,40439,14,34777.54,1,Debit Card,4116.04
BF04981,26-10-2023,Michael Young,60+,Male,North Edward,Idaho,Program,Sports,15344,34,10127.04,3,Cash,2126.08
BF04982,28-04-2024,Julie Myers,26-35,Male,Reedmouth,Louisiana,Huge,Home Appliances,23409,58,9831.78,4,Credit Card,834.67
BF04983,23-04-2024,Kayla Ramirez,36-45,Female,East Regina,Nevada,Fire,Sports,10148,21,8016.92,2,Cash,1302.39
BF04984,14-09-2024,Lisa Williams,18-25,Other,Williamport,California,Tell,Sports,11480,34,7576.8,1,Debit Card,779.81
BF04985,25-10-2023,Matthew Morrison,26-35,Female,Whitakerland,California,Pretty,Toys,20055,52,9626.4,1,UPI,2377.46
BF04986,14-10-2023,Megan Galloway,46-60,Other,Jeffreyside,South Carolina,Arm,Beauty,13164,31,9083.16,4,Gift Card,864.6
BF04987,15-09-2024,Charles Cooper,18-25,Female,Franklintown,Vermont,Pattern,Toys,31640,28,22780.8,3,UPI,2732.55
BF04988,14-12-2023,Jessica Donovan,46-60,Male,East Mario,New Hampshire,Improve,Clothing,16033,35,10421.45,1,UPI,634.12
BF04989,30-06-2024,Patricia Schmidt,18-25,Other,New Julieview,Georgia,Go,Electronics,39974,29,28381.54,4,Credit Card,1601.19
BF04990,10-02-2024,Steven Harper,60+,Other,New Paulafort,North Carolina,Marriage,Electronics,30409,61,11859.51,3,UPI,2627.8
BF04991,06-04-2024,Jennifer Walker,36-45,Male,South Samanthastad,Arizona,Member,Sports,10666,68,3413.12,4,Credit Card,588.23
BF04992,13-01-2024,Sharon Wheeler,26-35,Other,Sarahshire,Connecticut,Find,Beauty,39142,12,34444.96,3,Gift Card,6119.34
BF04993,15-12-2023,William Zimmerman,26-35,Male,West Codystad,Arizona,Land,Sports,33037,38,20482.94,1,Credit Card,1178.29
BF04994,11-02-2024,Patricia Leblanc,60+,Female,Lewisfurt,New York,Player,Home Appliances,26399,27,19271.27,2,Credit Card,4703.57
BF04995,07-08-2024,Amanda Davenport,26-35,Male,Lake Danielle,Florida,Suggest,Home Appliances,28461,14,24476.46,3,Debit Card,3063.27
BF04996,16-04-2024,Melissa Bradshaw,18-25,Male,New Donna,Maryland,Response,Sports,8126,64,2925.36,1,Credit Card,525.07
BF04997,04-11-2023,Vanessa Hayes,26-35,Female,Maureenfort,California,Eye,Sports,29106,67,9604.98,2,Credit Card,1329.9
BF04998,27-01-2024,Ronald Martinez,46-60,Male,Robertbury,North Carolina,Up,Electronics,1328,59,544.48,3,UPI,112.75
BF04999,30-09-2024,Angela Parker,36-45,Male,Hillport,Nevada,Friend,Toys,1038,37,653.94,4,Gift Card,66.41
BF05000,01-10-2024,Katherine Smith,36-45,Male,Johnchester,Hawaii,Senior,Toys,14395,60,5758,2,UPI,684.24
BF05001,29-09-2024,Angela Baldwin,18-25,Female,Smithtown,Connecticut,Career,Sports,36127,40,21676.2,2,UPI,3884.56
BF05002,23-03-2024,Angela Hernandez,60+,Male,Gomezport,Pennsylvania,Memory,Home Appliances,23854,74,6202.04,4,Gift Card,944.36
BF05003,15-07-2024,Patricia Bullock,46-60,Male,West Michaelfort,North Carolina,Knowledge,Electronics,42301,43,24111.57,2,UPI,4326.06
BF05004,12-09-2024,Stephanie Evans,46-60,Other,Gibsonport,Illinois,Agent,Electronics,9712,46,5244.48,2,Debit Card,985.78
BF05005,21-10-2023,Shannon Ramirez,46-60,Male,Port Jessica,Nebraska,Question,Electronics,38820,16,32608.8,1,UPI,5087.72
BF05006,28-07-2024,Cameron Heath,26-35,Male,Petersonmouth,Missouri,Identify,Sports,30012,23,23109.24,3,UPI,2734.46
BF05007,06-02-2024,Audrey Williamson,60+,Male,Johnport,Arizona,Window,Home Appliances,48490,76,11637.6,2,Gift Card,812.36
BF05008,18-11-2023,Alexander Obrien,46-60,Female,South Ashleyland,Missouri,Affect,Sports,44536,15,37855.6,3,UPI,8198.81
BF05009,28-04-2024,Erica Robinson,60+,Male,Jaredtown,New Jersey,Participant,Beauty,4774,74,1241.24,4,Debit Card,204.45
BF05010,20-08-2024,James Reed,60+,Male,West Robert,Mississippi,Shake,Electronics,13002,47,6891.06,4,Credit Card,815.2
BF05011,22-02-2024,Lee Phillips,36-45,Male,Lake Mark,Oklahoma,Serious,Electronics,1816,31,1253.04,1,Debit Card,126.47
BF05012,22-08-2024,Douglas Brown,18-25,Other,Lake Patriciaton,Arkansas,Serious,Electronics,8522,15,7243.7,1,UPI,986.47
BF05013,28-07-2024,Alexandra Foley,36-45,Male,West Sheryl,Ohio,Service,Home Appliances,20795,10,18715.5,1,Credit Card,1081.64
BF05014,19-08-2024,Rodney Christian,46-60,Male,Karenfurt,Indiana,Last,Sports,29519,11,26271.91,3,Gift Card,3393.15
BF05015,11-06-2024,Steven Sanders,18-25,Male,Angelicaville,Pennsylvania,During,Beauty,15605,43,8894.85,2,UPI,1980.65
BF05016,18-08-2024,Eric Gaines,26-35,Female,Taylorview,North Carolina,Final,Beauty,8304,74,2159.04,4,Credit Card,521.37
BF05017,13-07-2024,Christopher Solis,60+,Male,Karenview,Delaware,Town,Beauty,26797,45,14738.35,2,Gift Card,1876.88
BF05018,04-12-2023,Steven Lamb,36-45,Male,Jasonfurt,Alaska,Fund,Toys,8979,43,5118.03,4,Debit Card,913.57
BF05019,29-08-2024,Deanna Villa,18-25,Male,Jacksonstad,North Carolina,Vote,Toys,39735,61,15496.65,3,Gift Card,1076.47
BF05020,18-01-2024,Ms. Jessica Gonzales,26-35,Male,West Charles,Tennessee,Campaign,Clothing,30070,77,6916.1,3,UPI,1150.99
BF05021,07-08-2024,Joshua Patrick,26-35,Female,East Jeffrey,Hawaii,Guess,Clothing,20761,13,18062.07,2,Debit Card,1391.24
BF05022,21-09-2024,Dr. Jordan Henderson,26-35,Male,Port Cory,Alabama,His,Electronics,1993,57,856.99,1,Cash,153.27
BF05023,10-07-2024,Holly Watkins,46-60,Female,South Peter,Kentucky,Expert,Clothing,2897,77,666.31,2,UPI,135.06
BF05024,09-09-2024,Anthony Johnson,46-60,Male,Rebeccamouth,New Hampshire,Soldier,Sports,39704,71,11514.16,2,Debit Card,1126.35
BF05025,27-06-2024,Alexandra Berger,18-25,Male,North Robinmouth,Tennessee,After,Home Appliances,24473,22,19088.94,3,Cash,1959.81
BF05026,21-01-2024,Vanessa Walker MD,46-60,Female,Melissashire,Georgia,Watch,Toys,31110,23,23954.7,2,Gift Card,5075.35
BF05027,26-02-2024,Kenneth Sanchez,18-25,Other,Robinsonville,Maryland,How,Electronics,5827,39,3554.47,1,Gift Card,570.3
BF05028,07-09-2024,Alexander Owens,60+,Other,East Angelicaborough,Indiana,Economy,Toys,8831,49,4503.81,2,Cash,338.19
BF05029,06-09-2024,Jesse Burch,60+,Female,West Kimberlyborough,Nebraska,Religious,Home Appliances,49306,11,43882.34,4,Cash,9499.46
BF05030,11-09-2024,Raymond Cortez,60+,Female,New Rachel,Texas,Themselves,Clothing,1261,36,807.04,1,Gift Card,180.01
BF05031,06-01-2024,Michael Martinez,46-60,Male,Port Caseyport,California,Fight,Home Appliances,11015,78,2423.3,3,Gift Card,477.06
BF05032,23-01-2024,Daniel Harrison,18-25,Other,Berrytown,California,TRUE,Clothing,17255,52,8282.4,4,Debit Card,571.87
BF05033,05-04-2024,Chad Jackson,60+,Male,Mcgeefort,Florida,About,Beauty,44146,51,21631.54,3,UPI,3414.83
BF05034,20-06-2024,Alexis Burnett,46-60,Other,South Frances,Kentucky,Most,Beauty,39420,42,22863.6,4,UPI,1828.49
BF05035,31-08-2024,Charles King,26-35,Male,New Bradleyshire,Nebraska,Seem,Toys,46386,78,10204.92,2,Credit Card,2348.8
BF05036,10-09-2024,Brian Silva,36-45,Female,Stacieport,Maine,Language,Clothing,29518,54,13578.28,3,UPI,1809.81
BF05037,22-09-2024,Philip Watkins,26-35,Other,Port Austintown,Georgia,Bag,Beauty,44277,62,16825.26,2,Cash,3388.29
BF05038,08-02-2024,Elizabeth Waters,46-60,Female,Colleenmouth,North Carolina,Consider,Toys,47081,79,9887.01,1,Debit Card,807.48
BF05039,22-12-2023,Phillip Phillips,18-25,Male,Markfurt,North Carolina,Available,Home Appliances,14025,42,8134.5,2,Credit Card,1577.96
BF05040,05-11-2023,Mark Livingston,18-25,Male,Clayhaven,Florida,Focus,Toys,19997,14,17197.42,4,Debit Card,2394.45
BF05041,14-01-2024,Andrea Cook,26-35,Other,South Andrea,Alaska,Learn,Sports,10996,40,6597.6,1,Credit Card,1344.96
BF05042,19-06-2024,Laura Andrews,60+,Male,Port Amandabury,Mississippi,Nice,Toys,10745,30,7521.5,4,UPI,973.19
BF05043,11-03-2024,Christina King,18-25,Male,East Annahaven,North Carolina,Interest,Electronics,32517,45,17884.35,1,Credit Card,4378.68
BF05044,09-06-2024,Alan Moore,46-60,Other,Lake Lesliemouth,Kansas,For,Sports,44667,14,38413.62,1,Debit Card,6450.09
BF05045,12-10-2023,Troy Castillo,46-60,Other,Port Jessica,Mississippi,Second,Toys,44466,20,35572.8,1,Debit Card,6653.35
BF05046,10-09-2024,Amy Tate,46-60,Other,Williamton,New York,Paper,Home Appliances,18756,19,15192.36,2,Debit Card,799.81
BF05047,14-12-2023,Holly Brown,26-35,Female,Millermouth,New York,Campaign,Clothing,1529,64,550.44,3,Cash,36.72
BF05048,15-03-2024,Lori Melendez,18-25,Male,Derekside,Oregon,Road,Sports,27680,15,23528,2,Gift Card,3690.47
BF05049,09-07-2024,Keith Hart,46-60,Female,Garcialand,South Carolina,Must,Clothing,14515,75,3628.75,1,Gift Card,290.33
BF05050,16-02-2024,Ebony Ray,60+,Male,West Dorisbury,Wisconsin,Subject,Sports,25049,64,9017.64,1,Credit Card,1625.66
BF05051,13-09-2024,Zachary Williams,36-45,Other,Tiffanychester,Nebraska,Debate,Home Appliances,33860,66,11512.4,2,Gift Card,764.69
BF05052,05-07-2024,Kristy Mckenzie,46-60,Other,South Jessicaland,South Dakota,Reveal,Beauty,48061,75,12015.25,1,Credit Card,933.88
BF05053,06-12-2023,Charles Miller,60+,Male,New Mercedes,Rhode Island,Any,Beauty,1188,22,926.64,3,Debit Card,96
BF05054,12-01-2024,Tammy Benson,60+,Female,South Jerryhaven,Nebraska,Black,Home Appliances,24583,52,11799.84,2,Gift Card,1430.44
BF05055,15-08-2024,Renee Rojas,26-35,Female,Port Brenda,Connecticut,Wind,Home Appliances,29439,25,22079.25,2,Gift Card,2059.19
BF05056,12-06-2024,Christian Mccullough,46-60,Other,Sherriview,New Hampshire,Head,Sports,32450,19,26284.5,1,Cash,4245.28
BF05057,22-02-2024,Lisa Jackson,36-45,Female,West Kellytown,West Virginia,Front,Beauty,22167,52,10640.16,4,Cash,1179.86
BF05058,27-06-2024,Christopher Rogers,60+,Male,Port Kristine,Wyoming,Me,Beauty,3746,64,1348.56,2,Cash,191.74
BF05059,31-12-2023,Kathryn Robinson MD,36-45,Male,Josephshire,Illinois,Alone,Beauty,19192,15,16313.2,2,UPI,2458.94
BF05060,30-06-2024,Raymond Wallace,18-25,Female,West Susanside,Kentucky,Line,Sports,30761,66,10458.74,3,Credit Card,1675.83
BF05061,26-08-2024,Kimberly Gentry,60+,Male,Jacksonport,Vermont,Interest,Sports,12814,15,10891.9,2,Cash,2513.68
BF05062,06-12-2023,Sabrina Owens,36-45,Female,Micheleton,Louisiana,Various,Electronics,29527,38,18306.74,2,Cash,950.79
BF05063,02-03-2024,James Ramos,60+,Male,South Christopher,Wyoming,Mrs,Clothing,17460,52,8380.8,4,Credit Card,2075.34
BF05064,06-06-2024,Kimberly Allen,26-35,Other,Anthonyview,Nevada,One,Toys,35245,57,15155.35,4,Debit Card,1001.27
BF05065,14-10-2023,Chase Smith,18-25,Female,Lake Nancy,Louisiana,Gas,Toys,32251,10,29025.9,2,Debit Card,7107.79
BF05066,28-03-2024,Nicole Ray,18-25,Other,East Heather,Illinois,Myself,Clothing,12925,66,4394.5,3,Credit Card,1046.37
BF05067,03-01-2024,Brianna Williams,46-60,Other,East Joshua,Tennessee,Ok,Toys,49239,70,14771.7,2,Credit Card,2841.94
BF05068,19-07-2024,Lindsey Powell,60+,Male,Lauraview,Nebraska,Win,Electronics,29660,20,23728,4,Gift Card,2172.68
BF05069,10-05-2024,Kristopher Brown,36-45,Female,Walterburgh,Idaho,Without,Electronics,40513,13,35246.31,1,Credit Card,8476.19
BF05070,16-11-2023,Cameron Lewis,36-45,Other,New Sonya,Arkansas,Dog,Home Appliances,44451,79,9334.71,2,Credit Card,2079.24
BF05071,14-11-2023,Michael Alexander,60+,Male,Snydershire,Massachusetts,Member,Electronics,46786,55,21053.7,1,Gift Card,5256.05
BF05072,01-04-2024,Brooke Holloway DVM,26-35,Female,Hollyberg,Wisconsin,So,Clothing,8720,15,7412,4,Debit Card,1012.72
BF05073,30-10-2023,Kevin Rodgers,36-45,Female,Lake Steven,Rhode Island,Break,Beauty,24638,54,11333.48,2,Debit Card,2827.42
BF05074,29-02-2024,Stephanie Harris,36-45,Female,Calderonfurt,South Carolina,City,Toys,19158,58,8046.36,4,Credit Card,886.73
BF05075,05-12-2023,Kelli Graham,46-60,Male,Chenfort,New Jersey,Unit,Beauty,7172,17,5952.76,3,Gift Card,956.46
BF05076,10-10-2024,Dakota Washington,26-35,Other,New Teresa,Idaho,Fish,Clothing,21094,42,12234.52,2,Cash,3035.69
BF05077,22-07-2024,Jenna Davenport,26-35,Female,Olsonfurt,New Mexico,Program,Beauty,6893,49,3515.43,4,Credit Card,347.63
BF05078,18-12-2023,David Green,18-25,Other,Douglasberg,Oklahoma,Your,Sports,25221,15,21437.85,4,Cash,2765.03
BF05079,07-11-2023,Benjamin Butler,26-35,Female,East Nicoleville,Texas,Study,Electronics,42837,12,37696.56,4,Gift Card,4750.11
BF05080,01-02-2024,Dana Martinez,46-60,Female,Scottburgh,Arkansas,Church,Beauty,48767,17,40476.61,4,UPI,3270.97
BF05081,24-11-2023,Jeremy Alvarado,46-60,Male,Rodgersburgh,North Dakota,Six,Home Appliances,1830,13,1592.1,3,Gift Card,221.98
BF05082,09-06-2024,Rebecca Weber,18-25,Female,Port Brittany,Minnesota,Fight,Electronics,15468,52,7424.64,2,Gift Card,929.12
BF05083,28-11-2023,Jimmy Lamb,36-45,Male,Desireebury,South Carolina,Either,Sports,23905,72,6693.4,3,Cash,1376.32
BF05084,24-09-2024,Thomas Sims,46-60,Other,Brownville,South Dakota,Area,Sports,5645,57,2427.35,3,UPI,453.32
BF05085,25-07-2024,Theresa Graham,46-60,Other,New Krystalview,Idaho,Thousand,Sports,9485,34,6260.1,4,Credit Card,1289.71
BF05086,06-11-2023,Donald Turner Jr.,60+,Female,Gregorymouth,Montana,Most,Electronics,48704,58,20455.68,4,Debit Card,1350.08
BF05087,02-09-2024,Nicole Webb,18-25,Other,Andersonchester,Wisconsin,Action,Toys,31793,19,25752.33,1,Credit Card,2653.51
BF05088,25-05-2024,Nicholas Shaw,26-35,Female,New Krystal,South Dakota,Nice,Toys,48947,22,38178.66,3,UPI,7740.08
BF05089,22-10-2023,Martin Wall,60+,Female,Taraside,Hawaii,Agreement,Clothing,37693,76,9046.32,3,Debit Card,647.37
BF05090,11-07-2024,Mrs. Amy Miller,46-60,Female,Port Larry,Louisiana,Morning,Clothing,49036,79,10297.56,2,Cash,1373.68
BF05091,01-01-2024,Denise Liu,36-45,Female,West Anthonyside,Alaska,Worker,Clothing,46424,78,10213.28,1,Gift Card,560.73
BF05092,22-05-2024,Tanya Klein,36-45,Other,Lake Stephanieport,North Dakota,Fight,Sports,37788,69,11714.28,2,UPI,2599.95
BF05093,13-05-2024,Michael Brown,36-45,Male,Daveview,Maine,Local,Toys,9394,51,4603.06,3,Gift Card,764.81
BF05094,17-04-2024,Jennifer Harris,36-45,Male,North Brendanfurt,Arkansas,Though,Clothing,13490,39,8228.9,4,Cash,1718.1
BF05095,08-11-2023,Connie Barnes MD,18-25,Other,Gibsonbury,Oregon,Pm,Beauty,34866,50,17433,2,Credit Card,1921.3
BF05096,08-10-2024,Chad Mcconnell,26-35,Other,Danielleburgh,Maryland,Citizen,Clothing,13420,46,7246.8,2,Credit Card,1303.35
BF05097,25-10-2023,Mrs. Savannah Morales,26-35,Other,Angelafort,Maryland,Both,Electronics,4405,51,2158.45,1,Debit Card,164.53
BF05098,18-08-2024,Andrew Coleman,60+,Male,Susantown,Idaho,Car,Toys,42176,46,22775.04,2,Gift Card,1503.92
BF05099,05-12-2023,Cheryl Moyer,46-60,Male,West Pamelaland,Kentucky,Believe,Sports,29913,22,23332.14,1,Cash,5557.35
BF05100,22-09-2024,Jennifer Keller,36-45,Male,East Hollyland,Wyoming,Movie,Electronics,12342,27,9009.66,2,Credit Card,1484.15
BF05101,22-08-2024,Nathan Marquez,46-60,Male,West Danielle,Idaho,Cup,Sports,17095,24,12992.2,1,Debit Card,3232.03
BF05102,02-03-2024,Thomas Le,46-60,Male,North Pamela,Oregon,Operation,Toys,48030,15,40825.5,1,Gift Card,3337.68
BF05103,23-05-2024,Shirley Rios,18-25,Male,Ryanhaven,Maine,Cold,Clothing,15122,43,8619.54,1,Gift Card,1611.62
BF05104,10-03-2024,Kayla Fitzgerald,26-35,Male,Georgeshire,Oregon,Man,Clothing,11490,72,3217.2,1,Credit Card,465.19
BF05105,07-12-2023,Colleen Edwards,60+,Male,Gonzalesfort,Kansas,Strong,Beauty,44054,11,39208.06,4,UPI,6811.71
BF05106,22-12-2023,Raymond Mack,36-45,Other,East Alejandra,New Jersey,Half,Beauty,45351,61,17686.89,4,Gift Card,2519.66
BF05107,01-09-2024,Reginald Sanders,46-60,Male,Hannahmouth,Ohio,Blue,Sports,32133,35,20886.45,1,Debit Card,1709.15
BF05108,14-01-2024,Caleb Mora,18-25,Other,Riveramouth,Oregon,Provide,Clothing,43510,41,25670.9,4,Cash,2306.49
BF05109,15-08-2024,Ray Phillips,18-25,Other,North Jack,Massachusetts,Current,Clothing,10422,40,6253.2,4,Gift Card,1494.67
BF05110,06-05-2024,Calvin Cochran,60+,Other,Bettychester,Kansas,East,Beauty,17730,59,7269.3,1,UPI,706.32
BF05111,11-01-2024,Dakota Garcia,36-45,Other,East Ellen,Idaho,Sport,Sports,34134,13,29696.58,4,Cash,2089.74
BF05112,20-03-2024,Joseph Simmons,60+,Male,Scottshire,Connecticut,Office,Clothing,32902,32,22373.36,1,UPI,4852.87
BF05113,22-10-2023,Paul Petty PhD,36-45,Female,Allisonshire,Louisiana,Whether,Electronics,48750,71,14137.5,1,Credit Card,3365.2
BF05114,29-01-2024,Jacob Jimenez,26-35,Female,Port Laura,New Jersey,Civil,Home Appliances,8983,63,3323.71,4,Credit Card,356.79
BF05115,30-08-2024,Deborah Mitchell,60+,Male,Farleyshire,Ohio,During,Clothing,29560,29,20987.6,1,Credit Card,2434.18
BF05116,13-01-2024,Crystal Murphy,36-45,Other,Port Glendaberg,Delaware,Clear,Electronics,11831,16,9938.04,1,Credit Card,2195.62
BF05117,09-09-2024,Jacqueline Tucker,18-25,Female,Leonardtown,Oklahoma,Pressure,Toys,44216,30,30951.2,4,UPI,5052.9
BF05118,15-12-2023,Jose May,46-60,Male,Lucasshire,South Carolina,Street,Home Appliances,18810,20,15048,4,Debit Card,3434.8
BF05119,10-06-2024,Joseph Key,36-45,Male,West John,Montana,Clear,Beauty,11127,49,5674.77,3,Credit Card,1032.84
BF05120,17-08-2024,Jenny Dalton,46-60,Other,Wandaland,North Carolina,Outside,Home Appliances,28089,79,5898.69,1,Gift Card,1155.01
BF05121,08-06-2024,Amy Gonzalez,26-35,Other,West Nicole,Pennsylvania,Several,Electronics,4552,38,2822.24,2,Gift Card,619.24
BF05122,24-07-2024,Regina Brooks,60+,Female,West Courtneyville,New York,Single,Toys,19938,26,14754.12,4,Credit Card,2406.14
BF05123,27-09-2024,Melanie Jordan,18-25,Female,Jeffreymouth,Iowa,Drive,Home Appliances,26605,43,15164.85,1,UPI,1443.16
BF05124,17-04-2024,Nicholas Rose,18-25,Other,Connieview,Ohio,So,Home Appliances,32949,57,14168.07,3,UPI,3100.87
BF05125,14-01-2024,Jeremy Allen,26-35,Female,Meganside,Florida,Ago,Home Appliances,34665,62,13172.7,4,Gift Card,878.37
BF05126,28-01-2024,Rebecca Owens,60+,Female,East Michael,Michigan,Quickly,Toys,20753,79,4358.13,4,Gift Card,386.78
BF05127,08-07-2024,Brett Bates,26-35,Male,North Michaelburgh,Colorado,Reach,Home Appliances,21851,25,16388.25,3,Credit Card,3541.51
BF05128,29-10-2023,Joseph Duffy,60+,Other,Matthewland,Iowa,Happen,Electronics,20766,54,9552.36,2,Cash,1398.88
BF05129,13-02-2024,Joseph Jones,18-25,Female,Davidhaven,North Dakota,Tv,Clothing,16073,55,7232.85,3,Credit Card,1137.89
BF05130,13-01-2024,Mitchell Pratt,26-35,Other,South Anne,Alabama,Front,Home Appliances,17436,74,4533.36,3,Cash,947.67
BF05131,12-11-2023,Christopher Key,60+,Female,Abigailbury,New Mexico,Wear,Home Appliances,10812,22,8433.36,1,Cash,1390.33
BF05132,15-04-2024,Jimmy Reid,18-25,Female,North Devontown,Utah,Scientist,Clothing,7473,50,3736.5,2,Debit Card,510.22
BF05133,23-02-2024,Zachary Hill,60+,Other,Callahanbury,Indiana,Quality,Beauty,28604,79,6006.84,4,Debit Card,762.55
BF05134,18-03-2024,Lindsey Walker,46-60,Male,New Markberg,Connecticut,Until,Clothing,41623,21,32882.17,4,Debit Card,4465.61
BF05135,18-02-2024,Megan Gilbert,36-45,Other,Wintersbury,North Carolina,Pressure,Electronics,9494,33,6360.98,3,Debit Card,1240.03
BF05136,27-08-2024,David Peterson,18-25,Male,Brendatown,Arizona,Agency,Sports,41367,37,26061.21,3,Gift Card,2390.11
BF05137,22-07-2024,Abigail Preston,46-60,Female,East Jamesland,Tennessee,Form,Beauty,43523,66,14797.82,1,Cash,1596.33
BF05138,30-07-2024,Angela Owen,46-60,Male,South Jonathanfurt,Virginia,Produce,Electronics,31747,12,27937.36,4,UPI,3139.23
BF05139,17-08-2024,Michael Gonzalez,36-45,Other,Lake Michael,Rhode Island,Hope,Electronics,17465,35,11352.25,3,Credit Card,1916.24
BF05140,24-03-2024,Heather Kidd,46-60,Other,Danielborough,Nevada,Bed,Beauty,41569,58,17458.98,1,UPI,2199.56
BF05141,25-12-2023,Wendy Cole DDS,18-25,Other,West Anitamouth,Virginia,Rock,Electronics,31548,15,26815.8,3,Debit Card,1702.87
BF05142,08-12-2023,Ronald Brown,18-25,Other,Rebeccaview,Tennessee,Stage,Electronics,47377,50,23688.5,4,Debit Card,3966.95
BF05143,06-10-2024,Michelle Pace,26-35,Male,Barbaraview,Connecticut,Off,Home Appliances,13641,13,11867.67,2,Gift Card,2895.97
BF05144,14-08-2024,Sydney Melton,18-25,Male,New Stevenchester,Alaska,Vote,Toys,11641,38,7217.42,2,UPI,383.59
BF05145,24-01-2024,Charles Best,36-45,Female,East Julie,Kansas,Tonight,Sports,3987,25,2990.25,1,Debit Card,727.58
BF05146,29-01-2024,Amy Anderson,36-45,Other,Johnsonbury,Nebraska,Expert,Home Appliances,47692,25,35769,4,Credit Card,3589.2
BF05147,27-06-2024,Phyllis Barnes,18-25,Female,Mooremouth,Kentucky,To,Beauty,7338,64,2641.68,1,Gift Card,443.07
BF05148,22-05-2024,Mark Boyer,46-60,Male,Krystaltown,Colorado,Toward,Home Appliances,30764,67,10152.12,4,Debit Card,1302.22
BF05149,21-05-2024,Diana Lucero,26-35,Other,Juliechester,Louisiana,System,Home Appliances,49310,28,35503.2,4,Debit Card,5225.4
BF05150,16-07-2024,Angela King,60+,Male,Austinstad,Hawaii,Impact,Sports,9098,13,7915.26,3,Credit Card,1270.21
BF05151,18-07-2024,Helen Avery,18-25,Male,Christinaton,Colorado,Their,Toys,35687,17,29620.21,2,Gift Card,5248.62
BF05152,05-09-2024,Christopher Estrada,36-45,Male,Meganberg,Utah,Miss,Toys,8224,50,4112,4,Debit Card,419.42
BF05153,18-06-2024,Brittany Perez,36-45,Female,West Davidhaven,North Dakota,Item,Clothing,27446,60,10978.4,4,Cash,1392.55
BF05154,08-12-2023,Trevor Calderon,26-35,Male,North Janestad,Massachusetts,Before,Clothing,19572,34,12917.52,3,UPI,2548.05
BF05155,15-07-2024,Steve Austin,60+,Female,Adammouth,Kentucky,You,Home Appliances,40744,48,21186.88,1,Debit Card,4586.45
BF05156,22-01-2024,Dakota Thomas,26-35,Male,Pettymouth,Michigan,Ten,Sports,7334,57,3153.62,1,Cash,402.87
BF05157,07-12-2023,Christopher Romero,36-45,Other,Emilyburgh,Pennsylvania,Final,Sports,34742,23,26751.34,1,Credit Card,3692.91
BF05158,10-12-2023,Brianna Cooley,26-35,Male,Sullivanhaven,Tennessee,Rise,Beauty,22000,27,16060,3,Gift Card,3666.73
BF05159,19-09-2024,Jeremiah Rivera,26-35,Female,West Garyborough,Pennsylvania,Report,Beauty,14660,66,4984.4,1,Cash,342.1
BF05160,14-01-2024,Curtis Guerra,18-25,Male,Victorchester,Maryland,Beat,Beauty,8879,25,6659.25,3,Debit Card,1029.82
BF05161,02-01-2024,Kevin Washington,26-35,Male,Dominguezfurt,Ohio,Claim,Beauty,18464,77,4246.72,2,Cash,817.12
BF05162,05-12-2023,Alison Campos,46-60,Male,West Ashlee,Tennessee,Ok,Clothing,23686,13,20606.82,1,Debit Card,3304.26
BF05163,12-09-2024,Thomas Chandler,36-45,Male,North Bryanshire,Arizona,Hope,Home Appliances,49080,65,17178,4,Debit Card,3402.44
BF05164,30-11-2023,Jason Wallace,18-25,Other,Lake Mary,North Carolina,Report,Clothing,10290,50,5145,4,Debit Card,979.78
BF05165,07-07-2024,Adam Fernandez,18-25,Female,Lake Jasonfort,South Carolina,Law,Toys,37142,31,25627.98,2,Gift Card,4664.25
BF05166,31-10-2023,Mr. James Rodriguez,60+,Female,Port Erin,Arkansas,Sure,Beauty,44022,28,31695.84,1,Debit Card,1831.64
BF05167,02-12-2023,Randy Mccarthy,26-35,Female,Paulmouth,Kentucky,Assume,Home Appliances,44964,31,31025.16,4,Cash,4201.33
BF05168,28-01-2024,Samantha Compton,26-35,Male,Nicolehaven,Idaho,Could,Clothing,27848,33,18658.16,3,Credit Card,3685.88
BF05169,21-12-2023,Elizabeth Rowe,18-25,Male,West Kennethview,Utah,Seat,Toys,20609,54,9480.14,1,Cash,614.7
BF05170,12-10-2023,Megan Levy,36-45,Female,East Marymouth,Idaho,Significant,Clothing,30151,41,17789.09,2,Credit Card,3430.7
BF05171,23-06-2024,Michael Gonzales,36-45,Male,West Kimberly,Iowa,Impact,Sports,35668,28,25680.96,1,Gift Card,3171.46
BF05172,19-03-2024,Kathy Velez,18-25,Male,North Richard,Tennessee,Edge,Electronics,46629,45,25645.95,4,Debit Card,2919.41
BF05173,26-11-2023,Luis Benson,36-45,Other,New Kaitlintown,Maryland,Order,Beauty,34742,49,17718.42,2,Cash,1071.23
BF05174,14-11-2023,Diane Whitehead,26-35,Male,East Katie,Alabama,Somebody,Sports,25577,77,5882.71,2,UPI,1095.69
BF05175,11-02-2024,Brandon Johnson,36-45,Other,Lake Davidville,Minnesota,Home,Clothing,25215,36,16137.6,2,Debit Card,3808.77
BF05176,05-08-2024,Austin Lewis,60+,Other,Briannaville,Nevada,Evening,Beauty,35788,47,18967.64,2,Credit Card,2084.81
BF05177,30-03-2024,Daniel Brown,36-45,Male,Katiemouth,Alabama,Former,Electronics,25978,22,20262.84,3,Debit Card,2464.09
BF05178,15-01-2024,Steven Miller,36-45,Male,Russellshire,Wyoming,Best,Toys,12934,76,3104.16,3,UPI,730.94
BF05179,11-07-2024,Shane Singh,60+,Female,Campbellville,Alaska,Growth,Sports,3212,13,2794.44,3,Debit Card,489.72
BF05180,16-06-2024,Mark Patel,36-45,Female,Deleonfort,Arkansas,Animal,Toys,11836,51,5799.64,3,Debit Card,425.29
BF05181,24-12-2023,Elijah Thomas,18-25,Male,Diazbury,South Dakota,Born,Sports,7593,35,4935.45,4,Credit Card,530.71
BF05182,07-04-2024,Jeff Jones,60+,Male,Wilsonburgh,Wyoming,Worker,Sports,6341,65,2219.35,4,Gift Card,482.29
BF05183,14-07-2024,Hannah Jones,36-45,Male,North Patrick,Iowa,Modern,Home Appliances,42367,66,14404.78,1,Credit Card,1638.17
BF05184,20-04-2024,Leah Hall,36-45,Female,Mitchellchester,South Dakota,Allow,Home Appliances,37652,77,8659.96,2,Cash,1279.76
BF05185,10-10-2024,Jason Sanchez,18-25,Female,Geraldville,Colorado,Just,Toys,27611,17,22917.13,3,Credit Card,2123
BF05186,30-01-2024,Eric Harris,46-60,Female,Taylormouth,Louisiana,Quickly,Clothing,8606,59,3528.46,3,Gift Card,660.57
BF05187,09-09-2024,James Barnes,26-35,Other,West Wendy,Delaware,Agency,Sports,1409,45,774.95,4,Gift Card,109.73
BF05188,16-06-2024,Christina Harmon,60+,Female,Mossport,Hawaii,Its,Clothing,39012,41,23017.08,2,Cash,3648.95
BF05189,16-12-2023,Rodney Rodriguez,46-60,Female,Lake Kathrynhaven,Nebraska,Social,Toys,29912,55,13460.4,3,Debit Card,2686.14
BF05190,15-09-2024,Brett Hernandez,60+,Other,Port Jenniferhaven,Delaware,Poor,Home Appliances,13170,42,7638.6,2,UPI,865.15
BF05191,26-07-2024,Robert Moyer,18-25,Male,West Nancy,Wisconsin,Town,Home Appliances,41235,40,24741,2,UPI,1767.52
BF05192,15-06-2024,Steven Fisher,36-45,Male,Diazfort,Montana,Begin,Home Appliances,18541,53,8714.27,4,UPI,1613.33
BF05193,29-06-2024,Erin Powell,26-35,Female,Robertview,Arkansas,Bill,Clothing,11463,47,6075.39,2,Debit Card,770.85
BF05194,31-10-2023,Eric Woodard,46-60,Male,Cummingsburgh,Michigan,Company,Beauty,9348,34,6169.68,3,Cash,1494.73
BF05195,05-08-2024,Daniel Campbell,36-45,Other,New Cameron,Nebraska,Member,Sports,14103,57,6064.29,1,UPI,1179.18
BF05196,18-10-2023,Jose Brennan,26-35,Male,Yorkburgh,Maine,One,Electronics,28554,43,16275.78,1,UPI,1691.99
BF05197,23-11-2023,Lisa Wilson,46-60,Other,Annastad,Arizona,Prepare,Clothing,28396,64,10222.56,2,Credit Card,1648.25
BF05198,28-11-2023,Wanda Baker,18-25,Other,North Courtney,Michigan,Argue,Toys,44285,18,36313.7,4,UPI,2126.37
BF05199,26-05-2024,Kevin Robinson,26-35,Female,Barreraburgh,Nebraska,Military,Beauty,14260,54,6559.6,1,Gift Card,473.73
BF05200,30-10-2023,Craig Anderson,18-25,Male,Rodneytown,Kentucky,Entire,Electronics,48121,21,38015.59,3,Credit Card,3356.08
BF05201,26-11-2023,Christina Ramirez,18-25,Female,New Carlosshire,Kentucky,Religious,Electronics,39267,49,20026.17,2,Cash,1726.24
BF05202,20-11-2023,Jacob Allen,26-35,Other,South William,Kentucky,Despite,Sports,2061,15,1751.85,4,UPI,207.54
BF05203,29-07-2024,Willie King,26-35,Other,Hallside,Hawaii,Not,Home Appliances,1413,45,777.15,2,Cash,189.09
BF05204,11-02-2024,Kimberly Smith,60+,Male,Christinaton,Louisiana,Within,Clothing,27967,11,24890.63,3,Gift Card,1561.1
BF05205,29-03-2024,Steven Weber,36-45,Female,Port Anthony,Utah,School,Clothing,29539,27,21563.47,4,Debit Card,2760.6
BF05206,30-01-2024,Jamie Gomez PhD,60+,Other,Port Ashleyberg,South Dakota,American,Electronics,22101,22,17238.78,1,Credit Card,1024.46
BF05207,17-01-2024,Sue Pacheco,26-35,Other,Port Toddhaven,Alaska,No,Beauty,27099,75,6774.75,3,Gift Card,1252.96
BF05208,06-02-2024,Lori Vega,60+,Male,Travisburgh,Georgia,Model,Home Appliances,25867,75,6466.75,4,Gift Card,1333.96
BF05209,29-04-2024,Karen Weaver,46-60,Female,Patriciatown,Colorado,Shoulder,Home Appliances,12970,48,6744.4,4,Debit Card,1368.7
BF05210,18-11-2023,Derek Le Jr.,60+,Male,New Jesustown,Michigan,Price,Clothing,15690,72,4393.2,3,Gift Card,899.51
BF05211,27-12-2023,Jennifer Hester,46-60,Other,Lake Marvinland,Missouri,Green,Toys,16799,53,7895.53,4,UPI,1953.72
BF05212,13-06-2024,Traci Adkins,18-25,Female,Francistown,Alaska,Far,Electronics,25000,14,21500,4,Credit Card,1598.09
BF05213,16-10-2023,Eric Williams,18-25,Male,South Kimberlyshire,Massachusetts,Draw,Home Appliances,7301,58,3066.42,3,UPI,569.85
BF05214,14-12-2023,Elizabeth Zimmerman,60+,Other,Kingmouth,Missouri,Successful,Electronics,42291,34,27912.06,1,UPI,1960.05
BF05215,26-03-2024,Gary Ramirez,26-35,Female,West Wanda,Virginia,Voice,Beauty,46701,43,26619.57,4,Gift Card,2829.31
BF05216,07-08-2024,Sharon Brown,18-25,Other,Port Brent,Idaho,Heart,Beauty,2918,36,1867.52,1,Debit Card,373.52
BF05217,22-11-2023,Paul Gamble,18-25,Male,Port Geraldmouth,Utah,Seven,Sports,20574,27,15019.02,2,Debit Card,2995.64
BF05218,04-07-2024,Shane Salinas,26-35,Female,Thompsonton,Connecticut,Business,Toys,28724,41,16947.16,1,Gift Card,1072.83
BF05219,04-11-2023,Carrie Mcgee,18-25,Other,East Nicoleland,Arkansas,Money,Toys,32186,69,9977.66,4,Cash,2029.47
BF05220,05-07-2024,Christina Wiley,60+,Female,East Marisa,Utah,Center,Home Appliances,47669,18,39088.58,3,Credit Card,7361.65
BF05221,04-11-2023,Karen Cook,60+,Other,Francoview,Rhode Island,Light,Sports,34561,40,20736.6,1,UPI,1199.29
BF05222,29-05-2024,Christina Parker,36-45,Male,Kimbury,Pennsylvania,Poor,Toys,44575,67,14709.75,1,Credit Card,1219.2
BF05223,26-04-2024,Kelsey Wang,18-25,Female,Milesside,Iowa,Popular,Sports,43281,74,11253.06,3,UPI,2294.4
BF05224,18-09-2024,Shari Harding,26-35,Female,South Jacqueline,New York,Cold,Home Appliances,9832,25,7374,4,Credit Card,1594.71
BF05225,14-09-2024,Ashley Armstrong,46-60,Other,Hernandezmouth,Wyoming,If,Toys,15728,55,7077.6,2,UPI,983.91
BF05226,13-01-2024,Ian Mitchell,18-25,Other,Morrisonview,Connecticut,Million,Electronics,11879,29,8434.09,2,UPI,504.26
BF05227,14-08-2024,Amanda Smith,60+,Male,North Frankmouth,Alabama,Beyond,Home Appliances,15044,42,8725.52,2,UPI,1219.07
BF05228,29-06-2024,Samantha Hall,46-60,Male,Lisatown,Florida,Beat,Clothing,49700,25,37275,1,Credit Card,2694.22
BF05229,03-07-2024,Scott Chang,36-45,Male,New Kathryn,New Hampshire,Statement,Toys,22820,18,18712.4,3,Debit Card,2531.89
BF05230,12-12-2023,Katherine Montgomery,60+,Other,New Meganport,Tennessee,Report,Toys,19291,19,15625.71,4,UPI,2070.98
BF05231,07-11-2023,Susan Wright,36-45,Female,Garrettbury,Indiana,Economic,Home Appliances,40907,23,31498.39,2,Cash,5999.83
BF05232,04-07-2024,Sarah Henry,36-45,Other,South Williamhaven,Nevada,Soon,Beauty,23971,54,11026.66,2,Gift Card,1669.07
BF05233,20-01-2024,Erin Schmidt,46-60,Other,West Michelleland,South Dakota,Old,Sports,43674,10,39306.6,4,Gift Card,6321.87
BF05234,28-06-2024,Jennifer Cannon,60+,Female,Garciaview,Wisconsin,Consumer,Sports,8711,66,2961.74,3,UPI,284.76
BF05235,06-01-2024,Thomas Tanner,60+,Female,Maryton,Oklahoma,Practice,Electronics,11740,37,7396.2,1,Cash,1774.16
BF05236,04-03-2024,Anthony Thompson,36-45,Female,South Amandamouth,Connecticut,Big,Electronics,42674,75,10668.5,3,Debit Card,1832.19
BF05237,15-03-2024,John Carter,36-45,Other,Codyfort,Washington,Everyone,Clothing,15202,49,7753.02,1,UPI,1133.78
BF05238,09-05-2024,Thomas Johnson,18-25,Other,South Wandahaven,Pennsylvania,North,Beauty,47417,21,37459.43,1,Gift Card,9155.71
BF05239,27-11-2023,Joseph Holmes,46-60,Female,Port Karen,Michigan,Own,Home Appliances,10897,59,4467.77,4,UPI,980.73
BF05240,05-04-2024,Timothy Blankenship,18-25,Other,Amandaland,Wisconsin,Mouth,Home Appliances,30614,42,17756.12,3,Gift Card,4330.82
BF05241,15-08-2024,Stacey Torres,46-60,Male,Port Steven,Nebraska,Subject,Home Appliances,17152,34,11320.32,3,Gift Card,1613.13
BF05242,28-05-2024,Danny Hicks,60+,Male,Parksmouth,Colorado,Action,Electronics,33958,43,19356.06,4,Debit Card,2841.63
BF05243,17-11-2023,James Friedman,46-60,Female,North John,Kentucky,Its,Toys,38206,37,24069.78,3,Cash,5179.46
BF05244,19-06-2024,Maria Johnson,26-35,Male,East Davidville,South Dakota,Stop,Home Appliances,10842,64,3903.12,1,Cash,843.29
BF05245,16-03-2024,Ronald Barnes,60+,Other,Stokesmouth,Oklahoma,People,Beauty,27161,75,6790.25,4,Credit Card,389.54
BF05246,11-03-2024,Jeffrey Rogers,46-60,Female,Seanland,Louisiana,Congress,Clothing,14583,55,6562.35,1,Gift Card,520.16
BF05247,02-09-2024,Jacqueline Lawrence,36-45,Male,Watsonfurt,Maryland,Site,Clothing,32647,19,26444.07,3,Cash,6277.69
BF05248,08-01-2024,Donna Thompson,36-45,Female,Bethburgh,Hawaii,Artist,Beauty,44860,73,12112.2,1,Gift Card,2536.68
BF05249,11-05-2024,Brian Holland,18-25,Other,Huffmanchester,Oklahoma,Simple,Home Appliances,34746,29,24669.66,3,Credit Card,2852.34
BF05250,03-07-2024,Ralph Hurst,26-35,Male,Toddfurt,Arkansas,Put,Toys,9771,20,7816.8,2,Gift Card,1681.06
BF05251,03-04-2024,Anthony Berry,46-60,Male,Littleside,South Carolina,Reason,Home Appliances,40559,65,14195.65,3,Debit Card,2960.59
BF05252,12-01-2024,Sheri Kirby,46-60,Male,West Michaela,New Mexico,The,Toys,46946,59,19247.86,1,Cash,1483.85
BF05253,27-03-2024,Alisha Brown,18-25,Other,Wilkinsonbury,California,Parent,Sports,25637,51,12562.13,4,Gift Card,1770.26
BF05254,24-04-2024,Juan Burke,18-25,Female,Kathleenport,Kentucky,Its,Beauty,16421,72,4597.88,2,Debit Card,1101.86
BF05255,21-01-2024,Denise Gallagher,46-60,Male,Lake Emma,Indiana,So,Clothing,22705,40,13623,4,Credit Card,3028.16
BF05256,29-08-2024,Loretta Horn,36-45,Female,South Emilymouth,Maine,Town,Beauty,9627,59,3947.07,4,Credit Card,290.55
BF05257,25-05-2024,Laura Moore,26-35,Female,South Mackenzie,Florida,Surface,Clothing,10295,47,5456.35,4,Credit Card,984.49
BF05258,25-09-2024,Stacey Gilbert,36-45,Female,Lake Kimberly,Colorado,Cause,Clothing,19659,27,14351.07,2,Debit Card,1750.76
BF05259,03-08-2024,Charles Cobb,18-25,Male,South Laura,Missouri,Whether,Electronics,20032,31,13822.08,3,Gift Card,1530.35
BF05260,11-03-2024,Elizabeth Lane,60+,Female,Lake Ethan,Nebraska,Spring,Electronics,7190,47,3810.7,1,UPI,350.35
BF05261,23-07-2024,James Davis,18-25,Other,Ellismouth,Maryland,Hear,Beauty,49281,21,38931.99,2,Credit Card,2737.99
BF05262,08-03-2024,Allison Sanchez,26-35,Male,North Mark,New Mexico,Great,Home Appliances,17367,54,7988.82,4,Credit Card,792.04
BF05263,01-08-2024,Katie Jennings,36-45,Other,South Eric,North Dakota,Federal,Home Appliances,22806,55,10262.7,2,Gift Card,1745.12
BF05264,04-01-2024,Hannah Jarvis,26-35,Female,West Michael,Virginia,Effect,Home Appliances,15847,71,4595.63,1,Debit Card,907.48
BF05265,23-08-2024,Madison Williams,26-35,Male,South Michael,Arizona,View,Clothing,21522,37,13558.86,1,Debit Card,2557.85
BF05266,18-04-2024,Denise Poole,36-45,Male,East Cassandra,Ohio,Real,Home Appliances,29398,48,15286.96,3,Credit Card,2908.78
BF05267,17-12-2023,Gail Anderson,26-35,Other,Phillipsburgh,Idaho,Ok,Sports,42227,38,26180.74,1,Credit Card,5107.35
BF05268,05-12-2023,Vicki Jenkins,60+,Male,Johnsonville,Texas,Quickly,Home Appliances,7568,64,2724.48,4,Credit Card,606.68
BF05269,28-05-2024,Kelsey Williams,46-60,Other,Lake Jenniferfurt,California,Whole,Electronics,37540,72,10511.2,2,UPI,591.79
BF05270,06-07-2024,Danielle Ellis,60+,Female,Port Catherine,South Carolina,Later,Home Appliances,14084,24,10703.84,1,Gift Card,647.39
BF05271,05-04-2024,Luis Calderon,18-25,Female,West Jenniferhaven,South Dakota,Rock,Clothing,14087,13,12255.69,2,Credit Card,2794.4
BF05272,08-02-2024,Dustin Christensen,36-45,Male,Lukeshire,Washington,We,Electronics,26334,14,22647.24,3,Gift Card,2168.74
BF05273,13-08-2024,Jamie Todd,36-45,Other,Garciastad,North Dakota,Man,Home Appliances,28136,60,11254.4,2,Gift Card,1509.51
BF05274,14-11-2023,Gabriela Calderon,18-25,Male,East Zachary,Alaska,Body,Electronics,22262,76,5342.88,2,Debit Card,437.86
BF05275,19-05-2024,Ryan Mccormick,18-25,Other,South Cassandramouth,West Virginia,Side,Clothing,14088,25,10566,1,Cash,812.25
BF05276,03-06-2024,Jesse Wilkins,60+,Male,New Christopher,Florida,Paper,Electronics,39727,40,23836.2,1,Cash,5404.08
BF05277,07-09-2024,David Warner,60+,Female,New Teresaview,Wisconsin,Pick,Electronics,31433,28,22631.76,1,Cash,3344.06
BF05278,01-07-2024,Dale Osborne,60+,Other,New Michaelmouth,North Carolina,Sister,Toys,2416,15,2053.6,2,Gift Card,327.29
BF05279,24-01-2024,Krista Smith,60+,Male,Scotthaven,Iowa,Body,Clothing,7808,36,4997.12,3,Debit Card,686.13
BF05280,01-08-2024,Christie Perkins,26-35,Female,Patelburgh,Texas,Discover,Beauty,18721,70,5616.3,4,Gift Card,527.38
BF05281,10-06-2024,Bonnie Glover,36-45,Other,Davidsonland,New Mexico,Explain,Sports,5507,69,1707.17,3,UPI,140.87
BF05282,02-09-2024,Stephanie Clark,60+,Male,Edwardsside,Ohio,Tend,Clothing,19562,16,16432.08,1,Credit Card,2032.59
BF05283,12-12-2023,Robert Hawkins,26-35,Female,Lake Kimberly,Rhode Island,Move,Beauty,1180,65,413,4,Credit Card,61.61
BF05284,26-11-2023,Jeffrey Erickson,26-35,Other,Port Geraldfurt,Missouri,Section,Sports,36694,37,23117.22,3,UPI,3020.65
BF05285,29-01-2024,Amber Floyd,46-60,Female,Walkershire,Indiana,Foot,Beauty,9926,28,7146.72,2,UPI,529.16
BF05286,09-01-2024,Alyssa Tapia,18-25,Female,Wrightchester,Illinois,Capital,Electronics,29100,48,15132,4,Credit Card,1411.98
BF05287,21-07-2024,Brian Stewart,60+,Other,Jensentown,Virginia,Model,Home Appliances,13705,43,7811.85,3,Debit Card,451.15
BF05288,03-07-2024,Patricia Douglas,26-35,Male,East Heather,Indiana,Face,Clothing,45270,16,38026.8,4,Debit Card,4220.79
BF05289,05-08-2024,Michael Hurley,60+,Female,Kathrynchester,Maine,Evidence,Clothing,42976,39,26215.36,4,Gift Card,3321.52
BF05290,21-05-2024,Joanne Curtis,26-35,Other,West Nicole,Nevada,Nature,Toys,42835,26,31697.9,2,Gift Card,2283.62
BF05291,08-03-2024,Michelle Smith,18-25,Female,Robynburgh,South Carolina,Capital,Toys,4498,52,2159.04,1,Credit Card,511.06
BF05292,03-11-2023,Denise Phillips,36-45,Male,Lake Jordanview,Missouri,Statement,Beauty,24739,68,7916.48,3,Gift Card,628.38
BF05293,13-08-2024,Andrew Smith,60+,Female,East Joshua,Kentucky,Car,Sports,22592,28,16266.24,4,Credit Card,1680.87
BF05294,17-12-2023,Stephanie Holland,26-35,Other,Port Mariaside,Idaho,Moment,Electronics,42539,76,10209.36,4,Gift Card,1948.5
BF05295,29-03-2024,Todd Bailey,26-35,Other,New Amyshire,Colorado,Source,Home Appliances,47649,35,30971.85,1,Gift Card,6805.51
BF05296,03-04-2024,Randy Mack,26-35,Female,Port Jacqueline,South Carolina,Property,Toys,11236,42,6516.88,3,Credit Card,1043.3
BF05297,30-10-2023,Andrew Fletcher,18-25,Male,Julialand,Iowa,Travel,Sports,30343,61,11833.77,2,Debit Card,2133.9
BF05298,18-08-2024,Gregory Morse,36-45,Other,Joannburgh,Arkansas,Gun,Sports,10048,59,4119.68,2,Cash,469.4
BF05299,13-12-2023,Andrea Williams,46-60,Female,South Julieville,Michigan,Agreement,Sports,35527,74,9237.02,4,Credit Card,2030.77
BF05300,01-07-2024,William Clark,36-45,Other,New Oscarton,Kansas,Authority,Sports,3910,12,3440.8,2,UPI,340.89
BF05301,20-12-2023,Michael Ross,26-35,Male,Welchfurt,New Mexico,Section,Electronics,11963,33,8015.21,1,Gift Card,1890.27
BF05302,02-10-2024,Joshua Bates,18-25,Other,Harrisville,Rhode Island,Hit,Home Appliances,4065,40,2439,3,Gift Card,514.27
BF05303,06-12-2023,Cynthia Garcia,36-45,Male,South Ryan,Idaho,Need,Home Appliances,26860,29,19070.6,2,Credit Card,3729.71
BF05304,12-09-2024,Anna Keith,18-25,Other,Ronaldhaven,South Carolina,Herself,Sports,24287,65,8500.45,3,Cash,1571.48
BF05305,15-12-2023,Eugene Diaz,60+,Other,Ericaborough,California,Can,Electronics,12802,54,5888.92,4,Cash,663.67
BF05306,05-05-2024,Lisa Knight,60+,Male,Lake Barbara,Wyoming,Current,Toys,22747,57,9781.21,2,Debit Card,847.88
BF05307,12-03-2024,William Ramos,36-45,Female,Aaronberg,New York,Operation,Clothing,15065,11,13407.85,1,Debit Card,2501.39
BF05308,07-02-2024,Joseph Wiley,36-45,Female,Dianetown,Virginia,Open,Sports,13818,12,12159.84,3,UPI,1525.68
BF05309,07-09-2024,Christopher Obrien,26-35,Male,Port Brianmouth,Pennsylvania,Deep,Home Appliances,8010,46,4325.4,3,Credit Card,789.67
BF05310,02-08-2024,Elizabeth Nelson,26-35,Female,Petersonland,New Mexico,Avoid,Sports,9532,60,3812.8,4,Cash,243.79
BF05311,25-08-2024,Christine Newman,18-25,Male,Port Sarah,North Carolina,Third,Electronics,26754,44,14982.24,2,Debit Card,1324.82
BF05312,10-03-2024,Alan Hill,26-35,Male,North Maria,Maryland,Data,Sports,39852,58,16737.84,3,UPI,2993.02
BF05313,16-09-2024,Brandy Palmer,26-35,Male,Villaport,West Virginia,Ago,Home Appliances,44555,57,19158.65,4,Credit Card,4209.65
BF05314,15-11-2023,Roberto Taylor,18-25,Other,Larabury,Connecticut,Cultural,Clothing,5781,10,5202.9,3,Cash,759.21
BF05315,11-09-2024,Kyle Mcbride,26-35,Male,Colleenfurt,Georgia,Range,Home Appliances,27087,23,20856.99,1,UPI,4129.81
BF05316,16-07-2024,Elizabeth Wilson,26-35,Female,Andersonstad,Missouri,Wife,Home Appliances,8110,14,6974.6,1,Credit Card,452.01
BF05317,06-01-2024,Brad Rodriguez,36-45,Female,New Christopherville,Hawaii,Deep,Home Appliances,16162,15,13737.7,1,Gift Card,938.4
BF05318,03-05-2024,Mary Livingston,46-60,Other,Rodriguezport,North Carolina,View,Sports,34652,49,17672.52,4,Gift Card,2375.63
BF05319,11-08-2024,Stacey Smith,36-45,Female,West Melissa,Virginia,From,Sports,7707,79,1618.47,2,UPI,245.5
BF05320,30-07-2024,Mary Chase,26-35,Female,North Terri,Indiana,Series,Clothing,14962,19,12119.22,1,Debit Card,2278.46
BF05321,02-10-2024,Randall Walker,60+,Other,West Josebury,California,Plan,Home Appliances,3664,63,1355.68,4,Gift Card,308.6
BF05322,01-10-2024,Amanda Porter,46-60,Female,Michelleview,Washington,Win,Clothing,8014,60,3205.6,1,Gift Card,235.18
BF05323,05-07-2024,Susan Contreras,36-45,Male,Brownmouth,California,Raise,Toys,14373,59,5892.93,1,Credit Card,996.92
BF05324,07-12-2023,Pamela Alexander,26-35,Other,Lake Tammy,Alabama,Picture,Electronics,32677,62,12417.26,2,Debit Card,1249.72
BF05325,31-05-2024,Mark White,46-60,Other,West Russellmouth,Pennsylvania,Later,Beauty,18519,64,6666.84,2,Credit Card,631.9
BF05326,13-04-2024,Matthew Adkins,26-35,Male,Port Kristi,Tennessee,Term,Electronics,8913,54,4099.98,3,Credit Card,979.49
BF05327,10-02-2024,Beverly Cox,46-60,Female,Freemanmouth,Washington,Field,Clothing,33636,64,12108.96,1,Cash,2041.11
BF05328,27-01-2024,Robert Weiss,26-35,Male,West Carloschester,Rhode Island,Paper,Clothing,31057,24,23603.32,3,UPI,3633.04
BF05329,02-10-2024,Julia Good,36-45,Female,West Gregory,Alaska,Service,Home Appliances,1251,23,963.27,3,Debit Card,213.07
BF05330,20-03-2024,Drew Hughes,26-35,Other,Melissaton,Alaska,Deep,Electronics,37252,43,21233.64,1,Gift Card,5031
BF05331,19-01-2024,Caitlin Garcia,18-25,Female,Rachelburgh,New York,Different,Sports,26740,71,7754.6,4,UPI,529.21
BF05332,02-11-2023,Janice Schroeder,60+,Male,West Harold,Kentucky,White,Home Appliances,13485,54,6203.1,1,Cash,1092.31
BF05333,25-12-2023,Joshua Duran,26-35,Female,Port Alexis,Maryland,Across,Toys,27111,25,20333.25,1,Credit Card,2614.1
BF05334,03-06-2024,Brian Lynch,60+,Male,Gregoryfort,Pennsylvania,Thus,Home Appliances,49760,19,40305.6,3,Gift Card,6143.38
BF05335,27-08-2024,Cameron Armstrong,26-35,Male,Gilmoreberg,Pennsylvania,Live,Sports,14752,70,4425.6,4,Cash,797.69
BF05336,10-08-2024,Jessica Chang,36-45,Other,Ochoaside,Hawaii,Seat,Beauty,5748,19,4655.88,4,Gift Card,791.77
BF05337,25-04-2024,Monique Anderson,60+,Female,Johnsonfort,Mississippi,Quality,Sports,31570,53,14837.9,3,Cash,2436.26
BF05338,20-10-2023,Kenneth Olson,18-25,Female,Port Chelseatown,New Hampshire,Talk,Toys,6697,31,4620.93,1,Gift Card,907.81
BF05339,28-03-2024,Ricky Wagner,36-45,Male,Donovanton,Kentucky,Authority,Home Appliances,28703,33,19231.01,2,Cash,3062.98
BF05340,09-10-2024,Dustin Bowman,18-25,Female,Rhondamouth,South Carolina,This,Clothing,48670,73,13140.9,2,Debit Card,3175.09
BF05341,16-06-2024,Brian Osborne,60+,Female,North Joseph,Maryland,School,Electronics,19339,66,6575.26,4,Credit Card,815.14
BF05342,04-08-2024,Matthew Griffith,36-45,Other,North Shari,New York,Evidence,Home Appliances,7443,18,6103.26,2,Credit Card,1346.18
BF05343,28-05-2024,Frances Moss,26-35,Other,West Jaredmouth,New Jersey,TRUE,Electronics,13923,51,6822.27,4,Credit Card,1412.98
BF05344,29-04-2024,Elizabeth Peterson,46-60,Male,Lake Bill,Louisiana,Yard,Electronics,2335,73,630.45,3,Gift Card,102.97
BF05345,09-12-2023,Monique Patterson,46-60,Female,Port Monica,Kentucky,Short,Clothing,32042,76,7690.08,3,Cash,1806.19
BF05346,07-02-2024,Malik Hamilton,18-25,Male,Brianstad,Nevada,Poor,Beauty,47759,64,17193.24,2,Debit Card,1974.16
BF05347,19-10-2023,Hannah Davis,26-35,Other,Stephaniehaven,Florida,Clearly,Electronics,31295,57,13456.85,4,UPI,1017.1
BF05348,19-04-2024,Nancy Sexton,46-60,Female,West David,Washington,Fact,Toys,7258,15,6169.3,4,Credit Card,468.21
BF05349,29-12-2023,Danielle Hall,36-45,Other,Lake Samantha,Idaho,Whose,Toys,5215,13,4537.05,4,Gift Card,875.66
BF05350,06-08-2024,Kevin Fitzgerald,60+,Other,Port Karen,South Dakota,Raise,Sports,20134,30,14093.8,3,UPI,2429.82
BF05351,03-02-2024,Jack Hayes,18-25,Male,South Larry,Alabama,Hit,Electronics,10012,70,3003.6,2,Credit Card,438.39
BF05352,24-04-2024,Crystal Morris,60+,Other,Port David,Tennessee,Decision,Electronics,24501,28,17640.72,4,Gift Card,2324.18
BF05353,21-10-2023,Kevin Dixon,26-35,Female,Andersonfort,North Dakota,Space,Electronics,31224,68,9991.68,4,Credit Card,2199.66
BF05354,29-12-2023,Caitlin Paul,36-45,Male,North Jasminemouth,Arizona,Anything,Electronics,7308,71,2119.32,4,UPI,513.53
BF05355,16-04-2024,Benjamin Casey,36-45,Female,Riveraton,Arizona,Under,Home Appliances,31776,47,16841.28,1,Debit Card,2267.13
BF05356,26-06-2024,Wendy Young,46-60,Male,West Jordanville,Washington,Defense,Sports,16801,19,13608.81,4,Debit Card,1453.21
BF05357,31-08-2024,Paul Torres,46-60,Female,New Meganchester,New Jersey,None,Beauty,45347,43,25847.79,2,Credit Card,3947.57
BF05358,17-01-2024,Seth Callahan,36-45,Other,North Jonathan,Alabama,Size,Electronics,39244,53,18444.68,4,UPI,2682.2
BF05359,14-03-2024,Sarah Huerta,36-45,Male,Lake Brandy,Louisiana,Sell,Clothing,20880,25,15660,4,Credit Card,1587.22
BF05360,18-11-2023,Lisa Ross,46-60,Female,New Michaelbury,Colorado,Minute,Clothing,28635,21,22621.65,3,Credit Card,1834.08
BF05361,21-04-2024,Michael Cruz,60+,Male,Port William,Oregon,Sound,Beauty,12772,63,4725.64,1,Debit Card,350.68
BF05362,10-12-2023,Fred Mcfarland,46-60,Other,Kingfurt,Kansas,Garden,Toys,41855,53,19671.85,3,Credit Card,1332.2
BF05363,20-09-2024,Derek Pacheco,18-25,Female,East Michelle,Illinois,Home,Sports,31422,41,18538.98,1,Debit Card,3770.43
BF05364,08-06-2024,Robert Curtis Jr.,46-60,Female,Port Tara,California,Base,Electronics,13075,65,4576.25,2,Gift Card,1025.79
BF05365,06-01-2024,Stephanie Williamson,36-45,Other,Williamland,Oregon,Example,Beauty,36682,69,11371.42,2,Cash,2462.94
BF05366,30-09-2024,Jared Morris,46-60,Male,South Philipfort,Oklahoma,To,Toys,35209,59,14435.69,4,Cash,1986.69
BF05367,27-06-2024,Scott Harper,36-45,Male,Moralesmouth,Oregon,Suggest,Beauty,19122,71,5545.38,1,Cash,618.32
BF05368,10-09-2024,Jeff Brown,18-25,Female,Richardland,Mississippi,Method,Clothing,8774,65,3070.9,3,Gift Card,701.89
BF05369,02-02-2024,Frank Jefferson,60+,Other,Angelabury,Wyoming,Figure,Electronics,13630,40,8178,3,Gift Card,1750.32
BF05370,12-01-2024,James Richards,18-25,Female,Dawnton,Louisiana,Exactly,Toys,7573,75,1893.25,2,Cash,276.06
BF05371,25-07-2024,Abigail Turner,36-45,Female,Fuentesville,New Jersey,Month,Sports,18769,24,14264.44,3,Cash,2656.13
BF05372,23-05-2024,Matthew Bray,36-45,Other,Melissafort,Montana,Name,Beauty,41331,20,33064.8,1,Gift Card,5952.53
BF05373,20-07-2024,Leslie Rivera,18-25,Male,Daniellechester,New Mexico,Tax,Clothing,4344,54,1998.24,4,Cash,374.82
BF05374,04-05-2024,Diane Calderon,18-25,Female,North Ryan,Utah,Address,Home Appliances,37600,18,30832,1,Gift Card,6751.15
BF05375,03-11-2023,Crystal Moran,60+,Male,Kingland,North Carolina,Up,Sports,11572,70,3471.6,4,Gift Card,689.73
BF05376,11-12-2023,Theresa Bryant,46-60,Female,East Douglasport,Montana,Physical,Beauty,38965,58,16365.3,2,Credit Card,3255.79
BF05377,11-03-2024,Tammy Green,26-35,Other,Juarezview,Wyoming,Republican,Sports,6715,17,5573.45,3,Debit Card,615.67
BF05378,05-01-2024,Jennifer Moore,60+,Other,Lake Paulton,Missouri,Easy,Beauty,43021,48,22370.92,4,Debit Card,4732.7
BF05379,10-12-2023,Stacey Jones,36-45,Male,Paulland,Alaska,Million,Electronics,25319,11,22533.91,1,Credit Card,4314.89
BF05380,11-05-2024,Jeffrey Burgess,26-35,Female,New Meganton,Colorado,Eat,Electronics,49986,62,18994.68,4,Debit Card,2372.46
BF05381,16-08-2024,Crystal Wilson,36-45,Other,New Alexis,Florida,Often,Home Appliances,17931,76,4303.44,2,Debit Card,345.5
BF05382,26-06-2024,Nancy Jenkins,36-45,Male,Lake Lindashire,Louisiana,Time,Toys,31390,26,23228.6,3,UPI,1937.69
BF05383,06-06-2024,Craig Evans,18-25,Male,New Heidi,New York,Mention,Sports,1963,22,1531.14,3,Credit Card,110.05
BF05384,29-08-2024,Kevin Gordon,46-60,Female,Karaville,Michigan,Here,Toys,15702,65,5495.7,3,UPI,879.39
BF05385,13-06-2024,Dr. Shawn Chang,26-35,Male,Foxton,South Carolina,Citizen,Sports,41719,69,12932.89,2,Gift Card,1871.47
BF05386,23-08-2024,Rhonda Matthews,18-25,Male,Patrickview,West Virginia,Rate,Electronics,11775,78,2590.5,4,Gift Card,639.23
BF05387,21-03-2024,William Pham,60+,Male,Thompsonville,Missouri,Show,Home Appliances,41951,37,26429.13,1,Debit Card,5731.44
BF05388,21-11-2023,Tanya Jacobs,36-45,Female,West Tylerside,Massachusetts,Wife,Home Appliances,49963,72,13989.64,4,Debit Card,704.05
BF05389,27-10-2023,Valerie Gonzalez,26-35,Male,Devonburgh,Iowa,Lead,Sports,44401,23,34188.77,4,Gift Card,3930.56
BF05390,21-09-2024,Anthony Jackson,26-35,Other,Harristown,Delaware,Though,Sports,22163,58,9308.46,1,Cash,1247.71
BF05391,22-10-2023,Mr. Anthony Figueroa,26-35,Other,South Jamesberg,Washington,Who,Home Appliances,41261,22,32183.58,2,Credit Card,7581.12
BF05392,17-02-2024,Paula Anderson,36-45,Female,Smithview,California,Operation,Clothing,40199,35,26129.35,4,Cash,3352.29
BF05393,17-01-2024,Scott Cummings,18-25,Female,Josephmouth,Oklahoma,Cause,Beauty,49639,11,44178.71,4,Gift Card,5948.31
BF05394,20-11-2023,Jason Ortiz,36-45,Male,Port Kimberlyfurt,Virginia,Group,Sports,37365,21,29518.35,2,Credit Card,6297.94
BF05395,31-10-2023,Rebecca Hodges,26-35,Female,Fitzpatrickshire,Wisconsin,Born,Sports,21375,41,12611.25,4,Debit Card,2272.93
BF05396,23-04-2024,Danielle Bauer,36-45,Male,Brittanychester,Rhode Island,Make,Toys,25115,60,10046,1,Credit Card,2194.5
BF05397,05-12-2023,Jacob Roach,60+,Male,Rachelland,Alabama,Bill,Toys,33345,15,28343.25,3,Credit Card,6931.39
BF05398,20-09-2024,Patricia Thomas,36-45,Female,New Danielhaven,Delaware,Finally,Clothing,31686,45,17427.3,3,Gift Card,1601.72
BF05399,05-02-2024,Brian Frazier,46-60,Female,West Lauriestad,Michigan,Learn,Beauty,6577,26,4866.98,2,UPI,656.37
BF05400,22-09-2024,Kyle Williams MD,26-35,Female,Paulachester,Utah,Billion,Sports,43883,44,24574.48,2,Gift Card,3076.22
BF05401,12-12-2023,William Lowe,36-45,Male,Ashleystad,Tennessee,Mention,Electronics,1124,23,865.48,4,Debit Card,214.85
BF05402,18-10-2023,Amanda Kaufman,36-45,Other,Millsmouth,Illinois,Truth,Sports,37713,35,24513.45,3,Credit Card,4754.27
BF05403,29-06-2024,Robert Hayes,18-25,Other,Theresamouth,Colorado,Government,Toys,17092,59,7007.72,2,Cash,459.05
BF05404,14-02-2024,James Moreno,26-35,Female,West Deniseton,Connecticut,Vote,Toys,5263,27,3841.99,2,UPI,519.65
BF05405,12-02-2024,Natasha Flowers,36-45,Female,South Jeffrey,Delaware,Product,Beauty,2428,50,1214,3,Cash,247.61
BF05406,14-06-2024,Joshua Morgan,46-60,Female,Dawntown,Montana,Step,Beauty,45092,34,29760.72,2,Cash,6689.97
BF05407,21-11-2023,Patricia Hunter,18-25,Female,West Kyleshire,Michigan,Real,Beauty,9176,15,7799.6,1,UPI,1526.06
BF05408,03-08-2024,Logan Gomez,26-35,Other,Port Dakota,Connecticut,Author,Sports,1977,17,1640.91,4,Credit Card,283.99
BF05409,07-09-2024,Angelica Brown,36-45,Female,South Rachelville,New York,Actually,Toys,20009,52,9604.32,4,Debit Card,705.85
BF05410,23-10-2023,David Coleman,18-25,Other,Adamsmouth,Arizona,Might,Sports,36847,31,25424.43,3,Cash,3536.62
BF05411,02-01-2024,Lindsey Brock,46-60,Female,Port Thomas,Wisconsin,Only,Toys,30115,29,21381.65,2,Debit Card,3202.01
BF05412,09-03-2024,Megan Bray,18-25,Female,East Jacquelinebury,South Dakota,Summer,Toys,32700,23,25179,3,Gift Card,4607.15
BF05413,16-08-2024,Daniel Tapia,36-45,Male,New Tonymouth,Idaho,Range,Home Appliances,20273,25,15204.75,4,Gift Card,3353.74
BF05414,06-07-2024,Carl Barber,18-25,Female,South Julieland,California,Light,Beauty,12907,63,4775.59,2,Cash,399.04
BF05415,05-01-2024,Jennifer Meyer,60+,Other,Cordovaborough,Minnesota,Garden,Toys,13491,77,3102.93,4,Gift Card,714.58
BF05416,15-04-2024,Deborah Foster,26-35,Male,East Kristiehaven,Alaska,Lead,Electronics,47649,55,21442.05,1,UPI,5272.9
BF05417,23-06-2024,Tanya Ramirez,60+,Male,Shelbyside,Delaware,Run,Sports,21702,79,4557.42,3,Debit Card,444.05
BF05418,05-12-2023,Michael Strong,36-45,Other,Lake Gregchester,Vermont,Either,Sports,19813,18,16246.66,3,Gift Card,1706.55
BF05419,23-10-2023,Tracey Hernandez,36-45,Female,Mcdanieltown,Maine,Building,Clothing,28735,44,16091.6,4,Gift Card,1274.78
BF05420,10-06-2024,Donna Maldonado,46-60,Other,Gardnerberg,Washington,International,Toys,837,32,569.16,4,Cash,44.26
BF05421,19-12-2023,Juan Spears,46-60,Other,Brandychester,Minnesota,Coach,Beauty,21882,56,9628.08,1,Cash,844.23
BF05422,18-07-2024,Steven Blanchard,26-35,Male,Jenkinsview,Idaho,Part,Home Appliances,43682,44,24461.92,2,Cash,1981
BF05423,08-11-2023,Robert Jones,36-45,Male,North Paulafurt,North Carolina,Oil,Electronics,26235,23,20200.95,4,Gift Card,4464.72
BF05424,31-12-2023,Elizabeth Mcdonald,60+,Other,Fieldsport,Tennessee,Yet,Home Appliances,19651,46,10611.54,4,Debit Card,1430.05
BF05425,29-05-2024,Steven Lewis,60+,Female,Port Angelabury,Montana,Meet,Electronics,42701,58,17934.42,2,UPI,3966.43
BF05426,06-05-2024,Molly Logan,36-45,Female,Victoriabury,Maryland,Yet,Sports,10460,74,2719.6,4,UPI,332.36
BF05427,10-09-2024,Stephanie Koch,46-60,Female,Kelseymouth,Wisconsin,Detail,Toys,38567,32,26225.56,3,Gift Card,6471.45
BF05428,30-06-2024,Donna Shields,26-35,Male,Port Jessicastad,Virginia,Artist,Beauty,29604,73,7993.08,1,Gift Card,918.75
BF05429,06-09-2024,James Barr,46-60,Other,Shawnville,Massachusetts,Really,Home Appliances,37481,57,16116.83,3,Credit Card,3156.99
BF05430,30-06-2024,Emma Pearson,46-60,Male,West Larry,Illinois,Yeah,Sports,4395,18,3603.9,4,UPI,184.81
BF05431,30-03-2024,Dana Chambers,26-35,Other,Blairton,Connecticut,We,Toys,29246,53,13745.62,3,Debit Card,2530.94
BF05432,09-07-2024,Christopher Miller,46-60,Male,Bridgesborough,Mississippi,Tell,Home Appliances,22454,57,9655.22,3,Credit Card,1580.89
BF05433,05-12-2023,Ashley Mcclure,46-60,Male,West Vanessaland,Idaho,More,Toys,8500,30,5950,3,UPI,1477.5
BF05434,07-01-2024,Christina Obrien,18-25,Male,Feliciaburgh,Virginia,American,Sports,24336,67,8030.88,1,Debit Card,960.7
BF05435,09-09-2024,Crystal Sanchez,46-60,Male,Angelicamouth,Oregon,Talk,Sports,31858,60,12743.2,3,Debit Card,772.06
BF05436,05-11-2023,Jennifer Gonzalez,36-45,Other,East Thomas,Washington,Make,Electronics,9618,72,2693.04,2,UPI,283.97
BF05437,28-03-2024,Thomas Bell,36-45,Other,Lake Stephen,Kentucky,My,Clothing,33556,27,24495.88,3,UPI,5094.77
BF05438,27-02-2024,Kimberly Clark,18-25,Male,New Melissa,Mississippi,President,Clothing,19773,29,14038.83,2,Debit Card,956.5
BF05439,12-04-2024,Sandra Young,46-60,Female,Davidton,Colorado,Same,Sports,2216,76,531.84,4,Credit Card,88.84
BF05440,21-07-2024,Cathy Smith,26-35,Other,Port Marcus,Pennsylvania,Item,Sports,9475,71,2747.75,2,UPI,197.09
BF05441,14-11-2023,Jesse Farrell,60+,Other,Mcculloughport,Wisconsin,Eye,Electronics,43552,75,10888,3,UPI,1374.04
BF05442,04-04-2024,Scott Johnson,46-60,Female,Bakerville,Alaska,Single,Home Appliances,34576,25,25932,4,UPI,2327.51
BF05443,22-04-2024,Danielle Jackson,60+,Female,Frankchester,Maryland,Design,Toys,1818,12,1599.84,2,Gift Card,124.65
BF05444,30-07-2024,William Garza,46-60,Female,West Laura,Nevada,Radio,Beauty,25405,35,16513.25,3,Gift Card,2703.72
BF05445,30-07-2024,Bernard Smith,60+,Female,Masonberg,Mississippi,Support,Sports,22780,57,9795.4,4,Credit Card,1302.63
BF05446,08-04-2024,Jacob Jones,26-35,Male,South Bradley,Michigan,Exactly,Sports,33693,36,21563.52,3,Gift Card,1604.62
BF05447,07-01-2024,Jamie Kim,60+,Other,Lake Sandra,Missouri,Course,Toys,32511,60,13004.4,1,Gift Card,2984.1
BF05448,26-05-2024,Stephanie Smith,26-35,Female,Mcintoshton,Alaska,Defense,Clothing,8620,54,3965.2,4,Debit Card,317.3
BF05449,16-01-2024,Spencer Weiss,26-35,Other,Jeremyshire,Iowa,Kind,Sports,28223,54,12982.58,3,UPI,941.26
BF05450,19-12-2023,Shannon Fletcher,60+,Male,New Ericport,Arizona,Realize,Home Appliances,42507,11,37831.23,1,Debit Card,3774.06
BF05451,07-09-2024,Amy Cochran,26-35,Male,Gibsonshire,California,Individual,Clothing,14001,63,5180.37,1,Debit Card,1072.45
BF05452,20-07-2024,Nicole Murphy,26-35,Male,Jamesfurt,Michigan,Well,Toys,33949,59,13919.09,3,UPI,1239.76
BF05453,30-10-2023,Lauren Rodriguez,26-35,Other,East Loribury,Iowa,Own,Toys,32879,17,27289.57,2,Credit Card,6677.9
BF05454,26-02-2024,Daniel Hill,46-60,Other,Lake Michaelmouth,West Virginia,Center,Sports,3466,63,1282.42,3,UPI,202.69
BF05455,11-11-2023,Elizabeth Frey,36-45,Male,West Frederickshire,Ohio,Successful,Sports,15631,69,4845.61,3,Credit Card,311.92
BF05456,20-08-2024,Ryan Morales,46-60,Female,Garrettburgh,Utah,Floor,Toys,16981,69,5264.11,4,Debit Card,898.97
BF05457,09-09-2024,Pamela Curtis,46-60,Other,Daleberg,New Hampshire,Imagine,Home Appliances,20290,39,12376.9,2,Gift Card,895.42
BF05458,15-09-2024,Mary Beck,18-25,Other,Raymondville,Georgia,Receive,Beauty,11330,38,7024.6,2,Credit Card,1286.89
BF05459,13-03-2024,Julie Coleman,46-60,Female,Walshchester,Virginia,Positive,Beauty,28067,57,12068.81,4,Cash,2080.64
BF05460,08-01-2024,Laura Johnson,36-45,Other,Lake William,Florida,War,Sports,14135,28,10177.2,2,Credit Card,1916.04
BF05461,14-07-2024,Jennifer Harding,36-45,Other,Shanebury,Illinois,Stand,Clothing,6784,74,1763.84,1,Cash,435.74
BF05462,15-02-2024,James Hamilton DDS,36-45,Other,Jenningsport,Missouri,Part,Electronics,25479,76,6114.96,3,Cash,638.29
BF05463,13-11-2023,Aaron Shepherd,60+,Male,Hallview,Alabama,Popular,Clothing,47655,54,21921.3,3,Debit Card,4862.91
BF05464,25-04-2024,Elizabeth Saunders,60+,Female,Arnoldstad,New York,Wear,Electronics,34502,50,17251,4,UPI,3537.13
BF05465,07-01-2024,Justin Knight,60+,Female,East Vincentville,Mississippi,Another,Sports,21239,21,16778.81,1,Credit Card,2237.19
BF05466,30-10-2023,Ellen Ellis,26-35,Other,Lake Christopherfort,California,So,Home Appliances,24017,28,17292.24,4,UPI,1051.51
BF05467,15-10-2023,Brittany Hodge,60+,Female,East Travisfurt,Alabama,Design,Beauty,7649,47,4053.97,4,Cash,898.81
BF05468,12-06-2024,Timothy Cooper,26-35,Other,Port Justin,Missouri,Specific,Home Appliances,18227,33,12212.09,3,Debit Card,2623.49
BF05469,02-11-2023,Ryan Hahn,18-25,Female,Maryville,Vermont,According,Clothing,28718,36,18379.52,4,Cash,3453.64
BF05470,24-01-2024,Christopher Robinson,36-45,Other,Valdezchester,West Virginia,Large,Sports,36321,78,7990.62,1,Gift Card,640.08
BF05471,19-07-2024,Jeffrey Jones,36-45,Female,West Aprilstad,North Carolina,Cause,Clothing,16260,64,5853.6,1,Cash,400.24
BF05472,04-11-2023,David Murphy,60+,Other,North Jessicatown,New York,Own,Home Appliances,44171,61,17226.69,4,Debit Card,2093.02
BF05473,26-05-2024,Chelsea Hernandez,18-25,Female,Hollyfort,Georgia,Put,Sports,43738,16,36739.92,3,Gift Card,4528.33
BF05474,26-11-2023,Jesse Foster,36-45,Other,South Judith,Washington,Church,Electronics,49941,54,22972.86,2,Credit Card,4537.13
BF05475,17-12-2023,Jeffrey Friedman,60+,Other,Swansonbury,Colorado,Leader,Toys,16722,45,9197.1,4,Cash,1982.93
BF05476,18-06-2024,Christian White,60+,Female,North Tracey,Utah,Good,Electronics,40607,13,35328.09,4,Cash,2766.12
BF05477,17-10-2023,Kathryn Thompson,60+,Female,Jessicaport,Ohio,Night,Beauty,34736,40,20841.6,4,Debit Card,2986.57
BF05478,19-08-2024,Matthew Arellano,26-35,Female,Davidborough,Nevada,Result,Beauty,47386,60,18954.4,2,Credit Card,4242.32
BF05479,20-09-2024,Michele Simmons,36-45,Female,North Lindsayview,Alaska,Spring,Sports,29896,28,21525.12,2,Cash,2659.24
BF05480,06-02-2024,Courtney Gomez,60+,Other,East Alan,Iowa,Be,Beauty,28128,64,10126.08,2,Cash,2214.56
BF05481,11-11-2023,Julie Davis,36-45,Male,Soniafurt,New Mexico,Read,Sports,38941,58,16355.22,2,Cash,3299.72
BF05482,27-04-2024,William Jackson,36-45,Male,Shawnhaven,Rhode Island,Realize,Home Appliances,11659,53,5479.73,3,Debit Card,1339.41
BF05483,22-07-2024,Michael Bryan,46-60,Female,Macdonaldtown,Oklahoma,Leave,Electronics,45930,76,11023.2,4,Cash,2358.66
BF05484,20-12-2023,Claire Evans,26-35,Female,New Jake,Wisconsin,Use,Home Appliances,2314,57,995.02,1,Debit Card,151.48
BF05485,12-09-2024,Marcia Maddox,60+,Female,Donnaland,Arizona,Sound,Beauty,46710,71,13545.9,4,UPI,1274.04
BF05486,02-09-2024,Stephen Harris,36-45,Female,Sanchezside,Connecticut,Respond,Sports,32971,72,9231.88,1,Debit Card,1580
BF05487,17-08-2024,Brett Sanders,60+,Other,Justinland,Connecticut,Great,Sports,8248,71,2391.92,1,Debit Card,182.66
BF05488,20-08-2024,Jade Rogers,60+,Male,East Kelli,Oklahoma,Economic,Clothing,4171,28,3003.12,2,Debit Card,473.63
BF05489,03-03-2024,Alyssa Johnson,26-35,Male,Lynnland,Colorado,Behind,Clothing,24046,70,7213.8,1,Debit Card,614.03
BF05490,05-10-2024,Mary Walker,26-35,Male,Danielhaven,Connecticut,Value,Clothing,16499,27,12044.27,1,Credit Card,1431.24
BF05491,09-04-2024,Jamie Larson,60+,Other,West Thomasville,California,Fight,Sports,6020,75,1505,3,UPI,111.82
BF05492,19-04-2024,Stephanie Rose,46-60,Male,Frankstad,Illinois,Charge,Home Appliances,18597,45,10228.35,2,Credit Card,2293.87
BF05493,07-04-2024,Patricia Turner,26-35,Other,Duranberg,Florida,According,Home Appliances,41060,13,35722.2,2,UPI,4542.11
BF05494,28-04-2024,Colin Ferguson,36-45,Female,Stephanieport,Utah,Now,Electronics,9641,41,5688.19,3,Debit Card,540.7
BF05495,16-05-2024,Jason Watson,36-45,Other,Johnsonchester,Idaho,Education,Sports,8853,44,4957.68,1,Debit Card,811.93
BF05496,27-01-2024,Anna Hill,46-60,Female,Carolynville,Colorado,Art,Clothing,14460,43,8242.2,3,Credit Card,781.52
BF05497,30-04-2024,Anne Randolph,26-35,Female,Callahanborough,Utah,Positive,Clothing,31827,76,7638.48,4,Gift Card,1557.51
BF05498,24-02-2024,Melissa Fuentes,46-60,Other,South Johnbury,Utah,Conference,Beauty,39808,10,35827.2,4,Debit Card,3589.6
BF05499,06-07-2024,Melinda Stone,60+,Male,Port Anthonystad,Pennsylvania,Fly,Clothing,16405,17,13616.15,4,Gift Card,3045.74
BF05500,28-06-2024,Corey Jackson,36-45,Other,West Joanna,Kentucky,Behavior,Home Appliances,3593,50,1796.5,1,Credit Card,271.16
BF05501,06-07-2024,Phyllis Carlson,18-25,Other,Kochchester,Minnesota,Though,Toys,44596,22,34784.88,3,Cash,7030
BF05502,07-02-2024,Richard Brown,60+,Female,East Miranda,Florida,They,Beauty,42921,60,17168.4,2,UPI,3635.51
BF05503,27-12-2023,Nathan Ross,18-25,Female,Lake Maryville,Wisconsin,Important,Toys,3858,52,1851.84,4,Debit Card,367.05
BF05504,27-03-2024,Brooke Roman,26-35,Female,Port Shawn,South Carolina,Thank,Sports,7275,60,2910,4,Credit Card,416.66
BF05505,30-12-2023,Annette Johnson,46-60,Male,East Lisastad,Nebraska,Your,Electronics,13466,69,4174.46,3,Debit Card,875.48
BF05506,02-09-2024,Robert Wagner,60+,Male,Josephmouth,South Dakota,Purpose,Beauty,43725,48,22737,4,UPI,4118.2
BF05507,23-03-2024,Danielle Morris,36-45,Other,Nobleville,Michigan,Example,Beauty,11861,20,9488.8,3,UPI,540.21
BF05508,25-04-2024,Michael Roman,60+,Female,Amberstad,Alaska,Spend,Toys,8640,68,2764.8,4,Debit Card,210.87
BF05509,30-10-2023,Mark Valdez,60+,Male,Bartonburgh,Montana,Data,Clothing,2658,57,1142.94,1,Debit Card,133.72
BF05510,20-05-2024,Steven Johnson,60+,Male,Jasonmouth,New Jersey,Deep,Clothing,29907,28,21533.04,4,Debit Card,2522.66
BF05511,08-09-2024,Kimberly Moses,36-45,Male,Grahammouth,Pennsylvania,Now,Home Appliances,39224,56,17258.56,2,Cash,1131.05
BF05512,21-11-2023,Nicholas Barron,26-35,Female,East Michaelberg,South Dakota,Over,Home Appliances,9767,29,6934.57,3,Gift Card,1666.61
BF05513,14-04-2024,Sandra Bradley,46-60,Female,Erinburgh,Wisconsin,Home,Clothing,40357,37,25424.91,4,Gift Card,2872.2
BF05514,20-05-2024,Andrea Norris,18-25,Female,North Shannonport,North Carolina,Leader,Electronics,30601,59,12546.41,3,Cash,1367.02
BF05515,14-06-2024,Brittany Love,46-60,Female,North Marcusside,Maryland,Significant,Clothing,1210,41,713.9,1,Debit Card,119.34
BF05516,17-01-2024,Luis Campos,18-25,Female,Brandonmouth,Vermont,Enough,Home Appliances,26198,42,15194.84,3,Cash,3239.52
BF05517,01-07-2024,Kimberly Sparks,18-25,Male,Dylanshire,Mississippi,Write,Electronics,27540,45,15147,3,UPI,1778.28
BF05518,06-02-2024,Christina Murray,18-25,Other,Lake Sierra,Massachusetts,Artist,Clothing,34569,37,21778.47,2,UPI,3989.16
BF05519,21-01-2024,Alyssa Walter,46-60,Other,South Heathertown,Alabama,Listen,Toys,46181,21,36482.99,4,Debit Card,3871.46
BF05520,01-04-2024,Lisa Stone,18-25,Other,East Edward,Mississippi,Study,Sports,4705,79,988.05,3,Cash,66.69
BF05521,11-03-2024,Joseph Craig,46-60,Female,Ewingport,West Virginia,Necessary,Toys,3647,56,1604.68,4,Debit Card,144.96
BF05522,04-08-2024,Eric Morris,26-35,Other,East Petermouth,Oklahoma,Sell,Beauty,14219,31,9811.11,2,Cash,906.86
BF05523,20-04-2024,Nathan Santiago,46-60,Male,North Lorettafort,Kentucky,Spring,Sports,13667,78,3006.74,4,Cash,454.31
BF05524,15-12-2023,Michael King,26-35,Other,Dominicton,Michigan,Compare,Home Appliances,42797,48,22254.44,2,UPI,5230.03
BF05525,09-04-2024,Ryan Nguyen,46-60,Other,Parkborough,Oregon,Financial,Beauty,44526,32,30277.68,4,Gift Card,7307.93
BF05526,30-10-2023,Tony Mitchell,26-35,Other,Gardnerland,New Mexico,Game,Sports,931,36,595.84,2,Cash,128.72
BF05527,20-09-2024,Michael Mann,26-35,Other,Shannonberg,Minnesota,Would,Electronics,32646,46,17628.84,2,Gift Card,2184.69
BF05528,08-01-2024,Heather Best,18-25,Male,Tylerborough,South Carolina,Give,Clothing,42091,23,32410.07,4,Cash,3181.44
BF05529,02-02-2024,Leah Stevens,26-35,Male,Port Jennifermouth,Washington,Law,Clothing,39245,12,34535.6,2,UPI,2533.67
BF05530,12-09-2024,Lisa Chang,36-45,Other,New Jason,Florida,Model,Sports,22524,32,15316.32,4,Gift Card,3453.11
BF05531,17-06-2024,Mr. David Young IV,60+,Male,Frankshire,Michigan,Whole,Toys,34404,73,9289.08,4,Debit Card,659.65
BF05532,22-04-2024,Michael Campbell DDS,18-25,Male,Brockchester,Florida,Important,Home Appliances,866,13,753.42,4,Cash,160.37
BF05533,23-11-2023,Erin Jackson,18-25,Female,Brandonchester,Nevada,Low,Beauty,31681,63,11721.97,4,Gift Card,848.21
BF05534,16-03-2024,Christopher Schroeder,46-60,Other,West Zoe,Georgia,Clearly,Beauty,49324,60,19729.6,4,UPI,1999.13
BF05535,01-09-2024,Steven Holt,60+,Male,Meghanchester,South Dakota,Area,Clothing,43252,26,32006.48,4,Cash,3407.65
BF05536,28-02-2024,Bradley Cole,36-45,Other,Butlershire,Minnesota,Just,Toys,29903,75,7475.75,2,Credit Card,1352.91
BF05537,31-08-2024,Kevin Ellis,60+,Female,Traceyfurt,Virginia,Home,Home Appliances,10696,57,4599.28,3,UPI,966.36
BF05538,18-08-2024,Tracy Schultz,26-35,Other,Crystalmouth,Maryland,Leave,Electronics,43232,22,33720.96,1,Cash,2161.19
BF05539,11-08-2024,Thomas Fisher,18-25,Male,New Timothyfurt,Ohio,Resource,Clothing,21353,60,8541.2,3,Credit Card,1774.71
BF05540,24-11-2023,Mary Valencia,18-25,Female,North Ryanborough,Hawaii,Everyone,Beauty,45372,67,14972.76,1,Cash,782.14
BF05541,23-11-2023,Carly Obrien,46-60,Other,Heidiside,Ohio,Democrat,Clothing,47894,14,41188.84,1,UPI,4742.95
BF05542,29-03-2024,Mr. Joseph Garza MD,60+,Other,South Nicole,Wyoming,Chair,Home Appliances,4597,49,2344.47,1,Debit Card,519.03
BF05543,22-03-2024,Pamela Reed,26-35,Other,Thomaston,Georgia,Once,Toys,9528,36,6097.92,3,Credit Card,443.77
BF05544,15-03-2024,Dakota Downs,36-45,Female,Lake Luismouth,Nevada,Power,Electronics,3245,29,2303.95,2,Gift Card,558.36
BF05545,07-04-2024,Albert Phillips,46-60,Other,New Theresaborough,Hawaii,Form,Toys,13572,67,4478.76,1,Cash,779.92
BF05546,09-07-2024,Bryan Anderson,26-35,Female,North Kelliborough,West Virginia,Theory,Electronics,45751,60,18300.4,2,Gift Card,2115.2
BF05547,16-01-2024,Michael Patterson,60+,Male,North Shelleyfort,Florida,Community,Electronics,46645,43,26587.65,2,Credit Card,3832.24
BF05548,06-04-2024,Robert Wagner,36-45,Female,Heatherhaven,West Virginia,Poor,Beauty,27172,28,19563.84,4,Credit Card,978.92
BF05549,13-09-2024,Adrienne Leonard,46-60,Other,Lake Jeremiahhaven,Kansas,Young,Home Appliances,30557,36,19556.48,4,Gift Card,1547.38
BF05550,11-08-2024,Melissa Smith,36-45,Other,Teresamouth,California,Service,Sports,15801,55,7110.45,4,Credit Card,1663.9
BF05551,02-02-2024,Danny Johnson,26-35,Other,Jenniferfort,Virginia,Behavior,Home Appliances,32433,22,25297.74,2,Gift Card,3030.86
BF05552,30-11-2023,Jesse Collins,46-60,Other,Rojasberg,Illinois,Hot,Electronics,49792,37,31368.96,2,Cash,4803.01
BF05553,27-12-2023,Patrick Hansen,60+,Other,Johnhaven,New Jersey,Accept,Toys,11806,33,7910.02,1,Credit Card,1057.66
BF05554,08-03-2024,Kristen Little,18-25,Male,Port Aaron,North Dakota,Investment,Home Appliances,49692,63,18386.04,1,Credit Card,4063.62
BF05555,02-12-2023,Raymond Jones,18-25,Female,Pereztown,Pennsylvania,Single,Electronics,19308,25,14481,4,Gift Card,3243.5
BF05556,26-02-2024,Stephanie Ferguson,60+,Female,East Marcborough,Pennsylvania,Environmental,Clothing,25619,54,11784.74,3,Gift Card,2686.14
BF05557,11-09-2024,Billy Smith,36-45,Male,Ericaburgh,Georgia,Statement,Beauty,38470,67,12695.1,2,Gift Card,1084.57
BF05558,25-12-2023,Timothy Allen,18-25,Female,New Markchester,North Dakota,Task,Home Appliances,20375,42,11817.5,1,Debit Card,730.95
BF05559,01-08-2024,Robert Donaldson,60+,Male,Benjaminland,Connecticut,Energy,Beauty,37883,41,22350.97,1,UPI,1375.44
BF05560,05-05-2024,Rhonda Sanders,46-60,Other,Port Michaelton,Virginia,Realize,Electronics,46739,18,38325.98,1,Debit Card,7070.47
BF05561,13-04-2024,Barry Baker,18-25,Female,Campbellside,Kentucky,Really,Sports,27224,53,12795.28,4,Credit Card,1473.84
BF05562,10-03-2024,Kelly Jackson,60+,Male,Lake Brittanyberg,Michigan,Court,Clothing,15918,41,9391.62,4,UPI,1189.69
BF05563,26-10-2023,Jennifer Morrison,60+,Other,Lake Johnberg,Oregon,During,Home Appliances,28423,37,17906.49,2,UPI,2138.93
BF05564,13-12-2023,Heidi King,26-35,Female,Leeland,Colorado,Compare,Beauty,26749,54,12304.54,1,UPI,716.36
BF05565,30-08-2024,Brenda Peterson,46-60,Female,West Kaitlin,Oklahoma,Anything,Sports,41862,71,12139.98,1,UPI,911.58
BF05566,19-05-2024,Andrew Norman,46-60,Male,Cheyenneport,Kentucky,Herself,Clothing,40951,16,34398.84,2,Credit Card,3249.52
BF05567,23-02-2024,Vincent Houston,46-60,Other,North Robert,Connecticut,Several,Clothing,45809,38,28401.58,3,Gift Card,3737.15
BF05568,28-11-2023,Haley Weiss,36-45,Female,Rasmussenview,Arkansas,Billion,Clothing,24226,48,12597.52,4,Gift Card,1060.41
BF05569,21-12-2023,Brooke James,60+,Male,Carsonchester,Washington,Ok,Sports,31601,28,22752.72,1,Gift Card,3968.31
BF05570,02-02-2024,Alexander Harris,36-45,Male,Rebeccaland,North Dakota,Sound,Home Appliances,17999,75,4499.75,1,Credit Card,448.04
BF05571,16-01-2024,Stephanie Allen,36-45,Other,Thompsonport,Wisconsin,Watch,Home Appliances,12227,66,4157.18,2,Gift Card,642.83
BF05572,28-08-2024,John Kidd,60+,Other,North Patriciachester,Arkansas,Mean,Sports,15575,67,5139.75,4,UPI,890.71
BF05573,30-06-2024,Sean Zamora,36-45,Male,East Jaredport,North Dakota,Onto,Electronics,29823,54,13718.58,3,Gift Card,1173.41
BF05574,10-02-2024,Matthew Crawford,60+,Female,South Heatherbury,Ohio,Laugh,Home Appliances,25886,68,8283.52,1,Cash,1411.41
BF05575,19-11-2023,Jacob Smith,18-25,Male,Port Michelle,Florida,Cause,Beauty,16754,38,10387.48,2,Cash,1010.83
BF05576,30-10-2023,Stephanie Sanders,46-60,Other,West Dawnburgh,Connecticut,Artist,Clothing,38701,79,8127.21,2,Debit Card,1539.88
BF05577,05-11-2023,Kenneth Henderson,46-60,Male,Vargasstad,Indiana,Past,Electronics,19222,33,12878.74,2,Debit Card,891.23
BF05578,08-05-2024,Andrea Burns,18-25,Female,West Sabrinabury,West Virginia,At,Sports,25906,54,11916.76,3,UPI,1724.2
BF05579,06-10-2024,Dale Alvarez,46-60,Other,New Holly,Kentucky,Only,Home Appliances,17183,41,10137.97,1,Cash,2255.16
BF05580,26-11-2023,John Wilson,26-35,Other,New Michael,Pennsylvania,Feeling,Clothing,11689,49,5961.39,1,Cash,1238.49
BF05581,07-09-2024,Joanna Pena,18-25,Female,Maryfurt,New Hampshire,Option,Home Appliances,40041,50,20020.5,4,Gift Card,1904.36
BF05582,07-02-2024,Michelle Greene,46-60,Other,Jamesberg,Virginia,Serious,Sports,41280,55,18576,1,Cash,2829.18
BF05583,08-10-2024,Gabrielle Perez,26-35,Male,North Amanda,Wisconsin,Choose,Toys,27644,27,20180.12,2,Gift Card,4862.5
BF05584,24-01-2024,Lisa Bell,36-45,Other,Ryanville,Alabama,Mention,Beauty,45486,18,37298.52,1,Credit Card,4672.18
BF05585,31-10-2023,Courtney Sampson,18-25,Other,Port Brittneystad,Utah,Politics,Home Appliances,1665,79,349.65,4,Cash,69.51
BF05586,27-09-2024,Jonathan Ross,60+,Other,South Natalie,Washington,There,Sports,30331,62,11525.78,4,Gift Card,2321.49
BF05587,15-09-2024,Amanda Young,60+,Other,Westborough,South Carolina,Measure,Sports,14246,52,6838.08,2,Credit Card,736.05
BF05588,09-07-2024,Brian Perry,18-25,Other,Christianview,Michigan,Blood,Sports,46137,12,40600.56,3,Credit Card,7382.69
BF05589,18-03-2024,Caitlin Lee,18-25,Male,Phillipshaven,Ohio,Main,Beauty,19111,47,10128.83,4,UPI,949.41
BF05590,13-01-2024,Brenda Fernandez,60+,Female,Garciaberg,Michigan,Wear,Beauty,4708,31,3248.52,4,Gift Card,698.58
BF05591,25-09-2024,Ryan Barry,36-45,Male,New Donald,North Carolina,Degree,Home Appliances,1249,56,549.56,4,Gift Card,80.13
BF05592,26-07-2024,Marc Hernandez,18-25,Female,Lake Krystalfurt,Maryland,Spring,Toys,14770,69,4578.7,1,Credit Card,300.06
BF05593,24-03-2024,Randy James II,46-60,Female,Lewisberg,Nebraska,Begin,Electronics,33684,45,18526.2,4,UPI,3237.5
BF05594,15-12-2023,Vicki Mcbride,26-35,Female,East Angela,Arizona,Risk,Clothing,29936,19,24248.16,4,Cash,2069.2
BF05595,16-05-2024,Lisa Jones,36-45,Other,West Donburgh,Hawaii,Such,Clothing,35782,57,15386.26,4,Cash,2388.45
BF05596,25-04-2024,Joseph Fields,26-35,Female,Margaretchester,Louisiana,Style,Sports,17927,60,7170.8,3,Gift Card,1390.71
BF05597,27-01-2024,Joseph Hansen,36-45,Female,Owensside,Vermont,Entire,Sports,34823,48,18107.96,3,Debit Card,2592.55
BF05598,22-03-2024,Chelsea Fischer,60+,Female,South Loriborough,Mississippi,Stuff,Toys,39957,53,18779.79,3,Credit Card,1357.98
BF05599,10-02-2024,Matthew Adams,60+,Other,Barbaratown,Nevada,Fine,Toys,20728,70,6218.4,2,Gift Card,788.32
BF05600,12-08-2024,Debra Williams,18-25,Male,Josephbury,Rhode Island,Risk,Beauty,29179,26,21592.46,4,Gift Card,1833.93
BF05601,18-04-2024,Lisa Richardson,26-35,Other,Port Jayborough,Alaska,Simple,Home Appliances,10084,66,3428.56,4,Debit Card,183.04
BF05602,26-11-2023,Jenny Wise,26-35,Male,East Samantha,Colorado,Alone,Electronics,47834,36,30613.76,4,Credit Card,7218.34
BF05603,22-02-2024,Nicholas Lee,26-35,Female,Darylbury,Alabama,Pick,Home Appliances,20620,45,11341,2,Gift Card,1008.36
BF05604,21-12-2023,Dana Esparza,26-35,Male,Port Kelly,Tennessee,Interesting,Electronics,31803,57,13675.29,4,UPI,2570.85
BF05605,08-11-2023,Megan Brown,60+,Female,Whitneyport,Virginia,Accept,Electronics,17783,30,12448.1,3,Debit Card,1736.84
BF05606,25-09-2024,Charles Dougherty,60+,Male,Lake Coreytown,Wisconsin,Southern,Home Appliances,21272,55,9572.4,1,Cash,1029.06
BF05607,26-01-2024,Jennifer Villanueva,26-35,Other,New Ericchester,Texas,Side,Home Appliances,25830,21,20405.7,2,UPI,3689.39
BF05608,10-07-2024,Kevin Knight,26-35,Male,Wrightview,New York,Southern,Beauty,26472,42,15353.76,3,Credit Card,2587.05
BF05609,07-03-2024,Maria Adams,60+,Female,Annview,Illinois,Meet,Home Appliances,37138,43,21168.66,1,Cash,4726.89
BF05610,20-06-2024,Stephanie Harris,36-45,Female,New Thomasland,Georgia,Rich,Home Appliances,15556,47,8244.68,1,Debit Card,1087.46
BF05611,12-12-2023,Tonya Hughes,18-25,Female,South Michael,Tennessee,Care,Electronics,5036,31,3474.84,2,Credit Card,849.39
BF05612,23-01-2024,Anthony Gomez,60+,Female,East Tonya,Arkansas,Future,Clothing,36548,65,12791.8,4,Debit Card,1706.83
BF05613,11-05-2024,Andrea Griffin,46-60,Female,Paulashire,New Mexico,Section,Toys,9348,19,7571.88,3,Gift Card,896.19
BF05614,19-07-2024,Eileen Hines,46-60,Female,Stewartmouth,New York,Spend,Sports,39661,26,29349.14,2,Cash,3415.73
BF05615,19-06-2024,Patrick Coleman,18-25,Other,Lake Jose,Washington,Per,Sports,17529,19,14198.49,2,Credit Card,3084.67
BF05616,12-03-2024,Scott Wade,46-60,Male,Mercadostad,South Dakota,Two,Electronics,23505,15,19979.25,1,Gift Card,2682.54
BF05617,23-06-2024,Emily Kirk,18-25,Female,Port Philipland,Virginia,Born,Beauty,41673,71,12085.17,3,Debit Card,958.75
BF05618,21-02-2024,Ryan Martinez,60+,Female,Seanbury,Idaho,And,Sports,27860,78,6129.2,2,Gift Card,940.86
BF05619,21-05-2024,Betty Burns,26-35,Other,South Meganburgh,Minnesota,Ten,Electronics,38988,48,20273.76,4,UPI,1649.82
BF05620,21-09-2024,Hannah Wood,46-60,Female,East Kelli,Hawaii,I,Beauty,1051,29,746.21,4,Credit Card,41.16
BF05621,26-03-2024,Samantha Gonzalez,18-25,Male,East Melissa,Connecticut,Know,Beauty,46682,28,33611.04,3,Credit Card,8073.85
BF05622,14-09-2024,Derrick Romero,46-60,Male,Jenniferport,Indiana,Mr,Home Appliances,29435,32,20015.8,4,Cash,3973.42
BF05623,05-04-2024,John Evans,60+,Other,Sullivanmouth,Alaska,Push,Beauty,44886,73,12119.22,3,UPI,1624.67
BF05624,27-12-2023,Trevor Robertson,18-25,Other,West Angela,Maine,Soon,Beauty,31640,62,12023.2,3,Credit Card,2661.15
BF05625,23-06-2024,Robert Patton,36-45,Female,Angelicaport,New Mexico,Table,Toys,5643,75,1410.75,4,Credit Card,269.06
BF05626,20-05-2024,Jill Park,18-25,Female,Lake Thomasbury,Wyoming,By,Beauty,47867,26,35421.58,4,UPI,8128.17
BF05627,24-09-2024,Alexander Mckinney,36-45,Female,Port Dustinfort,Maine,Finish,Sports,48722,11,43362.58,1,Debit Card,5209.52
BF05628,01-12-2023,David Guzman,36-45,Male,Sanchezburgh,Kentucky,Spend,Clothing,20887,46,11278.98,4,Debit Card,822.43
BF05629,05-06-2024,James Harvey,46-60,Female,Lisaborough,Florida,All,Sports,37632,22,29352.96,1,Credit Card,1892.81
BF05630,13-12-2023,Paula Cruz,26-35,Other,New Martin,Kentucky,Alone,Clothing,30630,51,15008.7,3,UPI,2773.57
BF05631,22-09-2024,Cindy Smith,60+,Male,Josephmouth,Rhode Island,Clear,Electronics,31301,30,21910.7,2,Debit Card,2348.62
BF05632,27-12-2023,Carrie Young,36-45,Male,Ryanberg,Montana,Past,Sports,38080,20,30464,3,Gift Card,3767.56
BF05633,08-12-2023,Alicia Roach,60+,Female,Fitzpatrickburgh,Montana,Alone,Home Appliances,12731,27,9293.63,1,Debit Card,2137.41
BF05634,22-10-2023,James Jones,26-35,Other,Thorntonfurt,Kansas,Fast,Sports,22474,59,9214.34,3,Gift Card,1198.15
BF05635,06-04-2024,Patrick Bennett,60+,Other,Port Autumnshire,Missouri,Network,Sports,47631,55,21433.95,4,Gift Card,4085.95
BF05636,31-08-2024,Tracey Valenzuela,46-60,Male,Drakeville,Arizona,Various,Beauty,46236,22,36064.08,3,UPI,8237.48
BF05637,01-05-2024,Maria Gonzalez,46-60,Other,Kathryntown,Illinois,Attention,Toys,21359,37,13456.17,4,Debit Card,793.9
BF05638,20-08-2024,Kelly Morris,26-35,Other,Jacobsbury,Alaska,Most,Toys,4195,53,1971.65,2,UPI,382.3
BF05639,19-11-2023,Mrs. Danielle Davis MD,36-45,Male,Raymondmouth,New York,Moment,Beauty,43721,77,10055.83,2,Credit Card,1298.64
BF05640,06-05-2024,Justin Gross,36-45,Male,Campbellville,North Dakota,Evidence,Clothing,11976,10,10778.4,3,UPI,2183.96
BF05641,12-03-2024,William Preston,46-60,Female,New Shannon,Georgia,Month,Sports,21119,70,6335.7,1,Gift Card,1535.8
BF05642,16-02-2024,Christine Downs,18-25,Other,East Sandra,Oklahoma,Record,Sports,31836,19,25787.16,2,Cash,5155.54
BF05643,25-02-2024,Amanda Allen,46-60,Female,East David,Florida,Form,Electronics,26176,46,14135.04,1,Gift Card,3497.03
BF05644,02-04-2024,Kelly Newman,46-60,Male,West Ryan,Missouri,Campaign,Clothing,22023,24,16737.48,4,Debit Card,1031.4
BF05645,04-09-2024,Abigail Walls,26-35,Other,Tannertown,Tennessee,Media,Electronics,27543,15,23411.55,2,UPI,1939.43
BF05646,01-07-2024,Eric Martinez,26-35,Female,North Daniel,Massachusetts,Six,Home Appliances,5797,68,1855.04,2,UPI,351.63
BF05647,29-11-2023,Michael Nguyen,46-60,Female,Rollinsside,Wisconsin,Find,Sports,33274,27,24290.02,4,Cash,1448.86
BF05648,27-04-2024,Joshua Vincent,46-60,Male,West Joshuaborough,Rhode Island,Evening,Beauty,34907,71,10123.03,4,UPI,1585.38
BF05649,19-05-2024,Robert Parks,36-45,Female,North Sethburgh,Indiana,Pass,Clothing,4910,72,1374.8,1,Gift Card,158.9
BF05650,21-11-2023,Michelle Moreno,60+,Female,West Joseph,Texas,President,Electronics,40351,34,26631.66,1,Cash,4230.02
BF05651,05-08-2024,Joshua Hull,60+,Other,Oscarchester,Ohio,Order,Home Appliances,24894,30,17425.8,2,Debit Card,919.82
BF05652,18-12-2023,Elizabeth Mueller,18-25,Male,Mitchelltown,Kentucky,Player,Sports,48564,43,27681.48,2,Cash,5606.72
BF05653,28-02-2024,Kimberly Bowers,18-25,Male,Mollyhaven,Alabama,Shoulder,Toys,23266,63,8608.42,1,Credit Card,2080.28
BF05654,18-12-2023,Dr. Ashley Williams,18-25,Male,Phillipsmouth,Delaware,Friend,Sports,9473,73,2557.71,2,Cash,219.15
BF05655,28-01-2024,Alan Lopez,36-45,Female,Christopherside,Louisiana,Leader,Toys,44523,27,32501.79,3,Debit Card,5782.53
BF05656,24-08-2024,Robert Olsen,36-45,Male,New Jamesshire,Texas,Threat,Beauty,25367,17,21054.61,4,Credit Card,2969.73
BF05657,07-04-2024,Bradley Drake,26-35,Other,Williamsmouth,California,Treatment,Toys,35726,61,13933.14,1,Credit Card,2015.47
BF05658,24-07-2024,Michael Rowe,26-35,Male,Port Jennabury,Missouri,Now,Home Appliances,48028,58,20171.76,3,Debit Card,2828.43
BF05659,19-02-2024,Heidi Anderson,18-25,Female,West Kenneth,Nebraska,Gas,Home Appliances,5164,78,1136.08,2,Gift Card,93.84
BF05660,24-06-2024,Larry Taylor,36-45,Male,Parkerfort,Georgia,Catch,Toys,18475,22,14410.5,4,Cash,1829.71
BF05661,03-12-2023,Debra Bishop,26-35,Male,Javierhaven,Illinois,Speech,Toys,40365,73,10898.55,2,UPI,2252.7
BF05662,03-06-2024,Morgan Williams,18-25,Male,Jonesbury,Arizona,Hour,Toys,19108,73,5159.16,2,Cash,912.04
BF05663,19-06-2024,Penny Adams,26-35,Female,East Danafurt,Michigan,Daughter,Home Appliances,45611,31,31471.59,2,Credit Card,4385.66
BF05664,21-09-2024,Jackie Miller,60+,Female,Lake Nicholashaven,Wyoming,Stock,Clothing,22594,31,15589.86,1,Credit Card,798.98
BF05665,26-02-2024,Philip Perez,26-35,Female,Jamesview,Delaware,That,Beauty,14987,63,5545.19,1,UPI,1029.17
BF05666,11-11-2023,Mark Newton,46-60,Male,Justinfort,Texas,This,Beauty,22736,32,15460.48,3,Debit Card,1823.44
BF05667,01-11-2023,Darren Williams,26-35,Male,New Wesley,North Dakota,Table,Sports,1037,15,881.45,3,Gift Card,172.17
BF05668,19-11-2023,Wayne Campbell,18-25,Other,West Heidiland,New Mexico,Guy,Home Appliances,37981,22,29625.18,3,Debit Card,1567.76
BF05669,22-06-2024,Shelley Newton,26-35,Male,Johnsonton,Virginia,Mother,Electronics,1652,62,627.76,1,Cash,117.63
BF05670,25-10-2023,Aaron Bailey,36-45,Female,New Michael,Kansas,Produce,Toys,12394,63,4585.78,4,Gift Card,343.36
BF05671,13-07-2024,Terri Myers,26-35,Male,Perrybury,Connecticut,Ground,Home Appliances,23173,37,14598.99,3,Gift Card,3186.83
BF05672,18-11-2023,Trevor Conrad,46-60,Other,Johnsonburgh,North Carolina,Woman,Sports,2969,43,1692.33,1,Credit Card,391.47
BF05673,11-12-2023,Alexis Clark,18-25,Other,Brianfurt,North Dakota,Little,Sports,7157,68,2290.24,1,UPI,268.86
BF05674,21-03-2024,Tammy Stewart,60+,Male,Port Johnhaven,New Mexico,Voice,Toys,29483,28,21227.76,4,Gift Card,4143.54
BF05675,18-12-2023,Wayne Taylor,60+,Female,Kristenfort,Minnesota,Administration,Clothing,46602,69,14446.62,4,Credit Card,2219.75
BF05676,13-08-2024,Laurie Middleton,60+,Male,Howardshire,Maine,Sister,Toys,30780,21,24316.2,1,Debit Card,2474.82
BF05677,02-08-2024,Robert Rivera,60+,Other,Port Jennifer,Idaho,Control,Beauty,12968,67,4279.44,3,Debit Card,249.69
BF05678,25-03-2024,Tammy Ford,46-60,Female,New Jacobfurt,North Dakota,American,Electronics,25959,72,7268.52,4,UPI,430.17
BF05679,10-06-2024,Ann Andersen,26-35,Male,Port Monica,Wisconsin,Recently,Beauty,38027,53,17872.69,2,Debit Card,3422.01
BF05680,28-03-2024,Connie Thompson,36-45,Male,Deanport,Utah,Event,Toys,14726,23,11339.02,4,Credit Card,623.06
BF05681,10-04-2024,Daniel Gross,46-60,Female,West Denise,Arizona,Wait,Toys,8420,63,3115.4,3,UPI,297.78
BF05682,11-07-2024,Riley Benjamin,26-35,Other,North Justinport,North Carolina,Exactly,Beauty,36705,36,23491.2,3,UPI,2028.38
BF05683,15-04-2024,Theresa Collins,26-35,Male,East Crystalville,Illinois,Draw,Clothing,10272,19,8320.32,4,Gift Card,1190.79
BF05684,29-03-2024,Oscar Phillips,36-45,Other,Lake Bryan,Delaware,Own,Sports,48395,67,15970.35,4,Credit Card,866.47
BF05685,11-05-2024,Tony Cook,26-35,Male,Stephanieberg,Maryland,Mind,Clothing,31704,56,13949.76,2,Cash,3314.02
BF05686,18-04-2024,Austin Mcknight MD,36-45,Male,Fordbury,Maine,Collection,Electronics,41076,14,35325.36,2,Cash,5120.01
BF05687,03-01-2024,Anthony Bailey,36-45,Female,Lake Brittney,New York,Across,Sports,28993,59,11887.13,3,Credit Card,1315.61
BF05688,05-04-2024,Jack Reed,46-60,Female,North Rachael,Florida,Dog,Sports,6212,25,4659,2,UPI,236.28
BF05689,23-09-2024,Steve Hammond,18-25,Male,Lake Samuelfurt,Missouri,Democratic,Sports,8212,47,4352.36,3,Gift Card,247.61
BF05690,26-08-2024,Walter Burns,26-35,Female,North Joshuaberg,Rhode Island,Specific,Electronics,15504,35,10077.6,1,Cash,1528.63
BF05691,13-03-2024,Cindy Becker,36-45,Male,Martinezberg,Kansas,Several,Toys,20145,41,11885.55,1,Credit Card,938.92
BF05692,16-07-2024,Robert Rivera,36-45,Other,South Erictown,Maine,Listen,Electronics,47770,74,12420.2,2,Credit Card,2239.79
BF05693,13-08-2024,Mark Allen,46-60,Male,Port Michelleview,Utah,Realize,Sports,26194,19,21217.14,1,Credit Card,1439.83
BF05694,09-08-2024,John Costa,46-60,Female,North Bradleyside,Tennessee,Eat,Sports,49395,28,35564.4,4,Debit Card,6830.71
BF05695,09-03-2024,Melissa Jones,18-25,Female,East Becky,Missouri,Remember,Beauty,9789,76,2349.36,3,Cash,498.88
BF05696,02-07-2024,Adrian Coleman,26-35,Male,Santosstad,Wisconsin,Prevent,Electronics,29678,63,10980.86,3,Gift Card,1233.71
BF05697,07-01-2024,Edward Montoya,60+,Female,Pinedafurt,Massachusetts,Season,Home Appliances,25491,76,6117.84,2,Cash,717.21
BF05698,23-09-2024,Christina Barnes,26-35,Other,Thomaschester,Georgia,However,Beauty,962,43,548.34,2,Credit Card,129.76
BF05699,01-08-2024,Rebecca Graham,26-35,Male,Henryville,Michigan,Section,Electronics,32871,18,26954.22,2,Gift Card,4559.05
BF05700,30-05-2024,Carrie Johnson,26-35,Male,South Justinborough,New York,Fear,Electronics,45364,19,36744.84,3,Cash,2166.58
BF05701,06-03-2024,Charles Mendez,46-60,Male,Victoriaton,South Carolina,Worker,Home Appliances,30884,13,26869.08,4,Cash,5692.13
BF05702,07-08-2024,Amy Ponce,18-25,Male,Port Jessica,Alabama,Maintain,Home Appliances,10216,67,3371.28,4,Cash,462.66
BF05703,22-12-2023,Patrick Taylor,36-45,Male,West Randy,Tennessee,Now,Sports,29411,23,22646.47,2,UPI,4306.79
BF05704,06-08-2024,Charles Jimenez,46-60,Male,New Rachel,New Jersey,Push,Beauty,47027,42,27275.66,1,Debit Card,5622.35
BF05705,01-11-2023,Laura Hunt,18-25,Male,New Margaret,Kansas,Eye,Clothing,45752,18,37516.64,2,UPI,2856.9
BF05706,04-02-2024,Corey Weber,26-35,Female,Susanchester,New Jersey,Tell,Clothing,46310,63,17134.7,1,Credit Card,1743.64
BF05707,12-01-2024,Kelly Campbell,60+,Female,Douglaston,Pennsylvania,Wind,Sports,44827,39,27344.47,1,UPI,3140.5
BF05708,19-01-2024,Regina Holland,36-45,Other,Perezberg,Pennsylvania,Improve,Electronics,23558,12,20731.04,3,UPI,1260.37
BF05709,06-02-2024,Jason Allen,60+,Female,Port Gloria,Tennessee,Central,Home Appliances,17344,12,15262.72,3,UPI,889.26
BF05710,03-08-2024,Paul Graham,36-45,Male,Christinebury,Kansas,According,Beauty,28122,57,12092.46,2,Debit Card,614.96
BF05711,03-07-2024,Natalie Wright,18-25,Other,North Kennethton,Wyoming,Throughout,Clothing,27712,68,8867.84,3,UPI,2063.76
BF05712,27-05-2024,Gary Jones,36-45,Male,Perezburgh,Washington,Dream,Beauty,17504,18,14353.28,2,Debit Card,3421.56
BF05713,01-09-2024,Jackson Peterson,18-25,Male,North Willieville,West Virginia,Every,Sports,35056,36,22435.84,1,UPI,2245.62
BF05714,07-02-2024,Gina Wood,60+,Other,Andreatown,Florida,Claim,Beauty,39438,53,18535.86,3,Cash,4387.88
BF05715,02-03-2024,Randy Maynard,26-35,Male,New Patty,Nevada,Increase,Beauty,13458,24,10228.08,4,Gift Card,2165.16
BF05716,26-01-2024,Brian Miles,36-45,Male,Jeremyton,Wyoming,Organization,Toys,22917,10,20625.3,2,UPI,3204.42
BF05717,28-06-2024,Thomas Tate,46-60,Male,Port Christopherport,Georgia,Performance,Home Appliances,1345,29,954.95,1,Cash,94.15
BF05718,15-09-2024,Brad Meadows,36-45,Male,North Leslieport,Virginia,Ok,Home Appliances,25801,58,10836.42,1,Cash,1871.8
BF05719,31-07-2024,Lisa Bryant,60+,Female,Lake Megan,Vermont,Husband,Home Appliances,38690,50,19345,4,Gift Card,3144.4
BF05720,02-01-2024,Stephanie Murphy,46-60,Male,Gloriaview,Florida,Wife,Beauty,1365,57,586.95,2,Debit Card,54.19
BF05721,21-04-2024,Theresa Newman,60+,Female,Lake Josephberg,Maryland,If,Sports,11067,25,8300.25,4,Debit Card,1341.2
BF05722,04-04-2024,Alyssa Brown,36-45,Other,Lake Ashley,Idaho,Allow,Electronics,2826,72,791.28,4,Gift Card,87.68
BF05723,18-12-2023,Crystal Hansen,36-45,Female,Westburgh,Alaska,Happy,Beauty,33411,70,10023.3,4,Gift Card,2070.03
BF05724,18-12-2023,Ronald Merritt,60+,Male,Port Barbaraport,Kansas,According,Electronics,6764,28,4870.08,3,Debit Card,790.5
BF05725,29-08-2024,Karen Davis,60+,Other,West Adriana,Wyoming,Government,Sports,46825,55,21071.25,1,Credit Card,5063.85
BF05726,26-05-2024,Nathaniel Herring,36-45,Female,Emilychester,New Mexico,Million,Electronics,29577,79,6211.17,2,Cash,1183.37
BF05727,01-12-2023,Gary Boyle,36-45,Female,South Christopher,North Dakota,Behavior,Electronics,46154,43,26307.78,3,Credit Card,3058.25
BF05728,26-07-2024,Alec Townsend,60+,Male,Lake Hollystad,Illinois,Decade,Electronics,44492,76,10678.08,2,UPI,539.91
BF05729,02-10-2024,Marie Walker,46-60,Male,Lake Richard,Pennsylvania,Far,Beauty,19421,16,16313.64,4,UPI,2212.16
BF05730,15-03-2024,Dale Rowe,36-45,Male,Darlenestad,Kansas,Much,Beauty,33640,16,28257.6,2,Cash,3133.22
BF05731,02-02-2024,Eric Henry,46-60,Other,Taylorton,Michigan,No,Home Appliances,35267,24,26802.92,3,Credit Card,5587.83
BF05732,07-05-2024,Jonathan Reyes,36-45,Female,New Ashleystad,Kansas,Card,Electronics,31456,48,16357.12,3,UPI,2697.83
BF05733,30-12-2023,Michelle Vaughn,18-25,Other,Johnsonberg,Missouri,Compare,Beauty,43666,53,20523.02,2,Cash,3082.47
BF05734,30-06-2024,Rhonda Ibarra,46-60,Male,South Rebecca,Alabama,Huge,Clothing,17392,76,4174.08,1,Cash,450.07
BF05735,19-11-2023,Debra Smith,46-60,Other,Amandaport,Indiana,Who,Beauty,15118,11,13455.02,3,Credit Card,2502.39
BF05736,30-10-2023,Allen Cook,60+,Other,North Elizabethchester,Arizona,Beautiful,Electronics,33904,38,21020.48,4,UPI,4568.74
BF05737,21-12-2023,Randy Nguyen,18-25,Other,Kennethfort,Connecticut,Sort,Beauty,43778,66,14884.52,3,Credit Card,1261.82
BF05738,22-10-2023,Justin Petty,26-35,Male,Howelltown,Ohio,Information,Clothing,27526,40,16515.6,4,UPI,2063.12
BF05739,01-06-2024,Melinda Clark,46-60,Other,South Ashley,Vermont,Civil,Clothing,29382,58,12340.44,1,Gift Card,2632.37
BF05740,06-10-2024,Joseph Mathews,26-35,Other,East Jason,Indiana,Mean,Sports,36674,63,13569.38,2,Gift Card,1005.3
BF05741,28-04-2024,Daniel Porter,26-35,Female,Petersonstad,Nebraska,Side,Beauty,44862,17,37235.46,3,Gift Card,6805.71
BF05742,25-10-2023,Miss Karen Davis,18-25,Other,West John,Michigan,Not,Clothing,40695,70,12208.5,4,Cash,2365.97
BF05743,22-01-2024,Matthew Brown,36-45,Male,West Michaelchester,Nebraska,Sign,Electronics,48417,16,40670.28,4,Gift Card,3257.74
BF05744,08-12-2023,Shawn Gonzalez,18-25,Female,West Dennis,Oregon,Within,Sports,37010,54,17024.6,3,Debit Card,1797.78
BF05745,04-10-2024,Kathleen Harris,60+,Male,Markston,Nevada,Again,Home Appliances,28216,26,20879.84,1,Debit Card,4835.72
BF05746,17-09-2024,Rebecca Wilkerson,26-35,Male,Port Rickyshire,Delaware,Billion,Clothing,8285,58,3479.7,4,UPI,174.5
BF05747,24-07-2024,Mary Smith,46-60,Other,Raystad,Massachusetts,Pattern,Beauty,38102,35,24766.3,4,Cash,6032.31
BF05748,03-12-2023,Jennifer Dean,18-25,Other,Nelsonmouth,Tennessee,Audience,Home Appliances,26332,38,16325.84,4,UPI,1221.25
BF05749,17-09-2024,Deborah Miranda,26-35,Male,North Ashleychester,Virginia,Exactly,Clothing,17115,72,4792.2,1,Credit Card,479.77
BF05750,19-03-2024,Marcus Zavala,46-60,Female,Johnsonshire,Nebraska,Across,Clothing,20522,45,11287.1,2,Debit Card,1543.31
BF05751,02-10-2024,Madison Walker,60+,Other,Port Hannah,Vermont,Late,Home Appliances,36087,64,12991.32,2,Cash,2667.55
BF05752,20-04-2024,Raymond Wilson,36-45,Female,Johnbury,Ohio,Left,Home Appliances,31499,28,22679.28,4,Credit Card,2249.7
BF05753,07-10-2024,Shannon Roach,60+,Other,North Evan,North Dakota,Street,Home Appliances,45345,58,19044.9,1,Gift Card,3717.56
BF05754,03-03-2024,Craig Evans,18-25,Other,North Maryport,New Hampshire,Ground,Electronics,28454,67,9389.82,2,Cash,1366.27
BF05755,20-06-2024,Thomas Stanley,46-60,Other,Stanleyberg,Mississippi,These,Beauty,26298,63,9730.26,1,Cash,1545.49
BF05756,12-07-2024,Zachary Taylor,60+,Male,Lake Raymond,New Hampshire,Quickly,Sports,29561,66,10050.74,1,Gift Card,608.28
BF05757,11-09-2024,Christina Barnes,26-35,Other,New Karenview,Nevada,Beat,Home Appliances,26802,35,17421.3,1,UPI,3669.14
BF05758,05-09-2024,Teresa Santos,26-35,Male,Port Jonathanville,Minnesota,If,Toys,36985,61,14424.15,1,Gift Card,1831.82
BF05759,03-05-2024,Damon Bradshaw,46-60,Other,East Ryanfort,Ohio,Scientist,Home Appliances,522,38,323.64,4,Gift Card,19.99
BF05760,14-07-2024,Jennifer Evans,46-60,Female,Jeffchester,Alaska,Believe,Electronics,2084,27,1521.32,3,Debit Card,307.66
BF05761,10-04-2024,Timothy Massey,60+,Female,Rogerborough,Mississippi,Bed,Toys,37112,67,12246.96,3,Cash,1457.73
BF05762,03-10-2024,Erin Kline,36-45,Female,Port Scottshire,Virginia,Song,Home Appliances,44948,59,18428.68,2,Cash,4181.93
BF05763,07-12-2023,Amy Edwards,46-60,Other,Romerotown,Florida,Suffer,Clothing,34256,45,18840.8,3,UPI,1757.24
BF05764,09-04-2024,Christopher Leon,18-25,Female,New Danielchester,Washington,Understand,Electronics,13034,27,9514.82,1,Cash,1294.3
BF05765,23-07-2024,Edward Dennis,36-45,Male,North Carolynland,South Carolina,In,Sports,40446,77,9302.58,2,Gift Card,1312.45
BF05766,08-06-2024,Jeremy Monroe,60+,Other,Scottberg,Wisconsin,Stage,Clothing,12459,31,8596.71,3,UPI,919.57
BF05767,28-04-2024,Stanley Hayes,46-60,Other,Robinsonhaven,Michigan,Build,Toys,29539,73,7975.53,2,Gift Card,1973.11
BF05768,03-01-2024,Alyssa Richardson,26-35,Male,Lake Patrick,South Carolina,Pressure,Home Appliances,22373,48,11633.96,1,UPI,1456.38
BF05769,21-08-2024,Mary Crawford,26-35,Male,East Amberton,Arizona,Physical,Beauty,30409,10,27368.1,3,Cash,4405.02
BF05770,10-07-2024,Chris Payne,60+,Male,South Curtisside,Idaho,Be,Home Appliances,32532,20,26025.6,2,UPI,1676.7
BF05771,04-06-2024,Teresa Frost,46-60,Other,Heathershire,Indiana,Win,Toys,7688,51,3767.12,1,Cash,812.65
BF05772,08-05-2024,Morgan Chandler,46-60,Male,Eduardoside,South Dakota,Before,Toys,28281,50,14140.5,3,Debit Card,2795.12
BF05773,06-05-2024,Sherri Brooks,26-35,Male,East Andrew,Kansas,Again,Electronics,42926,32,29189.68,2,UPI,1751.51
BF05774,26-12-2023,Shane Martinez,26-35,Female,Glennton,Nebraska,Respond,Clothing,39643,45,21803.65,2,Gift Card,4631.11
BF05775,29-04-2024,Ms. Sabrina Young,18-25,Other,Ashleymouth,Arkansas,Its,Toys,14337,50,7168.5,3,Cash,1020.56
BF05776,05-06-2024,Shawn Huynh,36-45,Male,West Andrew,North Carolina,Data,Beauty,8307,47,4402.71,3,Credit Card,285.16
BF05777,02-10-2024,Natalie Frost,36-45,Other,West Chelsealand,Colorado,Perhaps,Toys,15294,59,6270.54,1,Cash,1489.38
BF05778,16-02-2024,Travis Page,36-45,Other,North Danielle,Massachusetts,Positive,Sports,35586,56,15657.84,3,Gift Card,3491.98
BF05779,30-09-2024,Mary Carter,60+,Female,New Angelabury,New Hampshire,Tell,Toys,45794,61,17859.66,1,Gift Card,939.96
BF05780,10-02-2024,Linda Hartman,36-45,Male,Port Melissa,New Jersey,Subject,Electronics,25844,69,8011.64,4,Debit Card,482.94
BF05781,04-01-2024,Jose Tran,46-60,Male,New Jeffberg,Alabama,Stock,Beauty,42084,10,37875.6,2,Gift Card,2534.25
BF05782,02-03-2024,Jason Stewart,26-35,Other,Matthewberg,Iowa,Pass,Beauty,8007,36,5124.48,3,Debit Card,503.26
BF05783,24-06-2024,Emily Ross,60+,Other,West Donnaport,Vermont,Same,Clothing,32082,29,22778.22,1,Gift Card,2655.09
BF05784,23-08-2024,Dr. Cameron Adams,46-60,Female,Amyport,Louisiana,Need,Toys,29487,59,12089.67,3,Cash,2921.5
BF05785,03-06-2024,Margaret Rogers,18-25,Female,North Karenburgh,Washington,Pass,Home Appliances,19942,43,11366.94,4,Credit Card,1111.31
BF05786,05-07-2024,Christina Park,36-45,Other,South Joseph,New York,Expect,Beauty,10924,20,8739.2,2,Cash,1577.19
BF05787,23-03-2024,Nichole Lopez,26-35,Male,Oliviaville,New Jersey,Light,Electronics,46189,17,38336.87,1,Gift Card,9498.73
BF05788,04-01-2024,Charles Martinez,46-60,Male,Lake Daniel,California,Structure,Sports,12443,61,4852.77,2,Credit Card,766.76
BF05789,12-08-2024,Ryan Nunez,46-60,Female,Boydland,Maine,A,Sports,46062,58,19346.04,3,Credit Card,3806.89
BF05790,25-06-2024,Jerry Bell,60+,Other,Jasonville,Missouri,Wrong,Clothing,39921,25,29940.75,3,Debit Card,4841.47
BF05791,15-02-2024,Luke Montgomery,26-35,Female,Clintonburgh,Washington,East,Home Appliances,32725,56,14399,1,Credit Card,2569.33
BF05792,06-01-2024,Jamie Mathis,60+,Other,Leslieborough,Florida,Student,Electronics,21764,36,13928.96,2,Cash,3142.29
BF05793,17-03-2024,Holly Williams,46-60,Male,Port Natalieborough,Rhode Island,Off,Home Appliances,21725,58,9124.5,4,Gift Card,1459.83
BF05794,01-12-2023,Alan Higgins,26-35,Male,Jessicatown,Alabama,Forget,Home Appliances,26403,21,20858.37,4,Cash,2955.52
BF05795,20-12-2023,Alexis Hopkins,36-45,Female,East Jasonstad,California,Whether,Clothing,39939,28,28756.08,3,Debit Card,6633.31
BF05796,21-09-2024,Heather Black,60+,Male,South Emmaside,Tennessee,Technology,Electronics,44011,27,32128.03,4,Debit Card,5329.49
BF05797,11-09-2024,Kimberly Stewart,46-60,Other,Cobbport,Nebraska,Win,Toys,48158,51,23597.42,2,Cash,5243.6
BF05798,22-11-2023,Elizabeth Knight,46-60,Male,Craigchester,Utah,Record,Beauty,15494,30,10845.8,4,Debit Card,2304.53
BF05799,01-11-2023,Jermaine Mahoney,46-60,Male,Jessicatown,Maine,By,Toys,24016,22,18732.48,1,Credit Card,2793.66
BF05800,12-12-2023,Jim Anderson,60+,Other,West Christine,New Mexico,House,Beauty,27065,43,15427.05,2,Gift Card,1304.05
BF05801,06-05-2024,Charles Johnson,36-45,Other,Rowehaven,Alabama,Water,Clothing,27706,36,17731.84,4,Credit Card,1997.95
BF05802,14-12-2023,Timothy Butler,60+,Female,Ritabury,Vermont,Parent,Home Appliances,15942,76,3826.08,3,UPI,297.91
BF05803,22-12-2023,Christopher Woods,26-35,Male,West Tiffanyburgh,South Carolina,Study,Home Appliances,13004,47,6892.12,3,Gift Card,1454.32
BF05804,20-06-2024,Cheryl Green,18-25,Male,Port Sonya,Maine,Most,Home Appliances,39048,51,19133.52,2,Cash,2506.86
BF05805,31-08-2024,Patricia Malone,60+,Other,West Logan,New Hampshire,College,Home Appliances,18337,18,15036.34,4,UPI,1220.61
BF05806,02-08-2024,Robert Burton,26-35,Female,Hannahshire,New Mexico,Pattern,Electronics,39941,45,21967.55,2,UPI,2827.18
BF05807,01-05-2024,Jerry Potter,18-25,Male,Medinatown,Minnesota,System,Toys,17652,20,14121.6,1,UPI,1425.85
BF05808,11-03-2024,Kimberly Hamilton,18-25,Male,West Stephanie,Massachusetts,Ready,Clothing,9343,32,6353.24,3,Debit Card,1043.43
BF05809,03-12-2023,Maurice Elliott,36-45,Male,New Yvette,Arizona,Author,Electronics,44810,75,11202.5,1,Credit Card,1318.73
BF05810,15-07-2024,David Hart,60+,Female,Tinaport,California,Lot,Sports,47153,26,34893.22,2,UPI,2660.34
BF05811,05-09-2024,Matthew Lang,46-60,Female,Georgestad,Wisconsin,Green,Sports,41237,36,26391.68,3,Credit Card,4262.24
BF05812,12-06-2024,Angela Young,36-45,Female,Oliverborough,Missouri,Any,Home Appliances,16194,38,10040.28,2,Credit Card,817.59
BF05813,07-02-2024,Luis Edwards,18-25,Male,Alvarezborough,Wisconsin,Provide,Electronics,14579,39,8893.19,2,Cash,878.95
BF05814,05-04-2024,James Shields,36-45,Female,West Rickyfurt,Texas,Law,Clothing,41302,49,21064.02,3,UPI,4862.25
BF05815,02-10-2024,Kimberly Patterson,36-45,Male,New Krystal,Wisconsin,Three,Electronics,14511,29,10302.81,4,Debit Card,587.11
BF05816,03-10-2024,Kenneth Carter,46-60,Other,South Mary,Massachusetts,Any,Home Appliances,34659,61,13517.01,2,UPI,2217.5
BF05817,01-03-2024,Steven Davis,46-60,Male,Sanderstown,Utah,Trial,Clothing,13419,43,7648.83,1,Debit Card,452.85
BF05818,26-09-2024,Lisa Maldonado,18-25,Other,New Erin,West Virginia,Charge,Sports,12161,67,4013.13,4,Credit Card,280.23
BF05819,24-08-2024,Katrina Lowery,26-35,Female,Hoganfort,Georgia,Environment,Sports,25104,16,21087.36,1,Cash,2357.87
BF05820,26-02-2024,David Singh,36-45,Female,Lewishaven,New Hampshire,Much,Sports,3437,33,2302.79,1,Credit Card,372.36
BF05821,13-09-2024,Ashley Williams,36-45,Other,North Kaylaland,Louisiana,Record,Home Appliances,20867,24,15858.92,1,Cash,2945.9
BF05822,16-02-2024,Lisa Ramirez,18-25,Male,Lake Carl,Virginia,May,Beauty,31176,70,9352.8,4,Gift Card,1998.58
BF05823,07-01-2024,Scott Taylor,46-60,Female,Lake Rachel,South Dakota,Blood,Toys,36442,35,23687.3,4,Gift Card,3118.01
BF05824,03-10-2024,Mr. Frank Decker MD,18-25,Other,Jessicahaven,West Virginia,Let,Clothing,25162,67,8303.46,1,UPI,1415
BF05825,29-02-2024,Jonathan Casey,18-25,Male,Portertown,Wyoming,Economy,Toys,17732,38,10993.84,3,Credit Card,1108.7
BF05826,07-12-2023,Adrian Hodge,26-35,Female,Isabelside,Nebraska,Foot,Toys,6826,50,3413,3,Cash,548.84
BF05827,11-04-2024,April King,46-60,Female,New Trevorchester,New Mexico,Before,Electronics,12303,29,8735.13,1,Gift Card,1406.28
BF05828,05-05-2024,Laura Mendoza,26-35,Male,Michaelberg,New Jersey,Want,Sports,23133,37,14573.79,4,Debit Card,2844.38
BF05829,27-05-2024,Philip Smith,36-45,Female,New Jasmineside,Tennessee,Law,Clothing,13327,78,2931.94,2,Cash,314.84
BF05830,13-03-2024,Andrew Callahan,26-35,Male,West James,California,Manager,Clothing,1492,70,447.6,4,Debit Card,28.6
BF05831,27-01-2024,Dr. Jeffrey Martin,36-45,Other,Mcguirefort,Nebraska,Society,Toys,15800,27,11534,3,Debit Card,1934.78
BF05832,28-03-2024,Pamela Brown,36-45,Female,West Marcus,Colorado,Couple,Beauty,16716,58,7020.72,1,Gift Card,723.71
BF05833,22-02-2024,Christine Mendoza,36-45,Other,New Kenneth,Colorado,Heart,Clothing,49100,61,19149,3,Debit Card,2650.99
BF05834,20-07-2024,Danielle Evans,60+,Female,Jamesland,Colorado,However,Home Appliances,14947,19,12107.07,3,Cash,1519.34
BF05835,19-09-2024,Christopher Hall,26-35,Male,Andersonstad,California,His,Toys,14646,62,5565.48,3,Credit Card,541.16
BF05836,20-07-2024,Cindy King,46-60,Other,Christianfort,Minnesota,Ok,Sports,34956,72,9787.68,3,Debit Card,881.17
BF05837,13-03-2024,Brandon Massey,60+,Female,South Barbara,Mississippi,Very,Sports,14705,34,9705.3,1,Cash,973.77
BF05838,14-08-2024,Christopher Mclaughlin,36-45,Male,South David,West Virginia,Agent,Sports,9430,53,4432.1,4,Cash,372.15
BF05839,15-07-2024,Cathy Knox,46-60,Male,Norrisstad,Pennsylvania,Bag,Toys,38921,70,11676.3,1,Cash,2228.72
BF05840,18-11-2023,Jody Li,18-25,Female,East Christopherland,Missouri,Recognize,Electronics,48100,13,41847,3,Credit Card,8513.27
BF05841,31-01-2024,Tyler Thomas,46-60,Male,West Antonioville,Arizona,Special,Home Appliances,750,52,360,3,Cash,82.17
BF05842,18-04-2024,Misty Dixon,46-60,Female,Masonview,Mississippi,Chance,Sports,3821,75,955.25,1,Cash,53.42
BF05843,21-12-2023,Jeffery Huang,36-45,Female,Adamfurt,New Hampshire,Voice,Electronics,3632,77,835.36,2,UPI,83.12
BF05844,24-10-2023,Patrick Vazquez,26-35,Male,North Andrewstad,Mississippi,Yet,Toys,28143,13,24484.41,1,Debit Card,1489.34
BF05845,11-07-2024,Kevin Arias,18-25,Female,Ronaldberg,North Dakota,Risk,Clothing,7802,58,3276.84,2,Debit Card,604.97
BF05846,11-09-2024,Kimberly Owen,60+,Female,Brandonmouth,North Dakota,National,Beauty,25523,56,11230.12,3,Credit Card,2278.42
BF05847,21-02-2024,Dylan Fischer,26-35,Female,Juliaview,Rhode Island,Bank,Electronics,42446,11,37776.94,3,Gift Card,6818.85
BF05848,02-06-2024,Angela Rodriguez,46-60,Female,Starktown,Virginia,Strategy,Toys,6824,29,4845.04,1,Cash,383.21
BF05849,02-07-2024,Paula Brown,26-35,Male,Lopezburgh,Virginia,Low,Home Appliances,10046,64,3616.56,3,Debit Card,635.24
BF05850,15-06-2024,Christina Miles,18-25,Female,West Kimberlychester,Alaska,Year,Electronics,34022,37,21433.86,2,Gift Card,2078.44
BF05851,04-02-2024,Janet Torres,60+,Female,Orozcochester,New Hampshire,Town,Beauty,6598,48,3430.96,4,Gift Card,553.33
BF05852,21-07-2024,Abigail Jackson,46-60,Male,Lake Linda,Ohio,Including,Toys,39423,40,23653.8,3,Gift Card,3800.24
BF05853,15-12-2023,John Ingram,36-45,Male,South Jamieburgh,Kansas,Policy,Clothing,31507,16,26465.88,1,Debit Card,5395.7
BF05854,06-12-2023,James Santiago,18-25,Male,East Michael,Washington,Idea,Sports,16486,12,14507.68,3,Cash,3525.31
BF05855,02-11-2023,Kristy Gentry,60+,Female,East Katherine,Washington,Question,Sports,20712,75,5178,3,Credit Card,1219.6
BF05856,07-01-2024,Jocelyn Mccullough,46-60,Female,Darrenville,Wisconsin,Phone,Electronics,17328,18,14208.96,2,UPI,2437.51
BF05857,02-09-2024,Felicia Torres,18-25,Other,Lake Meganstad,Ohio,Suddenly,Sports,37997,32,25837.96,2,UPI,5856.67
BF05858,04-01-2024,Michaela Salazar,36-45,Female,Solisside,Nevada,Sport,Electronics,24902,31,17182.38,2,Credit Card,1700.73
BF05859,24-08-2024,Craig Williamson,60+,Male,West Josephhaven,Utah,Expert,Electronics,35824,59,14687.84,3,Cash,1901.26
BF05860,16-01-2024,Mariah Miller,60+,Male,New John,Tennessee,Produce,Home Appliances,2567,46,1386.18,1,UPI,169.66
BF05861,02-08-2024,Jill Harmon,46-60,Female,North Walter,Massachusetts,End,Beauty,8070,76,1936.8,4,Credit Card,326.34
BF05862,21-04-2024,Johnny Mason,18-25,Female,South Jason,Tennessee,Case,Beauty,7711,20,6168.8,2,Gift Card,318.61
BF05863,15-04-2024,Ashley Cole,18-25,Other,Leetown,Alaska,Rate,Beauty,10973,56,4828.12,4,Debit Card,1176.22
BF05864,19-01-2024,Maria Lee,36-45,Female,Murphymouth,Montana,Skill,Beauty,23865,51,11693.85,1,Gift Card,1233.93
BF05865,13-11-2023,Jacob Holt,26-35,Male,Bridgesside,North Carolina,Center,Electronics,3811,28,2743.92,2,Cash,608.06
BF05866,28-07-2024,Sheena Craig,46-60,Male,Millerview,Oregon,Civil,Clothing,17509,42,10155.22,3,UPI,860.72
BF05867,31-12-2023,Gail Nguyen,36-45,Male,Carlamouth,Kansas,Send,Sports,5042,10,4537.8,1,Credit Card,624.38
BF05868,14-03-2024,Christine Branch,18-25,Female,West Jasonfurt,Montana,Either,Electronics,40961,62,15565.18,3,UPI,1298.77
BF05869,14-03-2024,Lisa Johnson,18-25,Other,Angelaport,Nevada,Dog,Clothing,42009,69,13022.79,4,Cash,2937.61
BF05870,22-07-2024,David Olson,36-45,Other,Kingshire,Maryland,Red,Electronics,2141,27,1562.93,1,Debit Card,138.83
BF05871,28-02-2024,Erin Mosley,60+,Other,Adamchester,South Carolina,Country,Sports,42610,25,31957.5,1,Credit Card,2380.11
BF05872,16-02-2024,Sarah Diaz,26-35,Other,East Elizabeth,Arkansas,Surface,Clothing,7033,21,5556.07,4,Credit Card,517.66
BF05873,22-08-2024,Mrs. Samantha Rogers,60+,Male,Eddieburgh,Ohio,Research,Toys,32844,66,11166.96,2,UPI,647.79
BF05874,18-03-2024,Patrick Barajas Jr.,36-45,Female,Mooreport,Kentucky,Reach,Toys,7980,68,2553.6,2,Cash,607.14
BF05875,18-10-2023,Nicole Pham,18-25,Female,Laurenside,Michigan,Race,Toys,3748,22,2923.44,1,Debit Card,699.68
BF05876,12-01-2024,Sheila Rush,36-45,Other,New Jonathanport,South Dakota,Line,Toys,36607,56,16107.08,4,Gift Card,1967.24
BF05877,07-11-2023,Keith Duke,46-60,Other,North Chase,Tennessee,Beat,Toys,2504,31,1727.76,4,Debit Card,310.38
BF05878,31-10-2023,Kim Johnson,36-45,Other,East Sandra,Indiana,Someone,Beauty,5177,70,1553.1,1,Debit Card,149.06
BF05879,18-08-2024,John Arnold,46-60,Female,Port Chadhaven,Idaho,Purpose,Electronics,18531,16,15566.04,2,Cash,1225.92
BF05880,16-05-2024,Patricia Duncan,18-25,Male,North Alexanderfurt,Texas,Several,Toys,26594,20,21275.2,3,UPI,4873.67
BF05881,26-04-2024,Collin Andrews,36-45,Male,Danielbury,Tennessee,During,Electronics,32091,73,8664.57,3,Credit Card,1197.99
BF05882,18-09-2024,Ryan Cunningham,60+,Other,Oconnorview,Pennsylvania,Tell,Sports,43997,16,36957.48,1,UPI,3839.19
BF05883,05-12-2023,Amber Diaz,26-35,Male,East Renee,New Mexico,Population,Toys,49034,20,39227.2,2,Cash,9578.23
BF05884,27-10-2023,Briana Oliver,46-60,Male,Elizabethland,Illinois,Guess,Clothing,42464,31,29300.16,4,Gift Card,2504.36
BF05885,05-12-2023,Michael Spears,26-35,Other,Oscarport,Oregon,May,Beauty,35773,35,23252.45,1,Cash,2446.63
BF05886,23-11-2023,Arthur Andrews,46-60,Other,New Ericfort,Nevada,Example,Clothing,37808,69,11720.48,2,Credit Card,2515.32
BF05887,24-10-2023,Stephanie Stevens,26-35,Male,Natashabury,Pennsylvania,Drop,Toys,972,11,865.08,1,Cash,55.92
BF05888,31-07-2024,Linda Miranda,46-60,Other,West Alicia,Virginia,Window,Clothing,12975,47,6876.75,1,Cash,473.18
BF05889,13-02-2024,Hayden Franklin,26-35,Female,Port Annbury,North Dakota,Tend,Toys,14968,26,11076.32,2,Credit Card,655.81
BF05890,18-05-2024,Catherine Wagner,36-45,Male,Lake Heather,Maryland,Evening,Electronics,38675,13,33647.25,3,UPI,5224.04
BF05891,25-02-2024,Melissa Page,46-60,Other,Youngland,New Hampshire,Increase,Clothing,4236,27,3092.28,1,UPI,771.58
BF05892,13-04-2024,Michele Colon,60+,Female,Washingtonchester,Kentucky,Area,Home Appliances,49364,23,38010.28,1,Credit Card,4745.74
BF05893,15-06-2024,Holly Escobar,36-45,Other,South Eric,Colorado,Culture,Toys,1506,45,828.3,2,Gift Card,99.75
BF05894,11-06-2024,Hannah Moore,18-25,Other,Lake Danielfort,Oregon,Teach,Home Appliances,47553,68,15216.96,3,Cash,1037.37
BF05895,22-04-2024,Robert Coleman,26-35,Other,Williamberg,Iowa,Away,Beauty,6136,76,1472.64,4,Gift Card,306.27
BF05896,24-12-2023,Jamie Caldwell,26-35,Male,Traceyburgh,South Dakota,Morning,Sports,47525,18,38970.5,3,UPI,6159.51
BF05897,15-07-2024,Julian Welch,26-35,Female,Gravesberg,Montana,Whole,Electronics,12303,25,9227.25,3,Gift Card,2115.26
BF05898,17-09-2024,Molly Murray,36-45,Other,North Emily,Kentucky,Pick,Sports,7639,24,5805.64,4,Debit Card,916.57
BF05899,31-08-2024,Todd Price,60+,Male,Henryview,Illinois,People,Home Appliances,12604,63,4663.48,3,Gift Card,682.86
BF05900,21-04-2024,Jennifer Snyder,18-25,Other,Schultzborough,Oregon,Five,Beauty,43270,52,20769.6,4,UPI,3049.23
BF05901,13-01-2024,Leslie Garcia,26-35,Male,South Christopherfurt,Pennsylvania,Soldier,Electronics,27797,63,10284.89,1,Credit Card,584.65
